# Blender 4.5.2 LTS
# www.blender.org
mtllib house.mtl
o 00_steni
v -30.160055 4.185129 24.657722
v 30.160055 4.185129 24.657722
v -30.160055 4.185125 -24.657722
v 30.160055 4.185125 -24.657722
v -30.160055 45.818039 24.657719
v 30.160055 45.818039 24.657719
v -30.160055 45.818039 -24.657726
v 30.160055 45.818039 -24.657726
v -30.160055 51.023682 24.657719
v 30.160055 51.023682 24.657719
v -30.160055 51.023682 -24.657726
v 30.160055 51.023682 -24.657726
vn -0.0000 -0.0000 1.0000
vn 1.0000 -0.0000 -0.0000
vn -0.0000 -0.0000 -1.0000
vn -1.0000 -0.0000 -0.0000
vt 0.479100 0.403083
vt 0.677291 0.403083
vt 0.677291 0.601626
vt 0.479100 0.601626
vt 0.827993 0.021479
vt 0.985023 0.021479
vt 0.985023 0.178510
vt 0.827993 0.178510
vt 0.328658 0.628300
vt 0.526848 0.628300
vt 0.526848 0.826844
vt 0.328658 0.826844
vt 0.827993 0.198602
vt 0.985023 0.198602
vt 0.985023 0.355633
vt 0.827993 0.355633
vt 0.677291 0.620338
vt 0.479100 0.620338
vt 0.526848 0.846566
vt 0.328658 0.846566
s 0
usemtl Material__2
f 1/1/1 2/2/1 6/3/1 5/4/1
f 2/5/2 4/6/2 8/7/2 6/8/2
f 4/9/3 3/10/3 7/11/3 8/12/3
f 3/13/4 1/14/4 5/15/4 7/16/4
f 5/4/1 6/3/1 10/17/1 9/18/1
f 8/12/3 7/11/3 11/19/3 12/20/3
o 01_stolbi
v -31.719131 4.185125 -25.945755
v -25.219131 4.185125 -25.945755
v -31.719131 4.185125 -19.445755
v -25.219131 4.185125 -19.445755
v -31.719131 45.559669 -25.945759
v -25.219131 45.559669 -25.945759
v -31.719131 45.559673 -19.445759
v -25.219131 45.559673 -19.445759
v -31.719131 4.185129 25.945755
v -25.219131 4.185129 25.945755
v -31.719131 4.185128 19.445755
v -25.219131 4.185128 19.445755
v -31.719131 45.559677 25.945751
v -25.219131 45.559677 25.945751
v -31.719131 45.559673 19.445751
v -25.219131 45.559673 19.445751
v 31.719135 4.185129 25.945755
v 25.219131 4.185129 25.945755
v 31.719135 4.185128 19.445755
v 25.219131 4.185128 19.445755
v 31.719135 45.559677 25.945751
v 25.219131 45.559677 25.945751
v 31.719135 45.559673 19.445751
v 25.219131 45.559673 19.445751
v 31.719135 4.185125 -25.945755
v 25.219131 4.185125 -25.945755
v 31.719135 4.185125 -19.445755
v 25.219131 4.185125 -19.445755
v 31.719135 45.559669 -25.945759
v 25.219131 45.559669 -25.945759
v 31.719135 45.559673 -19.445759
v 25.219131 45.559673 -19.445759
vn -0.0000 -0.0000 -1.0000
vn 1.0000 -0.0000 -0.0000
vn -0.0000 -0.0000 1.0000
vn -1.0000 -0.0000 -0.0000
vt 0.938690 0.693716
vt 0.962248 0.693717
vt 0.962248 0.543766
vt 0.938690 0.543766
vt 0.985805 0.693717
vt 0.985805 0.543766
vt 0.891575 0.693716
vt 0.915133 0.693716
vt 0.915133 0.543766
vt 0.891575 0.543766
vt 0.962248 0.711806
vt 0.962248 0.861757
vt 0.938690 0.861756
vt 0.938691 0.711806
vt 0.985805 0.711807
vt 0.985805 0.861757
vt 0.915133 0.711806
vt 0.915133 0.861756
vt 0.891575 0.861756
vt 0.891575 0.711806
vt 0.613509 0.796731
vt 0.637066 0.796731
vt 0.637066 0.646781
vt 0.613509 0.646781
vt 0.660623 0.796732
vt 0.660623 0.646781
vt 0.566394 0.796731
vt 0.589951 0.796731
vt 0.589951 0.646781
vt 0.566394 0.646781
vt 0.962248 0.375726
vt 0.962248 0.525677
vt 0.938690 0.525676
vt 0.938690 0.375726
vt 0.985805 0.375726
vt 0.985805 0.525677
vt 0.915133 0.375726
vt 0.915133 0.525676
vt 0.891575 0.525676
vt 0.891575 0.375726
s 0
usemtl Material__2
f 17/21/5 18/22/5 14/23/5 13/24/5
f 18/22/6 20/25/6 16/26/6 14/23/6
f 20/27/7 19/28/7 15/29/7 16/30/7
f 19/28/8 17/21/8 13/24/8 15/29/8
f 22/31/7 26/32/7 25/33/7 21/34/7
f 24/35/6 28/36/6 26/32/6 22/31/6
f 23/37/5 27/38/5 28/39/5 24/40/5
f 21/34/8 25/33/8 27/38/8 23/37/8
f 33/41/7 34/42/7 30/43/7 29/44/7
f 34/42/8 36/45/8 32/46/8 30/43/8
f 36/47/5 35/48/5 31/49/5 32/50/5
f 35/48/6 33/41/6 29/44/6 31/49/6
f 38/51/5 42/52/5 41/53/5 37/54/5
f 40/55/8 44/56/8 42/52/8 38/51/8
f 39/57/7 43/58/7 44/59/7 40/60/7
f 37/54/6 41/53/6 43/58/6 39/57/6
o 02_stolby_krisha
v -29.274870 91.165886 -0.156329
v -29.274866 42.658482 -30.358793
v -29.274872 92.419960 -2.804492
v -29.274868 45.627716 -34.408207
v -32.877556 91.165894 -0.156326
v -32.877552 42.658482 -30.358793
v -32.877560 92.419960 -2.804493
v -32.877556 45.627716 -34.408207
v -32.877556 80.510452 -2.603842
v -32.877560 85.026459 -5.519088
v -29.274872 85.026459 -5.519085
v -29.274870 80.510452 -2.603842
v -32.877556 85.640350 -0.271193
v -29.274868 85.640350 -0.271197
v -29.274870 91.165886 0.156321
v -29.274866 42.658489 30.358795
v -29.274872 92.419960 2.804484
v -29.274868 45.627728 34.408211
v -32.877556 91.165894 0.156317
v -32.877552 42.658489 30.358795
v -32.877560 92.419960 2.804486
v -32.877556 45.627728 34.408207
v -32.877556 80.510452 2.603838
v -32.877560 85.026459 5.519081
v -29.274872 85.026459 5.519077
v -29.274870 80.510460 2.603836
v -32.877556 85.640350 0.271187
v -29.274868 85.640350 0.271190
v 29.274868 91.165894 0.156319
v 29.274864 42.658489 30.358799
v 29.274868 92.419968 2.804484
v 29.274864 45.627728 34.408211
v 32.877556 91.165894 0.156314
v 32.877548 42.658489 30.358791
v 32.877563 92.419968 2.804484
v 32.877556 45.627724 34.408207
v 32.877556 80.510452 2.603836
v 32.877556 85.026459 5.519079
v 29.274872 85.026459 5.519077
v 29.274868 80.510460 2.603834
v 32.877556 85.640350 0.271185
v 29.274868 85.640358 0.271187
v 29.274868 91.165894 -0.156329
v 29.274868 42.658482 -30.358795
v 29.274868 92.419968 -2.804492
v 29.274864 45.627712 -34.408207
v 32.877556 91.165894 -0.156324
v 32.877548 42.658478 -30.358795
v 32.877563 92.419968 -2.804493
v 32.877556 45.627712 -34.408207
v 32.877556 80.510452 -2.603842
v 32.877563 85.026459 -5.519089
v 29.274868 85.026459 -5.519085
v 29.274868 80.510460 -2.603842
v 32.877556 85.640350 -0.271191
v 29.274872 85.640350 -0.271195
vn -1.0000 -0.0000 -0.0000
vn -0.0000 -0.0208 0.9998
vn -0.0000 -0.8064 -0.5913
vn -0.0000 0.5913 -0.8064
vn -0.0000 0.9038 0.4280
vn 1.0000 -0.0000 -0.0000
vn -0.0000 -0.5913 0.8064
vn -0.0000 -0.4139 0.9103
vn -0.0000 0.3447 -0.9387
vn -0.0000 -0.0208 -0.9998
vn -0.0000 -0.8064 0.5913
vn -0.0000 0.5913 0.8064
vn -0.0000 0.9038 -0.4280
vn -0.0000 -0.5913 -0.8064
vn -0.0000 -0.4139 -0.9103
vn -0.0000 0.3447 0.9387
vt 0.165244 0.831664
vt 0.164645 0.802827
vt 0.148188 0.813432
vt 0.155206 0.831365
vt 0.255556 0.770926
vt 0.255556 0.751500
vt 0.242123 0.751500
vt 0.242123 0.770926
vt 0.164965 0.607349
vt 0.165001 0.625532
vt 0.177972 0.625532
vt 0.178011 0.607349
vt 0.178328 0.802827
vt 0.164962 0.842274
vt 0.178008 0.842275
vt 0.177728 0.831664
vt 0.196224 0.794517
vt 0.196081 0.625309
vt 0.146893 0.625308
vt 0.146749 0.794516
vt 0.255556 0.730533
vt 0.255556 0.561932
vt 0.242123 0.561932
vt 0.242123 0.730533
vt 0.194785 0.813433
vt 0.187766 0.831366
vt 0.084605 0.813432
vt 0.101062 0.802827
vt 0.101661 0.831664
vt 0.091623 0.831365
vt 0.210332 0.801458
vt 0.223765 0.801458
vt 0.223765 0.820884
vt 0.210332 0.820884
vt 0.114389 0.625532
vt 0.101418 0.625532
vt 0.101382 0.607349
vt 0.114428 0.607349
vt 0.114745 0.802827
vt 0.114426 0.842275
vt 0.101380 0.842274
vt 0.114145 0.831665
vt 0.132641 0.794517
vt 0.132498 0.625309
vt 0.083310 0.625308
vt 0.083166 0.794516
vt 0.210332 0.611890
vt 0.223765 0.611890
vt 0.223765 0.780491
vt 0.210332 0.780491
vt 0.131202 0.813433
vt 0.124184 0.831366
vt 0.038079 0.836206
vt 0.037479 0.807369
vt 0.021022 0.817973
vt 0.028040 0.835907
vt 0.310056 0.780009
vt 0.310056 0.760583
vt 0.296623 0.760583
vt 0.296623 0.780009
vt 0.037799 0.611890
vt 0.037836 0.630073
vt 0.050807 0.630074
vt 0.050845 0.611891
vt 0.051163 0.807369
vt 0.037797 0.846816
vt 0.050843 0.846817
vt 0.050563 0.836206
vt 0.069058 0.799059
vt 0.068915 0.629850
vt 0.019727 0.629849
vt 0.019584 0.799057
vt 0.310056 0.739616
vt 0.310056 0.571016
vt 0.296623 0.571016
vt 0.296623 0.739616
vt 0.067619 0.817974
vt 0.060601 0.835908
vt 0.529684 0.227562
vt 0.546141 0.216958
vt 0.546740 0.245795
vt 0.536702 0.245496
vt 0.269373 0.751500
vt 0.282806 0.751500
vt 0.282806 0.770926
vt 0.269373 0.770926
vt 0.559468 0.039663
vt 0.546497 0.039663
vt 0.546461 0.021479
vt 0.559507 0.021480
vt 0.559824 0.216958
vt 0.559505 0.256406
vt 0.546459 0.256405
vt 0.559224 0.245795
vt 0.577720 0.208648
vt 0.577577 0.039439
vt 0.528389 0.039439
vt 0.528245 0.208647
vt 0.269373 0.561932
vt 0.282806 0.561932
vt 0.282806 0.730533
vt 0.269373 0.730533
vt 0.576281 0.227564
vt 0.569263 0.245497
s 0
usemtl Material__2
f 51/61/9 54/62/9 57/63/9 49/64/9
f 49/65/10 57/66/10 58/67/10 45/68/10
f 50/69/11 52/70/11 48/71/11 46/72/11
f 52/70/12 54/62/12 55/73/12 48/71/12
f 51/61/13 49/74/13 45/75/13 47/76/13
f 48/71/14 55/73/14 56/77/14 46/78/14
f 54/62/9 52/70/9 50/79/9 53/80/9
f 53/81/15 50/82/15 46/83/15 56/84/15
f 55/73/14 58/85/14 56/77/14
f 54/62/9 53/80/9 57/63/9
f 57/66/16 53/81/16 56/84/16 58/67/16
f 54/62/17 51/61/17 47/76/17 55/73/17
f 55/73/14 47/76/14 45/86/14 58/85/14
f 71/87/9 68/88/9 65/89/9 63/90/9
f 72/91/18 71/92/18 63/93/18 59/94/18
f 62/95/19 66/96/19 64/97/19 60/98/19
f 69/99/20 68/88/20 66/96/20 62/95/20
f 59/100/21 63/101/21 65/89/21 61/102/21
f 70/103/14 69/99/14 62/95/14 60/104/14
f 64/105/9 66/96/9 68/88/9 67/106/9
f 60/107/22 64/108/22 67/109/22 70/110/22
f 72/111/14 69/99/14 70/103/14
f 67/106/9 68/88/9 71/87/9
f 70/110/23 67/109/23 71/92/23 72/91/23
f 61/102/24 65/89/24 68/88/24 69/99/24
f 59/112/14 61/102/14 69/99/14 72/111/14
f 79/113/14 82/114/14 85/115/14 77/116/14
f 77/117/18 85/118/18 86/119/18 73/120/18
f 78/121/19 80/122/19 76/123/19 74/124/19
f 80/122/20 82/114/20 83/125/20 76/123/20
f 79/113/21 77/126/21 73/127/21 75/128/21
f 76/123/9 83/125/9 84/129/9 74/130/9
f 82/114/14 80/122/14 78/131/14 81/132/14
f 81/133/22 78/134/22 74/135/22 84/136/22
f 83/125/9 86/137/9 84/129/9
f 82/114/14 81/132/14 85/115/14
f 85/118/23 81/133/23 84/136/23 86/119/23
f 82/114/24 79/113/24 75/128/24 83/125/24
f 83/125/9 75/128/9 73/138/9 86/137/9
f 99/139/14 96/140/14 93/141/14 91/142/14
f 100/143/10 99/144/10 91/145/10 87/146/10
f 90/147/11 94/148/11 92/149/11 88/150/11
f 97/151/12 96/140/12 94/148/12 90/147/12
f 87/152/13 91/153/13 93/141/13 89/154/13
f 98/155/9 97/151/9 90/147/9 88/156/9
f 92/157/14 94/148/14 96/140/14 95/158/14
f 88/159/15 92/160/15 95/161/15 98/162/15
f 100/163/9 97/151/9 98/155/9
f 95/158/14 96/140/14 99/139/14
f 98/162/16 95/161/16 99/144/16 100/143/16
f 89/154/17 93/141/17 96/140/17 97/151/17
f 87/164/9 89/154/9 97/151/9 100/163/9
o 03_krisha
v -30.160055 45.798450 32.425194
v 30.160055 45.798450 32.425190
v -30.160055 85.892975 2.934343
v 30.160055 85.892975 2.934343
v 30.160055 89.439430 2.451611
v -30.160055 45.798443 -32.425201
v 30.160055 45.798443 -32.425198
v 30.160055 85.892975 -2.934355
v -30.160055 85.892975 -2.934355
v 30.160055 89.439423 -2.451625
v -30.160055 89.439423 -2.451625
v -30.160055 89.439423 2.451611
v -30.160055 44.909676 31.216854
v 30.160055 44.909679 31.216850
v -30.160055 44.909668 -31.216862
v 30.160055 44.909672 -31.216858
v -30.160055 53.880817 22.895477
v 30.160055 53.880821 22.895475
v -30.160055 53.880817 -22.895485
v 30.160055 53.880821 -22.895483
vn -0.0000 0.5925 0.8056
vn -0.0000 0.1349 0.9909
vn -0.0000 0.5925 -0.8056
vn -0.0000 0.1349 -0.9909
vn -0.0000 1.0000 -0.0000
vn -0.0000 -0.8056 0.5925
vn -0.0000 -0.8056 -0.5925
vn -0.0000 -0.6801 -0.7332
vn -0.0000 -0.6801 0.7332
vt 0.065732 0.239046
vt 0.065732 0.015940
vt 0.242486 0.015940
vt 0.242486 0.239046
vt 0.255196 0.015940
vt 0.255196 0.239046
vt 0.462071 0.239046
vt 0.285318 0.239046
vt 0.285318 0.015940
vt 0.462071 0.015940
vt 0.272608 0.239046
vt 0.272608 0.015940
vt 0.060405 0.239046
vt 0.060405 0.015940
vt 0.467397 0.015940
vt 0.467397 0.239046
vt 0.017154 0.239046
vt 0.016748 0.015940
vt 0.510851 0.015940
vt 0.510851 0.239046
s 0
usemtl Material__2
f 101/165/25 102/166/25 104/167/25 103/168/25
f 103/168/26 104/167/26 105/169/26 112/170/26
f 106/171/27 109/172/27 108/173/27 107/174/27
f 109/172/28 111/175/28 110/176/28 108/173/28
f 111/175/29 112/170/29 105/169/29 110/176/29
f 102/166/30 101/165/30 113/177/30 114/178/30
f 106/171/31 107/174/31 116/179/31 115/180/31
f 114/178/32 113/177/32 117/181/32 118/182/32
f 115/180/33 116/179/33 120/183/33 119/184/33
o 04_krisha_bok
v 30.160055 87.362099 -0.000007
v -30.160055 87.362099 -0.000007
v -30.160055 45.818043 29.645836
v 30.160055 45.818043 29.645836
v -30.160055 45.818035 -29.645844
v 30.160055 45.818035 -29.645844
vn 1.0000 -0.0000 -0.0000
vn -1.0000 -0.0000 -0.0000
vt 0.242123 0.402975
vt 0.457009 0.402975
vt 0.349566 0.553540
vt 0.596370 0.189519
vt 0.811256 0.189519
vt 0.703813 0.340084
s 0
usemtl Material__2
f 124/185/34 126/186/34 121/187/34
f 125/188/35 123/189/35 122/190/35
o 05_balka_krishi
v -27.330490 87.981201 -1.772989
v -27.330490 65.484276 -1.772989
v -27.330492 87.981201 1.651369
v -27.330492 65.484276 1.651368
v -30.933178 87.981201 -1.772990
v -30.933178 65.484276 -1.772990
v -30.933178 87.981201 1.651368
v -30.933178 65.484276 1.651367
v -30.933178 53.212200 -1.772987
v -30.933178 43.658791 -1.772988
v -30.933178 43.658791 1.651369
v -30.933178 53.212200 1.651371
v -27.330490 53.212204 -1.772986
v -27.330490 43.658794 -1.772987
v -27.330492 43.658794 1.651370
v -27.330492 53.212204 1.651372
vn -1.0000 -0.0000 -0.0000
vn -0.0000 -0.0000 -1.0000
vn -0.0000 -0.0000 1.0000
vt 0.850133 0.847839
vt 0.850133 0.766305
vt 0.862543 0.766305
vt 0.862543 0.847839
vt 0.837076 0.847839
vt 0.837076 0.766305
vt 0.875600 0.766305
vt 0.875600 0.847839
vt 0.598281 0.849782
vt 0.598281 0.815159
vt 0.610691 0.815159
vt 0.610691 0.849782
vt 0.585224 0.849782
vt 0.585224 0.815159
vt 0.623748 0.815159
vt 0.623748 0.849782
s 0
usemtl Material__2
f 131/191/36 132/192/36 134/193/36 133/194/36
f 127/195/37 128/196/37 132/192/37 131/191/37
f 130/197/38 129/198/38 133/194/38 134/193/38
f 135/199/36 136/200/36 137/201/36 138/202/36
f 139/203/37 140/204/37 136/200/37 135/199/37
f 141/205/38 142/206/38 138/202/38 137/201/38
o 06_balka_krishi_1
v -48.540466 79.857590 -2.852961
v -17.273285 79.857590 -2.852961
v -48.540466 79.857590 2.852949
v -17.273285 79.857590 2.852949
v -48.540466 73.656616 -2.852961
v -17.273285 73.656616 -2.852961
v -48.540466 73.656616 2.852950
v -17.273285 73.656616 2.852950
vn -0.0000 1.0000 -0.0000
vn -0.0000 -1.0000 -0.0000
vn -0.0000 -0.0000 -1.0000
vn -0.0000 -0.0000 1.0000
vn -1.0000 -0.0000 -0.0000
vt 0.764410 0.725681
vt 0.764410 0.705001
vt 0.877729 0.705001
vt 0.877729 0.725681
vt 0.764410 0.661848
vt 0.877729 0.661848
vt 0.877729 0.682528
vt 0.764410 0.682527
vt 0.877729 0.748154
vt 0.764410 0.748154
vt 0.382914 0.898012
vt 0.403593 0.898012
vt 0.403593 0.920486
vt 0.382914 0.920486
s 0
usemtl Material__2
f 143/207/39 145/208/39 146/209/39 144/210/39
f 147/211/40 148/212/40 150/213/40 149/214/40
f 143/207/41 144/210/41 148/215/41 147/216/41
f 146/209/42 145/208/42 149/214/42 150/213/42
f 145/217/43 143/218/43 147/219/43 149/220/43
o 07_balka_krishi_2
v -46.115437 73.440765 3.271706
v -43.482670 73.440765 3.271706
v -46.115437 73.440765 -3.271717
v -43.482670 73.440765 -3.271717
v -46.115437 80.267319 3.271705
v -43.482670 80.267319 3.271705
v -46.115437 80.267319 -3.271717
v -43.482670 80.267319 -3.271717
v -43.482670 74.050804 2.636235
v -43.482670 74.050804 -2.636246
v -43.482670 79.657280 -2.636247
v -43.482670 79.657280 2.636235
v -46.115437 74.050804 -2.636246
v -46.115437 74.050804 2.636235
v -46.115437 79.657280 2.636235
v -46.115437 79.657280 -2.636247
vn -0.0000 -1.0000 -0.0000
vn -0.0000 1.0000 -0.0000
vn -0.0000 -0.0000 1.0000
vn -0.0000 -0.0000 -1.0000
vn 1.0000 -0.0000 -0.0000
vn -1.0000 -0.0000 -0.0000
vt 0.242123 0.843901
vt 0.242123 0.836419
vt 0.283125 0.836419
vt 0.283125 0.843901
vt 0.242123 0.820805
vt 0.283125 0.820805
vt 0.283125 0.828287
vt 0.242123 0.828287
vt 0.283125 0.852033
vt 0.242123 0.852033
vt 0.242123 0.530141
vt 0.249765 0.530141
vt 0.249023 0.530853
vt 0.242865 0.530853
vt 0.249765 0.538113
vt 0.249023 0.537400
vt 0.242123 0.538113
vt 0.242865 0.537400
vt 0.774845 0.441185
vt 0.782486 0.441185
vt 0.781744 0.441897
vt 0.775587 0.441897
vt 0.782486 0.449157
vt 0.781744 0.448444
vt 0.774845 0.449157
vt 0.775587 0.448444
s 0
usemtl Material__2
f 151/221/44 153/222/44 154/223/44 152/224/44
f 155/225/45 156/226/45 158/227/45 157/228/45
f 151/221/46 152/224/46 156/229/46 155/230/46
f 154/223/47 153/222/47 157/228/47 158/227/47
f 152/231/48 154/232/48 160/233/48 159/234/48
f 154/232/48 158/235/48 161/236/48 160/233/48
f 158/235/48 156/237/48 162/238/48 161/236/48
f 156/237/48 152/231/48 159/234/48 162/238/48
f 153/239/49 151/240/49 164/241/49 163/242/49
f 151/240/49 155/243/49 165/244/49 164/241/49
f 155/243/49 157/245/49 166/246/49 165/244/49
f 157/245/49 153/239/49 163/242/49 166/246/49
o 08_truba
v 8.707125 103.610199 -3.870083
v 8.707126 103.610199 -11.576740
v 8.707125 65.960396 -3.870080
v 16.413782 65.960396 -3.870080
v 8.707125 65.960396 -11.576737
v 16.413782 65.960396 -11.576737
v 16.413782 103.610199 -3.870083
v 16.413782 103.610199 -11.576740
vn -0.0000 -0.0000 1.0000
vn -0.0000 -0.0000 -1.0000
vn -1.0000 -0.0000 -0.0000
vn -0.0000 1.0000 -0.0000
vn 1.0000 -0.0000 -0.0000
vt 0.848202 0.507433
vt 0.876132 0.507433
vt 0.876132 0.643884
vt 0.848202 0.643884
vt 0.792340 0.507433
vt 0.820271 0.507433
vt 0.820271 0.643884
vt 0.792340 0.643884
vt 0.291349 0.863263
vt 0.311099 0.843513
vt 0.311099 0.883013
vt 0.330849 0.863263
vt 0.764410 0.643884
vt 0.764410 0.507433
s 0
usemtl Material__2
f 169/247/50 170/248/50 173/249/50 167/250/50
f 172/251/51 171/252/51 168/253/51 174/254/51
f 171/252/52 169/247/52 167/250/52 168/253/52
f 167/255/53 173/256/53 168/257/53
f 173/256/53 174/258/53 168/257/53
f 172/251/54 174/254/54 173/259/54 170/260/54
o 09_truba_1
v 8.913314 96.468689 -4.076271
v 16.207592 96.468689 -4.076271
v 8.913314 96.468689 -11.370550
v 16.207592 96.468689 -11.370550
v 7.476853 96.468689 -2.639811
v 17.644054 96.468689 -2.639811
v 7.476853 96.468689 -12.807012
v 17.644054 96.468689 -12.807012
v 7.476853 101.206795 -2.639812
v 17.644054 101.206795 -2.639812
v 7.476853 101.206795 -12.807012
v 17.644054 101.206795 -12.807012
v 8.918538 101.206795 -4.081497
v 16.202370 101.206795 -4.081497
v 8.918538 101.206795 -11.365327
v 16.202370 101.206795 -11.365327
vn -0.0000 -1.0000 -0.0000
vn -0.0000 -0.0000 1.0000
vn 1.0000 -0.0000 -0.0000
vn -0.0000 -0.0000 -1.0000
vn -1.0000 -0.0000 -0.0000
vn -0.0000 1.0000 -0.0000
vt 0.442088 0.901873
vt 0.468524 0.901873
vt 0.473730 0.907079
vt 0.436882 0.907079
vt 0.468524 0.875437
vt 0.473730 0.870231
vt 0.442088 0.875437
vt 0.436882 0.870231
vt 0.293111 0.920721
vt 0.329959 0.920721
vt 0.329959 0.937893
vt 0.293111 0.937893
vt 0.366808 0.920721
vt 0.366808 0.937893
vt 0.219415 0.920721
vt 0.256263 0.920721
vt 0.256263 0.937893
vt 0.219415 0.937893
vt 0.491381 0.870231
vt 0.528229 0.870231
vt 0.523004 0.875456
vt 0.496606 0.875456
vt 0.528229 0.907079
vt 0.523004 0.901855
vt 0.491381 0.907079
vt 0.496606 0.901855
s 0
usemtl Material__2
f 175/261/55 176/262/55 180/263/55 179/264/55
f 176/262/55 178/265/55 182/266/55 180/263/55
f 178/265/55 177/267/55 181/268/55 182/266/55
f 177/267/55 175/261/55 179/264/55 181/268/55
f 179/269/56 180/270/56 184/271/56 183/272/56
f 180/270/57 182/273/57 186/274/57 184/271/57
f 182/275/58 181/276/58 185/277/58 186/278/58
f 181/276/59 179/269/59 183/272/59 185/277/59
f 183/279/60 184/280/60 188/281/60 187/282/60
f 184/280/60 186/283/60 190/284/60 188/281/60
f 186/283/60 185/285/60 189/286/60 190/284/60
f 185/285/60 183/279/60 187/282/60 189/286/60
o 10_palka_pod_krishej
v -23.170183 42.225605 27.022938
v -23.170185 45.194836 31.072353
v -25.467808 42.225605 27.022938
v -25.467810 45.194839 31.072351
v -25.467812 59.371262 20.677488
v -25.467810 55.845474 17.036169
v -23.170185 55.845474 17.036169
v -23.170187 59.371265 20.677490
v -13.283922 42.225601 27.022942
v -13.283922 45.194836 31.072359
v -15.581547 42.225601 27.022942
v -15.581548 45.194836 31.072357
v -15.581550 59.371265 20.677492
v -15.581548 55.845470 17.036173
v -13.283923 55.845474 17.036173
v -13.283924 59.371265 20.677492
v -3.397661 42.225601 27.022940
v -3.397661 45.194836 31.072355
v -5.695286 42.225605 27.022938
v -5.695288 45.194836 31.072353
v -5.695290 59.371265 20.677490
v -5.695288 55.845474 17.036169
v -3.397663 55.845474 17.036169
v -3.397665 59.371265 20.677490
v 6.488598 42.225601 27.022938
v 6.488594 45.194836 31.072355
v 4.190973 42.225605 27.022938
v 4.190971 45.194836 31.072353
v 4.190969 59.371265 20.677488
v 4.190971 55.845474 17.036169
v 6.488598 55.845474 17.036169
v 6.488594 59.371265 20.677490
v 16.374863 42.225605 27.022942
v 16.374859 45.194836 31.072357
v 14.077236 42.225605 27.022940
v 14.077232 45.194839 31.072355
v 14.077232 59.371265 20.677492
v 14.077236 55.845474 17.036171
v 16.374863 55.845474 17.036173
v 16.374859 59.371265 20.677492
v 26.261116 42.225601 27.022942
v 26.261112 45.194836 31.072357
v 23.963490 42.225605 27.022940
v 23.963486 45.194836 31.072355
v 23.963486 59.371265 20.677490
v 23.963490 55.845474 17.036171
v 26.261116 55.845474 17.036173
v 26.261112 59.371265 20.677492
v -23.170183 42.225597 -27.022943
v -23.170185 45.194828 -31.072359
v -25.467808 42.225597 -27.022940
v -25.467810 45.194832 -31.072355
v -25.467812 59.371262 -20.677492
v -25.467810 55.845470 -17.036173
v -23.170185 55.845474 -17.036173
v -23.170187 59.371262 -20.677500
v -13.283922 42.225590 -27.022947
v -13.283922 45.194828 -31.072363
v -15.581547 42.225597 -27.022943
v -15.581548 45.194828 -31.072359
v -15.581550 59.371262 -20.677496
v -15.581547 55.845474 -17.036177
v -13.283922 55.845474 -17.036177
v -13.283924 59.371262 -20.677496
v -3.397663 42.225597 -27.022943
v -3.397661 45.194828 -31.072359
v -5.695288 42.225597 -27.022943
v -5.695288 45.194828 -31.072363
v -5.695290 59.371265 -20.677496
v -5.695288 55.845474 -17.036177
v -3.397663 55.845474 -17.036173
v -3.397665 59.371265 -20.677492
v 6.488598 42.225590 -27.022947
v 6.488594 45.194832 -31.072359
v 4.190971 42.225597 -27.022940
v 4.190971 45.194828 -31.072359
v 4.190969 59.371265 -20.677492
v 4.190971 55.845474 -17.036177
v 6.488598 55.845474 -17.036177
v 6.488598 59.371262 -20.677496
v 16.374863 42.225594 -27.022947
v 16.374859 45.194828 -31.072363
v 14.077236 42.225597 -27.022947
v 14.077232 45.194832 -31.072363
v 14.077236 59.371265 -20.677496
v 14.077236 55.845474 -17.036177
v 16.374863 55.845474 -17.036177
v 16.374863 59.371265 -20.677500
v 26.261116 42.225590 -27.022947
v 26.261112 45.194828 -31.072359
v 23.963490 42.225597 -27.022943
v 23.963486 45.194828 -31.072355
v 23.963490 59.371265 -20.677496
v 23.963490 55.845470 -17.036177
v 26.261116 55.845474 -17.036177
v 26.261116 59.371265 -20.677500
vn -0.0000 -0.8064 0.5913
vn 1.0000 -0.0000 -0.0000
vn -1.0000 -0.0000 -0.0000
vn -0.0000 -0.5913 -0.8064
vn -0.0000 -0.8064 -0.5913
vn -0.0000 -0.5913 0.8064
vt 0.713696 0.525599
vt 0.713696 0.543798
vt 0.705369 0.543798
vt 0.705369 0.525599
vt 0.628193 0.925262
vt 0.628193 0.986471
vt 0.609995 0.988973
vt 0.609995 0.925262
vt 0.636521 0.986471
vt 0.636521 0.925262
vt 0.654719 0.925262
vt 0.654719 0.988972
vt 0.713696 0.698181
vt 0.713696 0.716379
vt 0.705369 0.716379
vt 0.705369 0.698181
vt 0.691776 0.925262
vt 0.691776 0.986471
vt 0.673578 0.988973
vt 0.673577 0.925262
vt 0.700103 0.986471
vt 0.700103 0.925262
vt 0.718302 0.925262
vt 0.718302 0.988972
vt 0.713696 0.661848
vt 0.713696 0.680046
vt 0.705369 0.680046
vt 0.705369 0.661848
vt 0.501028 0.925262
vt 0.501028 0.986471
vt 0.482829 0.988973
vt 0.482829 0.925262
vt 0.509355 0.986471
vt 0.509355 0.925262
vt 0.527553 0.925262
vt 0.527554 0.988973
vt 0.713696 0.489266
vt 0.713696 0.507465
vt 0.705369 0.507465
vt 0.705369 0.489266
vt 0.564611 0.925262
vt 0.564611 0.986471
vt 0.546412 0.988973
vt 0.546412 0.925262
vt 0.572938 0.986471
vt 0.572938 0.925262
vt 0.591136 0.925262
vt 0.591136 0.988973
vt 0.713696 0.452933
vt 0.713696 0.471132
vt 0.705369 0.471132
vt 0.705369 0.452933
vt 0.437445 0.925262
vt 0.437445 0.986471
vt 0.419247 0.988973
vt 0.419247 0.925262
vt 0.445772 0.986471
vt 0.445772 0.925262
vt 0.463971 0.925262
vt 0.463971 0.988973
vt 0.713696 0.416600
vt 0.713696 0.434799
vt 0.705369 0.434799
vt 0.705369 0.416600
vt 0.755359 0.925262
vt 0.755359 0.986471
vt 0.737160 0.988973
vt 0.737160 0.925262
vt 0.763686 0.986471
vt 0.763686 0.925262
vt 0.781884 0.925262
vt 0.781885 0.988972
s 0
usemtl Material__2
f 191/287/61 192/288/61 194/289/61 193/290/61
f 191/291/62 197/292/62 198/293/62 192/294/62
f 196/295/63 193/296/63 194/297/63 195/298/63
f 197/292/64 191/291/64 193/296/64 196/295/64
f 199/299/61 200/300/61 202/301/61 201/302/61
f 199/303/62 205/304/62 206/305/62 200/306/62
f 204/307/63 201/308/63 202/309/63 203/310/63
f 205/304/64 199/303/64 201/308/64 204/307/64
f 207/311/61 208/312/61 210/313/61 209/314/61
f 207/315/62 213/316/62 214/317/62 208/318/62
f 212/319/63 209/320/63 210/321/63 211/322/63
f 213/316/64 207/315/64 209/320/64 212/319/64
f 215/323/61 216/324/61 218/325/61 217/326/61
f 215/327/62 221/328/62 222/329/62 216/330/62
f 220/331/63 217/332/63 218/333/63 219/334/63
f 221/328/64 215/327/64 217/332/64 220/331/64
f 223/335/61 224/336/61 226/337/61 225/338/61
f 223/339/62 229/340/62 230/341/62 224/342/62
f 228/343/63 225/344/63 226/345/63 227/346/63
f 229/340/64 223/339/64 225/344/64 228/343/64
f 231/347/61 232/348/61 234/349/61 233/350/61
f 231/351/62 237/352/62 238/353/62 232/354/62
f 236/355/63 233/356/63 234/357/63 235/358/63
f 237/352/64 231/351/64 233/356/64 236/355/64
f 239/287/65 241/290/65 242/289/65 240/288/65
f 239/291/62 240/294/62 246/293/62 245/292/62
f 244/295/63 243/298/63 242/297/63 241/296/63
f 245/292/66 244/295/66 241/296/66 239/291/66
f 247/299/65 249/302/65 250/301/65 248/300/65
f 247/303/62 248/306/62 254/305/62 253/304/62
f 252/307/63 251/310/63 250/309/63 249/308/63
f 253/304/66 252/307/66 249/308/66 247/303/66
f 255/311/65 257/314/65 258/313/65 256/312/65
f 255/315/62 256/318/62 262/317/62 261/316/62
f 260/319/63 259/322/63 258/321/63 257/320/63
f 261/316/66 260/319/66 257/320/66 255/315/66
f 263/323/65 265/326/65 266/325/65 264/324/65
f 263/327/62 264/330/62 270/329/62 269/328/62
f 268/331/63 267/334/63 266/333/63 265/332/63
f 269/328/66 268/331/66 265/332/66 263/327/66
f 271/335/65 273/338/65 274/337/65 272/336/65
f 271/339/62 272/342/62 278/341/62 277/340/62
f 276/343/63 275/346/63 274/345/63 273/344/63
f 277/340/66 276/343/66 273/344/66 271/339/66
f 279/347/65 281/350/65 282/349/65 280/348/65
f 279/351/62 280/354/62 286/353/62 285/352/62
f 284/355/63 283/358/63 282/357/63 281/356/63
f 285/352/66 284/355/66 281/356/66 279/351/66
o 11_okno_krugloe
v -29.627136 66.976540 -0.000005
v -29.627136 66.393082 -2.933232
v -29.627136 64.731544 -5.419902
v -29.627136 62.244873 -7.081441
v -29.627136 59.311646 -7.664895
v -29.627136 56.378418 -7.081440
v -29.627136 53.891750 -5.419901
v -29.627136 52.230209 -2.933231
v -29.627136 51.646755 -0.000005
v -29.627136 52.230209 2.933221
v -29.627136 53.891747 5.419891
v -29.627136 56.378418 7.081432
v -29.627136 59.311646 7.664886
v -29.627136 62.244873 7.081431
v -29.627136 64.731544 5.419890
v -29.627136 66.393082 2.933218
v -32.199413 66.976540 -0.000005
v -32.199413 66.393082 -2.933232
v -32.199413 64.731544 -5.419902
v -32.199413 62.244873 -7.081441
v -32.199413 59.311646 -7.664895
v -32.199413 56.378418 -7.081440
v -32.199413 53.891750 -5.419901
v -32.199413 52.230209 -2.933231
v -32.199413 51.646755 -0.000005
v -32.199413 52.230209 2.933221
v -32.199413 53.891747 5.419891
v -32.199413 56.378418 7.081432
v -32.199413 59.311646 7.664886
v -32.199413 62.244873 7.081431
v -32.199413 64.731544 5.419890
v -32.199413 66.393082 2.933218
v -32.199413 64.547348 -0.000005
v -32.199413 64.148804 -2.003623
v -32.199413 63.013847 -3.702208
v -32.199413 61.315262 -4.837166
v -32.199413 59.311646 -5.235709
v -32.199413 57.308029 -4.837165
v -32.199413 55.609444 -3.702207
v -32.199413 54.474483 -2.003622
v -32.199413 54.075939 -0.000005
v -32.199413 54.474483 2.003613
v -32.199413 55.609440 3.702198
v -32.199413 57.308025 4.837157
v -32.199413 59.311646 5.235701
v -32.199413 61.315266 4.837156
v -32.199413 63.013851 3.702196
v -32.199413 64.148804 2.003610
v -29.282986 64.547348 -0.000005
v -29.282986 64.148804 -2.003623
v -29.282986 63.013847 -3.702208
v -29.282986 61.315262 -4.837166
v -29.282986 59.311646 -5.235709
v -29.282986 57.308029 -4.837165
v -29.282986 55.609444 -3.702207
v -29.282986 54.474483 -2.003622
v -29.282986 54.075939 -0.000005
v -29.282986 54.474483 2.003612
v -29.282986 55.609440 3.702198
v -29.282986 57.308025 4.837157
v -29.282986 59.311646 5.235701
v -29.282986 61.315262 4.837156
v -29.282986 63.013847 3.702196
v -29.282986 64.148804 2.003610
vn -0.0000 0.9808 -0.1951
vn -0.0000 0.8315 -0.5556
vn -0.0000 0.5556 -0.8315
vn -0.0000 0.1951 -0.9808
vn -0.0000 -0.1951 -0.9808
vn -0.0000 -0.5556 -0.8315
vn -0.0000 -0.8315 -0.5556
vn -0.0000 -0.9808 -0.1951
vn -0.0000 -0.9808 0.1951
vn -0.0000 -0.8315 0.5556
vn -0.0000 -0.5556 0.8315
vn -0.0000 -0.1951 0.9808
vn -0.0000 0.1951 0.9808
vn -0.0000 0.5556 0.8315
vn -0.0000 0.8315 0.5556
vn -0.0000 0.9808 0.1951
vn -1.0000 -0.0000 -0.0000
vt 0.541870 0.765920
vt 0.541885 0.755062
vt 0.551207 0.755093
vt 0.551193 0.765912
vt 0.541944 0.744205
vt 0.551266 0.744272
vt 0.542045 0.733350
vt 0.551367 0.733450
vt 0.542179 0.722499
vt 0.551500 0.722624
vt 0.542338 0.711652
vt 0.551660 0.711795
vt 0.542515 0.700809
vt 0.551836 0.700963
vt 0.542699 0.689969
vt 0.552020 0.690128
vt 0.542886 0.679131
vt 0.552207 0.679291
vt 0.543024 0.852706
vt 0.542821 0.841869
vt 0.552142 0.841695
vt 0.552345 0.852532
vt 0.542620 0.831029
vt 0.551940 0.830861
vt 0.542426 0.820186
vt 0.551748 0.820029
vt 0.542250 0.809340
vt 0.551571 0.809200
vt 0.542098 0.798489
vt 0.551420 0.798375
vt 0.541980 0.787635
vt 0.551302 0.787552
vt 0.541903 0.776778
vt 0.551225 0.776732
vt 0.719523 0.644741
vt 0.708892 0.642626
vt 0.712262 0.634492
vt 0.719523 0.635937
vt 0.699880 0.636604
vt 0.706106 0.630379
vt 0.693859 0.627592
vt 0.701992 0.624223
vt 0.691744 0.616961
vt 0.700548 0.616961
vt 0.693859 0.606331
vt 0.701992 0.609700
vt 0.699880 0.597318
vt 0.706106 0.603544
vt 0.708892 0.591297
vt 0.712262 0.599430
vt 0.719523 0.589182
vt 0.719523 0.597986
vt 0.730154 0.591297
vt 0.726785 0.599430
vt 0.739166 0.597318
vt 0.732941 0.603544
vt 0.745188 0.606331
vt 0.737054 0.609700
vt 0.747303 0.616961
vt 0.738499 0.616961
vt 0.745188 0.627592
vt 0.737054 0.624223
vt 0.739166 0.636604
vt 0.732941 0.630379
vt 0.730154 0.642626
vt 0.726785 0.634492
vt 0.416773 0.598805
vt 0.416545 0.591404
vt 0.427110 0.591081
vt 0.427337 0.598481
vt 0.416318 0.584001
vt 0.426883 0.583683
vt 0.416096 0.576596
vt 0.426661 0.576287
vt 0.415881 0.569188
vt 0.426446 0.568894
vt 0.415679 0.561776
vt 0.426245 0.561503
vt 0.415494 0.554362
vt 0.426061 0.554115
vt 0.415330 0.546944
vt 0.425898 0.546728
vt 0.415189 0.539526
vt 0.425757 0.539342
vt 0.415071 0.532107
vt 0.425640 0.531955
vt 0.414977 0.524689
vt 0.425546 0.524567
vt 0.414903 0.517272
vt 0.425472 0.517177
vt 0.414846 0.509858
vt 0.425416 0.509783
vt 0.414803 0.502446
vt 0.425372 0.502387
vt 0.414767 0.495038
vt 0.425337 0.494988
vt 0.414736 0.487632
vt 0.425305 0.487586
vt 0.414705 0.480228
vt 0.425275 0.480183
s 0
usemtl Material__2
f 287/359/67 288/360/67 304/361/67 303/362/67
f 288/360/68 289/363/68 305/364/68 304/361/68
f 289/363/69 290/365/69 306/366/69 305/364/69
f 290/365/70 291/367/70 307/368/70 306/366/70
f 291/367/71 292/369/71 308/370/71 307/368/71
f 292/369/72 293/371/72 309/372/72 308/370/72
f 293/371/73 294/373/73 310/374/73 309/372/73
f 294/373/74 295/375/74 311/376/74 310/374/74
f 295/377/75 296/378/75 312/379/75 311/380/75
f 296/378/76 297/381/76 313/382/76 312/379/76
f 297/381/77 298/383/77 314/384/77 313/382/77
f 298/383/78 299/385/78 315/386/78 314/384/78
f 299/385/79 300/387/79 316/388/79 315/386/79
f 300/387/80 301/389/80 317/390/80 316/388/80
f 301/389/81 302/391/81 318/392/81 317/390/81
f 302/391/82 287/359/82 303/362/82 318/392/82
f 303/393/83 304/394/83 320/395/83 319/396/83
f 304/394/83 305/397/83 321/398/83 320/395/83
f 305/397/83 306/399/83 322/400/83 321/398/83
f 306/399/83 307/401/83 323/402/83 322/400/83
f 307/401/83 308/403/83 324/404/83 323/402/83
f 308/403/83 309/405/83 325/406/83 324/404/83
f 309/405/83 310/407/83 326/408/83 325/406/83
f 310/407/83 311/409/83 327/410/83 326/408/83
f 311/409/83 312/411/83 328/412/83 327/410/83
f 312/411/83 313/413/83 329/414/83 328/412/83
f 313/413/83 314/415/83 330/416/83 329/414/83
f 314/415/83 315/417/83 331/418/83 330/416/83
f 315/417/83 316/419/83 332/420/83 331/418/83
f 316/419/83 317/421/83 333/422/83 332/420/83
f 317/421/83 318/423/83 334/424/83 333/422/83
f 318/423/83 303/393/83 319/396/83 334/424/83
f 319/425/75 320/426/75 336/427/75 335/428/75
f 320/426/76 321/429/76 337/430/76 336/427/76
f 321/429/77 322/431/77 338/432/77 337/430/77
f 322/431/78 323/433/78 339/434/78 338/432/78
f 323/433/79 324/435/79 340/436/79 339/434/79
f 324/435/80 325/437/80 341/438/80 340/436/80
f 325/437/81 326/439/81 342/440/81 341/438/81
f 326/439/82 327/441/82 343/442/82 342/440/82
f 327/441/67 328/443/67 344/444/67 343/442/67
f 328/443/68 329/445/68 345/446/68 344/444/68
f 329/445/69 330/447/69 346/448/69 345/446/69
f 330/447/70 331/449/70 347/450/70 346/448/70
f 331/449/71 332/451/71 348/452/71 347/450/71
f 332/451/72 333/453/72 349/454/72 348/452/72
f 333/453/73 334/455/73 350/456/73 349/454/73
f 334/455/74 319/457/74 335/458/74 350/456/74
o 12_okno_krugloe_palka_1
v -30.481714 53.505333 0.465067
v -30.481714 53.505333 -0.733441
v -31.000683 53.505333 -0.433814
v -31.000683 53.505333 0.165440
v -30.481714 65.117958 0.465066
v -30.481714 65.117958 -0.733442
v -31.000683 65.117958 -0.433815
v -31.000683 65.117958 0.165439
vn -0.5000 -0.0000 -0.8660
vn -1.0000 -0.0000 -0.0000
vn -0.5000 -0.0000 0.8660
vt 0.596370 0.230394
vt 0.600273 0.230394
vt 0.600273 0.253812
vt 0.596370 0.253812
vt 0.604176 0.230394
vt 0.604176 0.253812
vt 0.608079 0.230394
vt 0.608079 0.253812
s 0
usemtl Material__2
f 352/459/84 353/460/84 357/461/84 356/462/84
f 353/460/85 354/463/85 358/464/85 357/461/85
f 354/463/86 351/465/86 355/466/86 358/464/86
o 13_okno_krugloe_palka_2
v -30.481714 58.712391 -5.940499
v -30.481714 59.910900 -5.940499
v -31.000683 59.611271 -5.940499
v -31.000683 59.012016 -5.940499
v -30.481716 58.712391 5.672125
v -30.481716 59.910896 5.672125
v -31.000685 59.611271 5.672125
v -31.000685 59.012016 5.672125
vn -0.5000 0.8660 -0.0000
vn -1.0000 -0.0000 -0.0000
vn -0.5000 -0.8660 -0.0000
vt 0.210332 0.838971
vt 0.214235 0.838971
vt 0.214235 0.862390
vt 0.210332 0.862390
vt 0.218138 0.838971
vt 0.218138 0.862390
vt 0.222041 0.838971
vt 0.222041 0.862390
s 0
usemtl Material__2
f 360/467/87 361/468/87 365/469/87 364/470/87
f 361/468/88 362/471/88 366/472/88 365/469/88
f 362/471/89 359/473/89 363/474/89 366/472/89
o 14_balki_goriz
v -29.274864 42.755726 -26.783836
v -29.274872 42.755733 26.662220
v -29.274864 47.777088 -26.783836
v -29.274872 47.777096 26.662220
v -32.877552 42.755726 -26.783834
v -32.877560 42.755733 26.662222
v -32.877552 47.777088 -26.783834
v -32.877560 47.777096 26.662222
v 29.274864 42.755726 -26.783836
v 29.274872 42.755733 26.662220
v 29.274864 47.777092 -26.783836
v 29.274872 47.777100 26.662220
v 32.877556 42.755726 -26.783834
v 32.877556 42.755733 26.662222
v 32.877556 47.777092 -26.783834
v 32.877556 47.777100 26.662222
v 27.330490 33.223747 -24.765388
v 27.330494 33.223747 24.643776
v 27.330486 36.648102 -24.765388
v 27.330494 36.648102 24.643776
v 30.933174 33.223743 -24.765387
v 30.933182 33.223743 24.643778
v 30.933182 36.648102 -24.765387
v 30.933189 36.648102 24.643778
v -27.330488 33.223740 -24.765387
v -27.330498 33.223740 24.643778
v -27.330490 36.648098 -24.765387
v -27.330498 36.648098 24.643778
v -30.933176 33.223740 -24.765387
v -30.933184 33.223740 24.643778
v -30.933176 36.648098 -24.765387
v -30.933186 36.648098 24.643778
v 27.322155 8.225386 -24.765387
v 27.322163 8.225389 24.643778
v 27.322151 11.649740 -24.765387
v 27.322159 11.649744 24.643778
v 30.924835 8.225382 -24.765385
v 30.924843 8.225386 24.643780
v 30.924835 11.649740 -24.765385
v 30.924850 11.649744 24.643780
vn -1.0000 -0.0000 -0.0000
vn -0.0000 -1.0000 -0.0000
vn -0.0000 -0.0000 1.0000
vn -0.0000 1.0000 -0.0000
vn -0.0000 -0.0000 -1.0000
vn 1.0000 -0.0000 -0.0000
vt 0.604885 0.034536
vt 0.798585 0.034536
vt 0.798585 0.052735
vt 0.604885 0.052735
vt 0.604885 0.021479
vt 0.798585 0.021479
vt 0.811642 0.034536
vt 0.811641 0.052735
vt 0.798585 0.065792
vt 0.604885 0.065792
vt 0.591828 0.052735
vt 0.591828 0.034536
vt 0.259722 0.356991
vt 0.259722 0.375190
vt 0.453421 0.375190
vt 0.453421 0.356991
vt 0.259722 0.343934
vt 0.453421 0.343934
vt 0.466478 0.356991
vt 0.466478 0.375190
vt 0.453421 0.388247
vt 0.259722 0.388247
vt 0.246665 0.375190
vt 0.246665 0.356991
vt 0.019584 0.911069
vt 0.019584 0.923480
vt 0.198653 0.923480
vt 0.198653 0.911069
vt 0.019584 0.898012
vt 0.198653 0.898012
vt 0.198653 0.936537
vt 0.019584 0.936537
vt 0.219415 0.965569
vt 0.398484 0.965568
vt 0.398484 0.977979
vt 0.219415 0.977979
vt 0.219415 0.952512
vt 0.398484 0.952512
vt 0.398484 0.991036
vt 0.219415 0.991036
vt 0.198676 0.977979
vt 0.198665 0.965569
vt 0.019596 0.965735
vt 0.019607 0.978146
vt 0.198688 0.991037
vt 0.019619 0.991202
vt 0.019584 0.952678
vt 0.198653 0.952512
s 0
usemtl Material__2
f 371/475/90 372/476/90 374/477/90 373/478/90
f 367/479/91 368/480/91 372/476/91 371/475/91
f 368/481/92 370/482/92 374/477/92 372/476/92
f 370/483/93 369/484/93 373/478/93 374/477/93
f 369/485/94 367/486/94 371/475/94 373/478/94
f 379/487/95 381/488/95 382/489/95 380/490/95
f 375/491/91 379/487/91 380/490/91 376/492/91
f 376/493/92 380/490/92 382/489/92 378/494/92
f 378/495/93 382/489/93 381/488/93 377/496/93
f 377/497/94 381/488/94 379/487/94 375/498/94
f 387/499/95 389/500/95 390/501/95 388/502/95
f 383/503/91 387/499/91 388/502/91 384/504/91
f 386/505/93 390/501/93 389/500/93 385/506/93
f 395/507/90 396/508/90 398/509/90 397/510/90
f 391/511/91 392/512/91 396/508/91 395/507/91
f 394/513/93 393/514/93 397/510/93 398/509/93
f 403/515/95 405/516/95 406/517/95 404/518/95
f 399/519/91 403/515/91 404/518/91 400/520/91
f 402/521/93 406/517/93 405/516/93 401/522/93
o 15_balki_goriz_2
v -29.730352 33.223743 21.663420
v 29.608732 33.223743 21.663424
v -29.730352 36.648098 21.663424
v 29.608732 36.648098 21.663427
v -29.730354 33.223743 25.266108
v 29.608730 33.223743 25.266111
v -29.730354 36.648102 25.266108
v 29.608730 36.648102 25.266115
v -29.730352 33.223747 -21.663424
v 29.608732 33.223747 -21.663427
v -29.730352 36.648102 -21.663427
v 29.608732 36.648102 -21.663431
v -29.730354 33.223740 -25.266111
v 29.608730 33.223740 -25.266115
v -29.730354 36.648098 -25.266111
v 29.608730 36.648098 -25.266119
v -29.298782 8.254580 -21.663425
v 29.177164 8.254580 -21.663429
v -29.298782 11.678938 -21.663429
v 29.177164 11.678938 -21.663433
v -29.298784 8.254580 -25.266113
v 29.177162 8.254580 -25.266121
v -29.298784 11.678936 -25.266113
v 29.177162 11.678936 -25.266121
v -29.298782 8.254583 21.663422
v 29.177164 8.254583 21.663427
v -29.298782 11.678942 21.663422
v 29.177164 11.678942 21.663429
v -29.298784 8.254583 25.266109
v 29.177162 8.254583 25.266115
v -29.298784 11.678942 25.266109
v 29.177162 11.678942 25.266117
vn -0.0000 -0.0000 1.0000
vn -0.0000 -1.0000 -0.0000
vn -0.0000 1.0000 -0.0000
vn -0.0000 -0.0000 -1.0000
vt 0.596370 0.093577
vt 0.811427 0.093577
vt 0.811427 0.105988
vt 0.596370 0.105988
vt 0.596370 0.080520
vt 0.811427 0.080520
vt 0.811427 0.119045
vt 0.596370 0.119045
vt 0.596370 0.148077
vt 0.596370 0.160487
vt 0.811427 0.160487
vt 0.811427 0.148077
vt 0.596370 0.135020
vt 0.811427 0.135020
vt 0.811427 0.173544
vt 0.596370 0.173544
vt 0.482829 0.370616
vt 0.482829 0.383027
vt 0.694758 0.383027
vt 0.694758 0.370616
vt 0.482829 0.357559
vt 0.694758 0.357559
vt 0.694758 0.396084
vt 0.482829 0.396084
s 0
usemtl Material__2
f 411/523/96 412/524/96 414/525/96 413/526/96
f 407/527/97 408/528/97 412/524/97 411/523/97
f 410/529/98 409/530/98 413/526/98 414/525/98
f 419/531/99 421/532/99 422/533/99 420/534/99
f 415/535/97 419/531/97 420/534/97 416/536/97
f 418/537/98 422/533/98 421/532/98 417/538/98
f 427/539/99 429/540/99 430/541/99 428/542/99
f 423/543/97 427/539/97 428/542/97 424/544/97
f 426/545/98 430/541/98 429/540/98 425/546/98
f 435/539/96 436/542/96 438/541/96 437/540/96
f 431/543/97 432/544/97 436/542/97 435/539/97
f 434/545/98 433/546/98 437/540/98 438/541/98
o 16_dver
v -30.266792 19.694639 6.908074
v -30.266792 22.576145 6.334907
v -30.266792 25.018967 4.702665
v -30.266792 26.651207 2.259844
v -30.266792 27.224375 -0.621662
v -30.266792 26.651207 -3.503167
v -30.266792 25.018967 -5.945988
v -30.266792 22.576145 -7.578229
v -30.266792 19.694639 -8.151396
v -31.810066 15.835011 -0.621659
v -31.792063 19.694639 6.908074
v -31.792063 22.576145 6.334907
v -31.792063 25.018967 4.702665
v -31.792063 26.651207 2.259844
v -31.792063 27.224375 -0.621662
v -31.792063 26.651207 -3.503167
v -31.792063 25.018967 -5.945988
v -31.792063 22.576145 -7.578229
v -31.792063 19.694639 -8.151396
v -30.177965 8.372928 5.691747
v -31.880890 8.372927 5.691746
v -31.880888 8.372927 -6.935063
v -30.177965 8.372927 -6.935062
v -31.812284 14.661819 6.631179
v -30.246571 14.661819 6.631179
v -30.246571 14.661815 -7.874499
v -31.812284 14.661815 -7.874499
v -31.797485 17.172901 6.833844
v -30.261372 17.172901 6.833844
v -30.261372 17.172901 -8.077165
v -31.797483 17.172901 -8.077165
v -31.838438 11.810688 6.273054
v -30.220419 11.810690 6.273054
v -30.220417 11.810687 -7.516373
v -31.838436 11.810687 -7.516373
vn -0.0000 0.1951 0.9808
vn -0.0000 0.5556 0.8315
vn -0.0000 0.8315 0.5556
vn -0.0000 0.9808 0.1951
vn -0.0000 0.9808 -0.1951
vn -0.0000 0.8315 -0.5556
vn -0.0000 0.5556 -0.8315
vn -0.0000 0.1951 -0.9808
vn -1.0000 0.0004 -0.0022
vn -0.0000 -0.0294 0.9996
vn -1.0000 0.0021 0.0013
vn -1.0000 0.0021 -0.0013
vn -0.0000 -0.0294 -0.9996
vn -0.0000 -0.1246 0.9922
vn -1.0000 0.0090 0.0012
vn -1.0000 0.0090 -0.0012
vn -0.0000 -0.1246 -0.9922
vn -0.0000 -0.0804 0.9968
vn -1.0000 0.0058 0.0006
vn -1.0000 0.0058 -0.0006
vn -0.0000 -0.0804 -0.9968
vn -0.0000 -0.1667 0.9860
vn -0.9999 0.0119 0.0028
vn -1.0000 0.0095 -0.0000
vn -0.0000 -0.1667 -0.9860
vn -1.0000 0.0004 0.0022
vn -1.0000 0.0010 0.0016
vn -1.0000 0.0014 0.0009
vn -1.0000 0.0016 0.0003
vn -1.0000 0.0016 -0.0003
vn -1.0000 0.0014 -0.0009
vn -1.0000 0.0010 -0.0016
vn -0.9999 0.0119 -0.0028
vt 0.634221 0.332591
vt 0.623771 0.332604
vt 0.623766 0.326250
vt 0.634212 0.326238
vt 0.613322 0.332610
vt 0.613320 0.326256
vt 0.602873 0.332611
vt 0.602874 0.326257
vt 0.592425 0.332609
vt 0.592427 0.326255
vt 0.581978 0.332606
vt 0.581978 0.326253
vt 0.571532 0.332607
vt 0.571530 0.326254
vt 0.561086 0.332613
vt 0.561080 0.326259
vt 0.550640 0.332626
vt 0.550631 0.326272
vt 0.791186 0.792842
vt 0.766448 0.816814
vt 0.764410 0.806567
vt 0.643181 0.326199
vt 0.643194 0.332598
vt 0.817962 0.806567
vt 0.817698 0.797600
vt 0.764674 0.797600
vt 0.541670 0.332664
vt 0.541658 0.326265
vt 0.652138 0.326116
vt 0.662355 0.325980
vt 0.662374 0.332719
vt 0.652154 0.332638
vt 0.815704 0.778531
vt 0.816978 0.788670
vt 0.765395 0.788670
vt 0.766668 0.778531
vt 0.532713 0.332746
vt 0.522496 0.332881
vt 0.522478 0.326141
vt 0.532698 0.326224
vt 0.674753 0.325768
vt 0.674773 0.332862
vt 0.813637 0.766305
vt 0.768735 0.766305
vt 0.510098 0.333091
vt 0.510079 0.325998
vt 0.815924 0.816814
vt 0.810120 0.825501
vt 0.801433 0.831305
vt 0.791186 0.833343
vt 0.780939 0.831305
vt 0.772253 0.825501
s 0
usemtl Material__2
f 439/547/100 440/548/100 450/549/100 449/550/100
f 440/548/101 441/551/101 451/552/101 450/549/101
f 441/551/102 442/553/102 452/554/102 451/552/102
f 442/553/103 443/555/103 453/556/103 452/554/103
f 443/555/104 444/557/104 454/558/104 453/556/104
f 444/557/105 445/559/105 455/560/105 454/558/105
f 445/559/106 446/561/106 456/562/106 455/560/106
f 446/561/107 447/563/107 457/564/107 456/562/107
f 448/565/108 456/566/108 457/567/108
f 439/547/109 449/550/109 466/568/109 467/569/109
f 449/570/110 448/565/110 466/571/110
f 448/565/111 457/567/111 469/572/111
f 457/564/112 447/563/112 468/573/112 469/574/112
f 462/575/113 470/576/113 471/577/113 463/578/113
f 448/565/114 470/579/114 462/580/114
f 465/581/115 473/582/115 448/565/115
f 464/583/116 472/584/116 473/585/116 465/586/116
f 466/568/117 462/575/117 463/578/117 467/569/117
f 448/565/118 462/580/118 466/571/118
f 469/572/119 465/581/119 448/565/119
f 468/573/120 464/583/120 465/586/120 469/574/120
f 470/576/121 459/587/121 458/588/121 471/577/121
f 448/565/122 459/589/122 470/579/122
f 460/590/123 459/589/123 448/565/123
f 472/584/124 461/591/124 460/592/124 473/585/124
f 448/565/125 449/570/125 450/593/125
f 448/565/126 450/593/126 451/594/126
f 448/565/127 451/594/127 452/595/127
f 448/565/128 452/595/128 453/596/128
f 448/565/129 453/596/129 454/597/129
f 448/565/130 454/597/130 455/598/130
f 448/565/131 455/598/131 456/566/131
f 448/565/132 473/582/132 460/590/132
o 17_dver_proem
v -29.402054 19.914459 9.218654
v -29.402054 23.503256 8.476534
v -31.514521 23.503256 8.476534
v -31.514521 19.914459 9.218654
v -29.402054 26.698118 6.341795
v -31.514521 26.698118 6.341795
v -29.402054 28.832855 3.146935
v -31.514521 28.832855 3.146935
v -29.402052 29.582476 -0.621661
v -31.514521 29.582476 -0.621661
v -29.402052 28.832855 -4.390256
v -31.514519 28.832855 -4.390257
v -29.402052 26.698116 -7.585117
v -31.514519 26.698116 -7.585116
v -29.402050 23.503258 -9.719854
v -31.514519 23.503258 -9.719854
v -29.402050 19.914461 -10.461975
v -31.514519 19.914461 -10.461975
v -31.522030 17.040876 9.147084
v -29.394545 17.040876 9.147084
v -29.394543 17.040876 -10.390406
v -31.522026 17.040876 -10.390406
v -31.542526 14.373890 8.931999
v -31.578749 11.369319 8.554630
v -29.337826 11.369320 8.554630
v -29.374048 14.373890 8.931999
v -29.374044 14.373887 -10.175320
v -29.337822 11.369317 -9.797951
v -31.578745 11.369317 -9.797951
v -31.542524 14.373887 -10.175320
v -31.637543 7.813973 7.953927
v -29.279030 7.813973 7.953927
v -29.279028 7.813973 -9.197248
v -31.637539 7.813973 -9.197248
v -29.402054 19.734661 7.067018
v -29.402054 22.676991 6.481752
v -31.514521 22.676991 6.481751
v -31.514521 19.734661 7.067018
v -29.402054 25.171377 4.815056
v -31.514521 25.171377 4.815055
v -29.402052 26.838074 2.320669
v -31.514521 26.838074 2.320669
v -29.402052 27.423340 -0.621661
v -31.514519 27.423340 -0.621661
v -29.402052 26.838074 -3.563991
v -31.514519 26.838074 -3.563991
v -29.402052 25.171377 -6.058376
v -31.514519 25.171377 -6.058377
v -29.402050 22.676991 -7.725072
v -31.514519 22.676991 -7.725073
v -29.402050 19.734661 -8.310338
v -31.514519 19.734661 -8.310339
v -31.522030 17.159693 6.991219
v -29.394545 17.159693 6.991219
v -29.394543 17.159693 -8.234540
v -31.522026 17.159693 -8.234541
v -31.542526 14.595604 6.784276
v -31.578749 11.684291 6.418591
v -29.337826 11.684292 6.418591
v -29.374046 14.595604 6.784277
v -29.374044 14.595601 -8.027597
v -29.337824 11.684289 -7.661912
v -31.578745 11.684289 -7.661912
v -31.542524 14.595601 -8.027597
v -31.637543 8.173962 5.825012
v -29.279030 8.173963 5.825013
v -29.279028 8.173963 -7.068331
v -31.637541 8.173963 -7.068334
vn -0.0000 0.2025 0.9793
vn -0.0000 0.5556 0.8315
vn -0.0000 0.8315 0.5556
vn -0.0000 0.9808 0.1951
vn -0.0000 0.9808 -0.1951
vn -0.0000 0.8315 -0.5556
vn -0.0000 0.5556 -0.8315
vn -0.0000 0.2025 -0.9793
vn -0.0000 -0.0249 0.9997
vn -0.0000 -0.0249 -0.9997
vn -0.0000 -0.1246 0.9922
vn -0.0000 -0.1246 -0.9922
vn -0.0000 -0.0804 0.9968
vn -0.0000 -0.0804 -0.9968
vn -0.0000 -0.1666 0.9860
vn -0.0000 -0.1666 -0.9860
vn -0.0000 -0.1951 -0.9808
vn -0.0000 -0.5556 -0.8315
vn -0.0000 -0.8315 -0.5556
vn -0.0000 -0.9808 -0.1951
vn -0.0000 -0.9808 0.1951
vn -0.0000 -0.8315 0.5556
vn -0.0000 -0.5556 0.8315
vn -0.0000 -0.1951 0.9808
vn -0.0000 0.0294 -0.9996
vn -0.0000 0.0294 0.9996
vn -0.0000 0.1246 -0.9922
vn -0.0000 0.1246 0.9922
vn -0.0000 0.0804 -0.9968
vn -0.0000 0.0804 0.9968
vn -0.0000 0.1667 -0.9860
vn -0.0000 0.1667 0.9860
vn -1.0000 -0.0000 -0.0000
vn -1.0000 0.0028 -0.0000
vn -0.9999 0.0121 0.0015
vn -0.9999 0.0121 -0.0015
vn -1.0000 0.0078 0.0006
vn -1.0000 0.0078 -0.0006
vn -0.9999 0.0162 0.0026
vn -0.9999 0.0162 -0.0026
vt 0.866032 0.424753
vt 0.861439 0.438244
vt 0.855128 0.435468
vt 0.859371 0.422876
vt 0.854183 0.451389
vt 0.848450 0.447518
vt 0.844668 0.462965
vt 0.839718 0.458122
vt 0.833284 0.472633
vt 0.829256 0.466995
vt 0.820443 0.480166
vt 0.817434 0.473921
vt 0.806564 0.485417
vt 0.804631 0.478760
vt 0.792072 0.488315
vt 0.791205 0.481458
vt 0.778149 0.488982
vt 0.778035 0.482054
vt 0.861646 0.412525
vt 0.868504 0.413972
vt 0.767463 0.488775
vt 0.767549 0.481774
vt 0.865408 0.391416
vt 0.872653 0.392639
vt 0.870522 0.403974
vt 0.863522 0.402672
vt 0.746254 0.488937
vt 0.746311 0.481592
vt 0.757631 0.481669
vt 0.757586 0.488812
vt 0.867385 0.377901
vt 0.875037 0.379132
vt 0.732619 0.489139
vt 0.732685 0.481417
vt 0.847579 0.432276
vt 0.841216 0.429486
vt 0.844739 0.419029
vt 0.851418 0.420879
vt 0.841644 0.442952
vt 0.835909 0.439073
vt 0.833844 0.452402
vt 0.828900 0.447554
vt 0.824474 0.460332
vt 0.820453 0.454689
vt 0.813857 0.466537
vt 0.810854 0.460288
vt 0.802334 0.470884
vt 0.800406 0.464218
vt 0.790261 0.473306
vt 0.789399 0.466392
vt 0.778122 0.473847
vt 0.778029 0.466895
vt 0.846771 0.409640
vt 0.853584 0.411007
vt 0.767885 0.473574
vt 0.768036 0.466609
vt 0.848429 0.400088
vt 0.850016 0.389122
vt 0.857298 0.390176
vt 0.855440 0.401268
vt 0.757864 0.473415
vt 0.746549 0.473393
vt 0.746609 0.466035
vt 0.757967 0.466273
vt 0.851623 0.375726
vt 0.859272 0.376750
vt 0.732954 0.473371
vt 0.733021 0.465774
s 0
usemtl Material__2
f 474/599/133 475/600/133 476/601/133 477/602/133
f 475/600/134 478/603/134 479/604/134 476/601/134
f 478/603/135 480/605/135 481/606/135 479/604/135
f 480/605/136 482/607/136 483/608/136 481/606/136
f 482/607/137 484/609/137 485/610/137 483/608/137
f 484/609/138 486/611/138 487/612/138 485/610/138
f 486/611/139 488/613/139 489/614/139 487/612/139
f 488/613/140 490/615/140 491/616/140 489/614/140
f 477/602/141 492/617/141 493/618/141 474/599/141
f 490/615/142 494/619/142 495/620/142 491/616/142
f 497/621/143 498/622/143 499/623/143 496/624/143
f 501/625/144 502/626/144 503/627/144 500/628/144
f 496/624/145 499/623/145 493/618/145 492/617/145
f 500/628/146 503/627/146 495/620/146 494/619/146
f 504/629/147 505/630/147 498/622/147 497/621/147
f 506/631/148 507/632/148 502/626/148 501/625/148
f 510/633/149 509/634/149 508/635/149 511/636/149
f 513/637/150 512/638/150 509/634/150 510/633/150
f 515/639/151 514/640/151 512/638/151 513/637/151
f 517/641/152 516/642/152 514/640/152 515/639/152
f 519/643/153 518/644/153 516/642/153 517/641/153
f 521/645/154 520/646/154 518/644/154 519/643/154
f 523/647/155 522/648/155 520/646/155 521/645/155
f 525/649/156 524/650/156 522/648/156 523/647/156
f 527/651/157 526/652/157 511/636/157 508/635/157
f 529/653/158 528/654/158 524/650/158 525/649/158
f 533/655/159 532/656/159 531/657/159 530/658/159
f 537/659/160 536/660/160 535/661/160 534/662/160
f 527/651/161 533/655/161 530/658/161 526/652/161
f 529/653/162 537/659/162 534/662/162 528/654/162
f 532/656/163 539/663/163 538/664/163 531/657/163
f 536/660/164 541/665/164 540/666/164 535/661/164
f 477/602/165 476/601/165 510/633/165 511/636/165
f 476/601/165 479/604/165 513/637/165 510/633/165
f 479/604/165 481/606/165 515/639/165 513/637/165
f 481/606/165 483/608/165 517/641/165 515/639/165
f 483/608/165 485/610/165 519/643/165 517/641/165
f 485/610/165 487/612/165 521/645/165 519/643/165
f 487/612/165 489/614/165 523/647/165 521/645/165
f 489/614/165 491/616/165 525/649/165 523/647/165
f 492/617/166 477/602/166 511/636/166 526/652/166
f 491/616/166 495/620/166 529/653/166 525/649/166
f 497/621/167 496/624/167 530/658/167 531/657/167
f 503/627/168 502/626/168 536/660/168 537/659/168
f 496/624/169 492/617/169 526/652/169 530/658/169
f 495/620/170 503/627/170 537/659/170 529/653/170
f 504/629/171 497/621/171 531/657/171 538/664/171
f 502/626/172 507/632/172 541/665/172 536/660/172
o 17_rama_okno_goriz
v -19.099669 28.538788 24.429146
v -3.082320 28.538788 24.429146
v -19.322515 30.503843 24.429146
v -2.973407 31.364674 24.429146
v -19.099669 28.538784 26.093567
v -3.082320 28.538784 26.093567
v -19.322515 30.503841 26.093567
v -2.973407 31.364674 26.093569
v -18.771269 31.130424 24.429146
v -18.771269 31.130424 26.093569
v -19.099669 14.327167 24.429148
v -3.082320 14.327167 24.429148
v -19.099669 15.484625 24.429148
v -3.082320 15.484625 24.429148
v -19.099669 14.327164 26.997059
v -3.082320 14.327164 26.997059
v -19.099669 15.484623 26.997059
v -3.082320 15.484623 26.997059
v 19.099669 28.538784 24.429150
v 3.082319 28.538784 24.429150
v 19.322515 30.503839 24.429150
v 2.973406 31.364670 24.429150
v 19.099669 28.538780 26.093571
v 3.082319 28.538780 26.093571
v 19.322515 30.503838 26.093573
v 2.973406 31.364670 26.093573
v 18.771269 31.130421 24.429150
v 18.771269 31.130421 26.093573
v 19.099669 14.327163 24.429150
v 3.082319 14.327163 24.429150
v 19.099669 15.484621 24.429150
v 3.082319 15.484621 24.429150
v 19.099669 14.327160 26.997061
v 3.082319 14.327160 26.997061
v 19.099669 15.484619 26.997061
v 3.082319 15.484619 26.997061
v 19.099669 28.538784 -24.429146
v 3.082323 28.538784 -24.429146
v 19.322515 30.503839 -24.429146
v 2.973410 31.364670 -24.429146
v 19.099669 28.538782 -26.093567
v 3.082323 28.538782 -26.093567
v 19.322515 30.503839 -26.093567
v 2.973410 31.364670 -26.093571
v 18.771269 31.130421 -24.429146
v 18.771269 31.130421 -26.093567
v 19.099669 14.327163 -24.429150
v 3.082323 14.327163 -24.429150
v 19.099669 15.484621 -24.429150
v 3.082323 15.484621 -24.429150
v 19.099669 14.327160 -26.997063
v 3.082323 14.327160 -26.997063
v 19.099669 15.484619 -26.997059
v 3.082323 15.484619 -26.997063
v -19.099667 28.538780 -24.429153
v -3.082318 28.538780 -24.429153
v -19.322514 30.503836 -24.429153
v -2.973405 31.364666 -24.429153
v -19.099667 28.538776 -26.093575
v -3.082318 28.538776 -26.093575
v -19.322514 30.503836 -26.093578
v -2.973405 31.364666 -26.093575
v -18.771267 31.130417 -24.429153
v -18.771267 31.130417 -26.093578
v -19.099667 14.327159 -24.429157
v -3.082318 14.327159 -24.429157
v -19.099667 15.484617 -24.429157
v -3.082318 15.484617 -24.429157
v -19.099667 14.327156 -26.997070
v -3.082318 14.327156 -26.997066
v -19.099667 15.484615 -26.997070
v -3.082318 15.484615 -26.997066
vn -0.0000 -0.0000 1.0000
vn -0.0000 -1.0000 -0.0000
vn 0.9993 -0.0385 -0.0000
vn -0.0148 0.9999 -0.0000
vn -0.9936 -0.1127 -0.0000
vn -0.7508 0.6605 -0.0000
vn 1.0000 -0.0000 -0.0000
vn -0.0000 1.0000 -0.0000
vn -1.0000 -0.0000 -0.0000
vn -0.9993 -0.0385 -0.0000
vn 0.0148 0.9999 -0.0000
vn 0.9936 -0.1127 -0.0000
vn 0.7508 0.6605 -0.0000
vn -0.0000 -0.0000 -1.0000
vt 0.225587 0.890417
vt 0.283678 0.890417
vt 0.284015 0.900653
vt 0.226599 0.899940
vt 0.225416 0.897402
vt 0.225624 0.884387
vt 0.283642 0.884388
vt 0.289704 0.890218
vt 0.290040 0.900456
vt 0.283845 0.906680
vt 0.226619 0.905970
vt 0.219693 0.897918
vt 0.219415 0.890583
vt 0.220273 0.901073
vt 0.737626 0.417066
vt 0.801545 0.417066
vt 0.801545 0.427372
vt 0.737626 0.427372
vt 0.737626 0.412059
vt 0.801545 0.412059
vt 0.806553 0.417066
vt 0.806553 0.427372
vt 0.801545 0.432380
vt 0.737626 0.432380
vt 0.732619 0.427372
vt 0.732619 0.417066
vt 0.334586 0.577045
vt 0.334415 0.584030
vt 0.335598 0.586568
vt 0.393013 0.587281
vt 0.392677 0.577045
vt 0.334623 0.571016
vt 0.392641 0.571016
vt 0.398703 0.576846
vt 0.399039 0.587084
vt 0.392844 0.593308
vt 0.335618 0.592598
vt 0.328692 0.584546
vt 0.328414 0.577211
vt 0.329272 0.587701
vt 0.733085 0.330775
vt 0.733085 0.341081
vt 0.797004 0.341081
vt 0.797004 0.330775
vt 0.733085 0.325768
vt 0.797004 0.325768
vt 0.802011 0.330775
vt 0.802011 0.341081
vt 0.797004 0.346089
vt 0.733085 0.346089
vt 0.728077 0.341081
vt 0.728077 0.330775
s 0
usemtl Material__2
f 546/667/173 547/668/173 549/669/173 551/670/173 548/671/173
f 542/672/174 543/673/174 547/668/174 546/667/174
f 543/674/175 545/675/175 549/669/175 547/668/175
f 545/676/176 550/677/176 551/670/176 549/669/176
f 544/678/177 542/679/177 546/667/177 548/671/177
f 550/680/178 544/678/178 548/671/178 551/670/178
f 556/681/173 557/682/173 559/683/173 558/684/173
f 552/685/174 553/686/174 557/682/174 556/681/174
f 553/687/179 555/688/179 559/683/179 557/682/179
f 555/689/180 554/690/180 558/684/180 559/683/180
f 554/691/181 552/692/181 556/681/181 558/684/181
f 564/693/173 566/694/173 569/695/173 567/696/173 565/697/173
f 560/698/174 564/693/174 565/697/174 561/699/174
f 561/700/182 565/697/182 567/696/182 563/701/182
f 563/702/183 567/696/183 569/695/183 568/703/183
f 562/704/184 566/694/184 564/693/184 560/705/184
f 568/706/185 569/695/185 566/694/185 562/704/185
f 574/707/173 576/708/173 577/709/173 575/710/173
f 570/711/174 574/707/174 575/710/174 571/712/174
f 571/713/181 575/710/181 577/709/181 573/714/181
f 573/715/180 577/709/180 576/708/180 572/716/180
f 572/717/179 576/708/179 574/707/179 570/718/179
f 582/693/186 583/697/186 585/696/186 587/695/186 584/694/186
f 578/698/174 579/699/174 583/697/174 582/693/174
f 579/700/182 581/701/182 585/696/182 583/697/182
f 581/702/183 586/703/183 587/695/183 585/696/183
f 580/704/184 578/705/184 582/693/184 584/694/184
f 586/706/185 580/704/185 584/694/185 587/695/185
f 592/707/186 593/710/186 595/709/186 594/708/186
f 588/711/174 589/712/174 593/710/174 592/707/174
f 589/713/181 591/714/181 595/709/181 593/710/181
f 591/715/180 590/716/180 594/708/180 595/709/180
f 590/717/179 588/718/179 592/707/179 594/708/179
f 600/667/186 602/671/186 605/670/186 603/669/186 601/668/186
f 596/672/174 600/667/174 601/668/174 597/673/174
f 597/674/175 601/668/175 603/669/175 599/675/175
f 599/676/176 603/669/176 605/670/176 604/677/176
f 598/678/177 602/671/177 600/667/177 596/679/177
f 604/680/178 605/670/178 602/671/178 598/678/178
f 610/681/186 612/684/186 613/683/186 611/682/186
f 606/685/174 610/681/174 611/682/174 607/686/174
f 607/687/179 611/682/179 613/683/179 609/688/179
f 609/689/180 613/683/180 612/684/180 608/690/180
f 608/691/181 612/684/181 610/681/181 606/692/181
o 18_rama_okno_vertik
v -18.456810 30.496496 24.429144
v -18.456806 14.479145 24.429144
v -15.874384 30.496492 24.429144
v -15.874382 14.479145 24.429144
v -18.456812 30.496496 25.684036
v -18.456808 14.479145 25.684036
v -15.874386 30.496492 25.684038
v -15.874384 14.479145 25.684038
v -6.293702 30.496492 24.429144
v -6.293700 14.479144 24.429144
v -3.711276 30.496489 24.429146
v -3.711274 14.479145 24.429146
v -6.293705 30.496492 25.684038
v -6.293702 14.479144 25.684038
v -3.711279 30.496489 25.684038
v -3.711278 14.479145 25.684038
v 6.293694 30.496494 24.429148
v 6.293690 14.479145 24.429148
v 3.711266 30.496489 24.429148
v 3.711266 14.479146 24.429148
v 6.293695 30.496494 25.684040
v 6.293694 14.479145 25.684040
v 3.711269 30.496489 25.684040
v 3.711269 14.479146 25.684040
v 18.456797 30.496496 24.429148
v 18.456797 14.479146 24.429148
v 15.874372 30.496492 24.429148
v 15.874372 14.479145 24.429148
v 18.456800 30.496496 25.684042
v 18.456797 14.479146 25.684042
v 15.874372 30.496492 25.684042
v 15.874372 14.479145 25.684042
v 18.456812 30.496492 -24.429144
v 18.456812 14.479140 -24.429144
v 15.874388 30.496487 -24.429144
v 15.874388 14.479139 -24.429144
v 18.456816 30.496492 -25.684038
v 18.456812 14.479140 -25.684034
v 15.874388 30.496487 -25.684038
v 15.874388 14.479139 -25.684038
v 6.293705 30.496489 -24.429148
v 6.293701 14.479139 -24.429148
v 3.711277 30.496483 -24.429148
v 3.711277 14.479140 -24.429148
v 6.293707 30.496489 -25.684042
v 6.293705 14.479139 -25.684038
v 3.711281 30.496483 -25.684042
v 3.711281 14.479140 -25.684042
v -6.293701 30.496489 -24.429152
v -6.293699 14.479140 -24.429152
v -3.711274 30.496485 -24.429152
v -3.711274 14.479140 -24.429152
v -6.293703 30.496489 -25.684046
v -6.293701 14.479140 -25.684046
v -3.711277 30.496485 -25.684046
v -3.711277 14.479140 -25.684046
v -18.456808 30.496494 -24.429148
v -18.456808 14.479143 -24.429148
v -15.874383 30.496489 -24.429148
v -15.874383 14.479142 -24.429148
v -18.456810 30.496494 -25.684042
v -18.456808 14.479143 -25.684042
v -15.874385 30.496489 -25.684042
v -15.874385 14.479142 -25.684042
vn -0.0000 -0.0000 1.0000
vn -1.0000 -0.0000 -0.0000
vn 1.0000 -0.0000 -0.0000
vn -0.0000 -0.0000 -1.0000
vt 0.805291 0.992396
vt 0.805291 0.934345
vt 0.814650 0.934345
vt 0.814650 0.992396
vt 0.800743 0.992396
vt 0.800743 0.934345
vt 0.819198 0.934345
vt 0.819198 0.992396
vt 0.877957 0.992396
vt 0.877957 0.934345
vt 0.887316 0.934345
vt 0.887316 0.992396
vt 0.873409 0.992396
vt 0.873409 0.934345
vt 0.891864 0.934345
vt 0.891864 0.992396
vt 0.732625 0.565483
vt 0.741984 0.565483
vt 0.741984 0.507433
vt 0.732625 0.507433
vt 0.728077 0.565483
vt 0.728077 0.507433
vt 0.746532 0.507433
vt 0.746532 0.565483
vt 0.841624 0.992396
vt 0.850983 0.992396
vt 0.850983 0.934345
vt 0.841624 0.934345
vt 0.837076 0.992396
vt 0.837076 0.934345
vt 0.855531 0.934345
vt 0.855531 0.992396
s 0
usemtl Material__2
f 618/719/187 619/720/187 621/721/187 620/722/187
f 614/723/188 615/724/188 619/720/188 618/719/188
f 617/725/189 616/726/189 620/722/189 621/721/189
f 626/727/187 627/728/187 629/729/187 628/730/187
f 622/731/188 623/732/188 627/728/188 626/727/188
f 625/733/189 624/734/189 628/730/189 629/729/189
f 634/735/187 636/736/187 637/737/187 635/738/187
f 630/739/189 634/735/189 635/738/189 631/740/189
f 633/741/188 637/737/188 636/736/188 632/742/188
f 642/743/187 644/744/187 645/745/187 643/746/187
f 638/747/189 642/743/189 643/746/189 639/748/189
f 641/749/188 645/745/188 644/744/188 640/750/188
f 650/743/190 651/746/190 653/745/190 652/744/190
f 646/747/189 647/748/189 651/746/189 650/743/189
f 649/749/188 648/750/188 652/744/188 653/745/188
f 658/735/190 659/738/190 661/737/190 660/736/190
f 654/739/189 655/740/189 659/738/189 658/735/189
f 657/741/188 656/742/188 660/736/188 661/737/188
f 666/727/190 668/730/190 669/729/190 667/728/190
f 662/731/188 666/727/188 667/728/188 663/732/188
f 665/733/189 669/729/189 668/730/189 664/734/189
f 674/719/190 676/722/190 677/721/190 675/720/190
f 670/723/188 674/719/188 675/720/188 671/724/188
f 673/725/189 677/721/189 676/722/189 672/726/189
o 19_okno_perekladina_vertik
v -10.497927 14.265278 24.531502
v -11.696435 14.265278 24.531502
v -11.396808 14.265278 25.050472
v -10.797554 14.265278 25.050472
v -10.497927 30.160521 24.531502
v -11.696435 30.160521 24.531502
v -11.396808 30.160521 25.050472
v -10.797554 30.160521 25.050472
v 10.497927 14.265279 24.531502
v 11.696434 14.265279 24.531502
v 11.396809 14.265279 25.050472
v 10.797554 14.265279 25.050472
v 10.497927 30.160521 24.531502
v 11.696434 30.160521 24.531502
v 11.396809 30.160521 25.050470
v 10.797554 30.160521 25.050470
v 10.497929 14.265274 -24.531502
v 11.696436 14.265274 -24.531502
v 11.396811 14.265274 -25.050472
v 10.797556 14.265274 -25.050472
v 10.497929 30.160517 -24.531502
v 11.696436 30.160517 -24.531502
v 11.396811 30.160517 -25.050472
v 10.797556 30.160517 -25.050472
v -10.497924 14.265275 -24.531509
v -11.696432 14.265275 -24.531509
v -11.396805 14.265275 -25.050480
v -10.797551 14.265275 -25.050480
v -10.497924 30.160517 -24.531509
v -11.696432 30.160517 -24.531509
v -11.396805 30.160517 -25.050480
v -10.797551 30.160517 -25.050480
vn -0.8660 -0.0000 0.5000
vn -0.0000 -0.0000 1.0000
vn 0.8660 -0.0000 0.5000
vn 0.8660 -0.0000 -0.5000
vn -0.0000 -0.0000 -1.0000
vn -0.8660 -0.0000 -0.5000
vt 0.687568 0.503616
vt 0.688898 0.503616
vt 0.688898 0.574171
vt 0.687568 0.574171
vt 0.691558 0.503616
vt 0.691558 0.574171
vt 0.692888 0.503616
vt 0.692888 0.574171
vt 0.687568 0.412783
vt 0.687568 0.483339
vt 0.688898 0.483339
vt 0.688898 0.412783
vt 0.691558 0.483339
vt 0.691558 0.412783
vt 0.692888 0.483339
vt 0.692888 0.412783
s 0
usemtl Material__2
f 679/751/191 680/752/191 684/753/191 683/754/191
f 680/752/192 681/755/192 685/756/192 684/753/192
f 681/755/193 678/757/193 682/758/193 685/756/193
f 687/759/193 691/760/193 692/761/193 688/762/193
f 688/762/192 692/761/192 693/763/192 689/764/192
f 689/764/191 693/763/191 690/765/191 686/766/191
f 695/759/194 696/762/194 700/761/194 699/760/194
f 696/762/195 697/764/195 701/763/195 700/761/195
f 697/764/196 694/766/196 698/765/196 701/763/196
f 703/751/196 707/754/196 708/753/196 704/752/196
f 704/752/195 708/753/195 709/756/195 705/755/195
f 705/755/194 709/756/194 706/758/194 702/757/194
o 20_okno_perekladina_goriz
v 17.405111 22.089218 -24.531511
v 17.405111 23.287727 -24.531511
v 17.405113 22.988100 -25.050480
v 17.405111 22.388845 -25.050480
v 4.520884 22.089218 -24.531511
v 4.520882 23.287727 -24.531511
v 4.520884 22.988100 -25.050482
v 4.520884 22.388845 -25.050482
v -17.405106 22.089233 -24.531507
v -17.405106 23.287741 -24.531507
v -17.405106 22.988115 -25.050476
v -17.405106 22.388861 -25.050476
v -4.520876 22.089230 -24.531507
v -4.520874 23.287737 -24.531507
v -4.520876 22.988111 -25.050476
v -4.520876 22.388857 -25.050476
v -17.405117 22.089224 24.531509
v -17.405117 23.287733 24.531509
v -17.405117 22.988106 25.050476
v -17.405117 22.388851 25.050476
v -4.520887 22.089228 24.531509
v -4.520885 23.287737 24.531509
v -4.520887 22.988110 25.050476
v -4.520887 22.388855 25.050476
v 17.405111 22.089237 24.531494
v 17.405109 23.287746 24.531494
v 17.405111 22.988119 25.050465
v 17.405111 22.388865 25.050465
v 4.520881 22.089237 24.531498
v 4.520879 23.287746 24.531498
v 4.520881 22.988119 25.050468
v 4.520881 22.388865 25.050468
vn -0.0000 0.8660 -0.5000
vn -0.0000 -0.0000 -1.0000
vn -0.0000 -0.8660 -0.5000
vn -0.0000 0.8660 0.5000
vn -0.0000 -0.0000 1.0000
vn -0.0000 -0.8660 0.5000
vt 0.310248 0.903332
vt 0.310248 0.902002
vt 0.367438 0.902002
vt 0.367438 0.903332
vt 0.310248 0.899342
vt 0.367438 0.899342
vt 0.310248 0.898012
vt 0.367438 0.898012
vt 0.242123 0.803417
vt 0.299313 0.803417
vt 0.299313 0.802087
vt 0.242123 0.802087
vt 0.299313 0.799427
vt 0.242123 0.799427
vt 0.299313 0.798097
vt 0.242123 0.798097
s 0
usemtl Material__2
f 711/767/197 712/768/197 716/769/197 715/770/197
f 712/768/198 713/771/198 717/772/198 716/769/198
f 713/771/199 710/773/199 714/774/199 717/772/199
f 719/775/197 723/776/197 724/777/197 720/778/197
f 720/778/198 724/777/198 725/779/198 721/780/198
f 721/780/199 725/779/199 722/781/199 718/782/199
f 727/775/200 728/778/200 732/777/200 731/776/200
f 728/778/201 729/780/201 733/779/201 732/777/201
f 729/780/202 726/782/202 730/781/202 733/779/202
f 735/767/200 739/770/200 740/769/200 736/768/200
f 736/768/201 740/769/201 741/772/201 737/771/201
f 737/771/202 741/772/202 738/774/202 734/773/202
o 21_fonar
v -47.417583 40.075588 2.695299
v -42.026978 40.075588 2.695299
v -47.417583 40.075588 -2.695307
v -42.026978 40.075588 -2.695307
v -47.868160 44.978374 3.145873
v -41.576405 44.978374 3.145873
v -47.868160 44.978374 -3.145881
v -41.576405 44.978374 -3.145881
v -44.722282 49.894447 -0.000004
v -47.604321 38.967327 2.882035
v -48.333057 44.978374 3.610773
v -41.111504 44.978374 3.610773
v -41.111504 44.978374 -3.610781
v -48.333057 44.978374 -3.610781
v -41.090446 45.913967 3.631833
v -48.354118 45.913967 3.631833
v -48.354118 45.913967 -3.631842
v -41.090446 45.913967 -3.631842
v -47.815899 40.075588 3.093613
v -47.815899 40.075588 -3.093620
v -41.628666 40.075588 -3.093620
v -41.628666 40.075588 3.093613
v -47.604321 38.967327 -2.882042
v -41.840244 38.967327 2.882035
v -41.840244 38.967327 -2.882042
vn -0.0000 -0.0915 0.9958
vn 0.9958 -0.0915 -0.0000
vn -0.0000 -0.0915 -0.9958
vn -0.9958 -0.0915 -0.0000
vn -0.0000 -0.0225 0.9997
vn 0.9997 -0.0225 -0.0000
vn -0.0000 -0.0225 -0.9997
vn -0.9997 -0.0225 -0.0000
vn -0.9823 -0.1875 -0.0000
vn -0.0000 -0.1875 -0.9823
vn 0.9823 -0.1875 -0.0000
vn -0.0000 -0.1875 0.9823
vn -0.0000 -1.0000 -0.0000
vn -0.0000 0.6740 0.7387
vn -0.7387 0.6740 -0.0000
vn -0.0000 0.6740 -0.7387
vn 0.7387 0.6740 -0.0000
vn -0.0000 1.0000 -0.0000
vt 0.774105 0.387238
vt 0.746301 0.391376
vt 0.740198 0.366328
vt 0.772649 0.361498
vt 0.719711 0.400492
vt 0.709162 0.376968
vt 0.829646 0.394275
vt 0.802197 0.388215
vt 0.805438 0.362639
vt 0.837476 0.369712
vt 0.563369 0.274845
vt 0.589889 0.274845
vt 0.589966 0.278281
vt 0.563292 0.278281
vt 0.616381 0.273652
vt 0.616613 0.277082
vt 0.510465 0.271268
vt 0.536877 0.273652
vt 0.536645 0.277082
vt 0.510079 0.274684
vt 0.603935 0.311001
vt 0.581214 0.311001
vt 0.581991 0.306858
vt 0.603158 0.306858
vt 0.560037 0.302769
vt 0.562262 0.299189
vt 0.641869 0.287424
vt 0.625113 0.302769
vt 0.622888 0.299189
vt 0.638498 0.284893
vt 0.632602 0.901687
vt 0.632724 0.866567
vt 0.635328 0.863981
vt 0.635187 0.904290
vt 0.597605 0.866444
vt 0.595019 0.863840
vt 0.597483 0.901564
vt 0.594879 0.904150
vt 0.781659 0.288518
vt 0.781659 0.266727
vt 0.803450 0.288518
vt 0.759868 0.288518
vt 0.781659 0.310308
vt 0.696238 0.896370
vt 0.696441 0.866281
vt 0.698679 0.864073
vt 0.698447 0.898608
vt 0.666353 0.866078
vt 0.664144 0.863840
vt 0.666149 0.896167
vt 0.663911 0.898376
vt 0.909756 0.991859
vt 0.930909 0.970678
vt 0.930923 0.991845
vt 0.909742 0.970692
s 0
usemtl Material__2
f 742/783/203 743/784/203 747/785/203 746/786/203
f 743/784/204 745/787/204 749/788/204 747/785/204
f 745/789/205 744/790/205 748/791/205 749/792/205
f 744/790/206 742/783/206 746/786/206 748/791/206
f 752/793/207 753/794/207 756/795/207 757/796/207
f 753/794/208 754/797/208 759/798/208 756/795/208
f 754/799/209 755/800/209 758/801/209 759/802/209
f 755/800/210 752/793/210 757/796/210 758/801/210
f 760/803/211 761/804/211 764/805/211 751/806/211
f 761/804/212 762/807/212 766/808/212 764/805/212
f 762/809/213 763/810/213 765/811/213 766/812/213
f 763/810/214 760/803/214 751/806/214 765/811/214
f 746/813/215 747/814/215 753/815/215 752/816/215
f 747/814/215 749/817/215 754/818/215 753/815/215
f 749/817/215 748/819/215 755/820/215 754/818/215
f 748/819/215 746/813/215 752/816/215 755/820/215
f 750/821/216 757/822/216 756/823/216
f 750/821/217 758/824/217 757/822/217
f 750/821/218 759/825/218 758/824/218
f 750/821/219 756/823/219 759/825/219
f 742/826/220 744/827/220 761/828/220 760/829/220
f 744/827/220 745/830/220 762/831/220 761/828/220
f 745/830/220 743/832/220 763/833/220 762/831/220
f 743/832/220 742/826/220 760/829/220 763/833/220
f 751/834/215 766/835/215 765/836/215
f 751/834/215 764/837/215 766/835/215
o 22_fonar_perekladini
v -47.483967 39.618259 -2.763863
v -47.046814 39.618259 -2.763863
v -47.483967 39.618259 -2.326710
v -47.046814 39.618259 -2.326710
v -48.045597 45.376343 -3.325935
v -47.519543 45.376343 -3.325935
v -48.045597 45.376343 -2.799880
v -47.519543 45.376343 -2.799880
v -41.960598 39.618259 -2.763863
v -42.397751 39.618259 -2.763863
v -41.960598 39.618259 -2.326710
v -42.397751 39.618259 -2.326710
v -41.398968 45.376343 -3.325935
v -41.925022 45.376343 -3.325935
v -41.398968 45.376343 -2.799880
v -41.925022 45.376343 -2.799880
v -47.483967 39.618259 2.763857
v -47.046814 39.618259 2.763857
v -47.483967 39.618259 2.326704
v -47.046814 39.618259 2.326704
v -48.045597 45.376343 3.325930
v -47.519543 45.376343 3.325930
v -48.045597 45.376343 2.799874
v -47.519543 45.376343 2.799874
v -41.960598 39.618259 2.763857
v -42.397751 39.618259 2.763857
v -41.960598 39.618259 2.326704
v -42.397751 39.618259 2.326704
v -41.398968 45.376343 3.325930
v -41.925022 45.376343 3.325930
v -41.398968 45.376343 2.799874
v -41.925022 45.376343 2.799874
vn -0.0000 -0.0972 -0.9953
vn 0.9966 0.0818 -0.0000
vn -0.0000 0.0819 0.9966
vn -0.9953 -0.0971 -0.0000
vn -0.9966 0.0818 -0.0000
vn 0.9953 -0.0971 -0.0000
vn -0.0000 -0.0972 0.9953
vn -0.0000 0.0819 -0.9966
vt 0.866218 0.483054
vt 0.868120 0.483054
vt 0.868322 0.462017
vt 0.866741 0.462017
vt 0.870020 0.483054
vt 0.869900 0.462017
vt 0.871921 0.483054
vt 0.871480 0.462017
vt 0.864326 0.483054
vt 0.865168 0.462017
vt 0.852327 0.473976
vt 0.852125 0.495013
vt 0.850223 0.495013
vt 0.850746 0.473976
vt 0.853905 0.473976
vt 0.854025 0.495013
vt 0.855485 0.473976
vt 0.855926 0.495013
vt 0.848331 0.495013
vt 0.849173 0.473976
s 0
usemtl Material__2
f 771/838/221 772/839/221 768/840/221 767/841/221
f 772/839/222 774/842/222 770/843/222 768/840/222
f 774/842/223 773/844/223 769/845/223 770/843/223
f 773/846/224 771/838/224 767/841/224 769/847/224
f 776/848/221 780/849/221 779/850/221 775/851/221
f 778/852/225 782/853/225 780/849/225 776/848/225
f 777/854/223 781/855/223 782/853/223 778/852/223
f 775/851/226 779/850/226 781/856/226 777/857/226
f 784/840/227 788/839/227 787/838/227 783/841/227
f 786/843/222 790/842/222 788/839/222 784/840/222
f 785/845/228 789/844/228 790/842/228 786/843/228
f 783/841/224 787/838/224 789/846/224 785/847/224
f 795/850/227 796/849/227 792/848/227 791/851/227
f 796/849/225 798/853/225 794/852/225 792/848/225
f 798/853/228 797/855/228 793/854/228 794/852/228
f 797/856/226 795/850/226 791/851/226 793/857/226
o 23_fonar_sfera
v -44.722282 50.865398 -0.000004
v -43.733105 49.876221 -0.000004
v -44.722282 49.876221 -0.989183
v -45.711460 49.876221 -0.000004
v -44.722282 49.876221 0.989175
v -44.722282 48.887043 -0.000004
v -44.022827 50.575676 -0.000004
v -44.722282 50.575676 -0.699459
v -45.421738 50.575676 -0.000004
v -44.722282 50.575676 0.699451
v -44.022827 49.176765 -0.000004
v -44.722282 49.176765 -0.699459
v -45.421738 49.176765 -0.000004
v -44.722282 49.176765 0.699451
v -44.022827 49.876221 -0.699459
v -45.421738 49.876221 -0.699459
v -45.421738 49.876221 0.699451
v -44.022827 49.876221 0.699451
vn 0.3574 0.8629 -0.3574
vn 0.8629 0.3574 -0.3574
vn 0.5773 0.5773 -0.5774
vn 0.3574 0.3574 -0.8629
vn -0.3574 0.8629 -0.3574
vn -0.3574 0.3574 -0.8629
vn -0.5773 0.5773 -0.5774
vn -0.8629 0.3574 -0.3574
vn -0.3574 0.8629 0.3574
vn -0.8629 0.3574 0.3574
vn -0.5773 0.5773 0.5774
vn -0.3574 0.3574 0.8629
vn 0.3574 0.8629 0.3574
vn 0.3574 0.3574 0.8629
vn 0.5773 0.5773 0.5774
vn 0.8629 0.3574 0.3574
vn 0.3574 -0.8629 -0.3574
vn 0.3574 -0.3574 -0.8629
vn 0.5773 -0.5773 -0.5774
vn 0.8629 -0.3574 -0.3574
vn -0.3574 -0.8629 -0.3574
vn -0.8629 -0.3574 -0.3574
vn -0.5773 -0.5773 -0.5774
vn -0.3574 -0.3574 -0.8629
vn -0.3574 -0.8629 0.3574
vn -0.3574 -0.3574 0.8629
vn -0.5773 -0.5773 0.5774
vn -0.8629 -0.3574 0.3574
vn 0.3574 -0.8629 0.3574
vn 0.8629 -0.3574 0.3574
vn 0.5773 -0.5773 0.5774
vn 0.3574 -0.3574 0.8629
vt 0.685958 0.822803
vt 0.682607 0.819453
vt 0.689308 0.819453
vt 0.679199 0.816045
vt 0.685958 0.813065
vt 0.692716 0.816044
vt 0.689308 0.826154
vt 0.695696 0.822803
vt 0.692716 0.829561
vt 0.682607 0.826154
vt 0.685958 0.832541
vt 0.679199 0.829562
vt 0.676220 0.822803
vt 0.662278 0.842627
vt 0.661502 0.837953
vt 0.666952 0.841850
vt 0.660712 0.833198
vt 0.667942 0.834706
vt 0.671707 0.841061
vt 0.657604 0.843403
vt 0.652849 0.844193
vt 0.654357 0.836962
vt 0.663054 0.847301
vt 0.663844 0.852056
vt 0.656613 0.850548
vt 0.670199 0.848291
s 0
usemtl Material__2
f 799/858/229 805/859/229 806/860/229
f 805/859/230 800/861/230 813/862/230
f 805/859/231 813/862/231 806/860/231
f 806/860/232 813/862/232 801/863/232
f 799/858/233 806/860/233 807/864/233
f 806/860/234 801/863/234 814/865/234
f 806/860/235 814/865/235 807/864/235
f 807/864/236 814/865/236 802/866/236
f 799/858/237 807/864/237 808/867/237
f 807/864/238 802/866/238 815/868/238
f 807/864/239 815/868/239 808/867/239
f 808/867/240 815/868/240 803/869/240
f 799/858/241 808/867/241 805/859/241
f 808/867/242 803/869/242 816/870/242
f 808/867/243 816/870/243 805/859/243
f 805/859/244 816/870/244 800/861/244
f 804/871/245 810/872/245 809/873/245
f 810/872/246 801/874/246 813/875/246
f 810/872/247 813/875/247 809/873/247
f 809/873/248 813/875/248 800/876/248
f 804/871/249 811/877/249 810/872/249
f 811/877/250 802/878/250 814/879/250
f 811/877/251 814/879/251 810/872/251
f 810/872/252 814/879/252 801/874/252
f 804/871/253 812/880/253 811/877/253
f 812/880/254 803/881/254 815/882/254
f 812/880/255 815/882/255 811/877/255
f 811/877/256 815/882/256 802/878/256
f 804/871/257 809/873/257 812/880/257
f 809/873/258 800/876/258 816/883/258
f 809/873/259 816/883/259 812/880/259
f 812/880/260 816/883/260 803/881/260
o 24_cep
v -43.208214 58.851894 -0.000004
v -43.601444 58.610794 0.393228
v -43.994675 58.369698 -0.000004
v -43.601444 58.610794 -0.393236
v -44.718681 59.620625 -0.000005
v -44.719177 59.179646 0.393228
v -44.719669 58.738670 -0.000004
v -44.719177 59.179646 -0.393236
v -46.236351 58.852501 -0.000004
v -45.843121 58.610794 0.393228
v -45.449890 58.369091 -0.000004
v -45.843121 58.610794 -0.393236
v -46.236351 56.305370 -0.000004
v -45.843121 56.551434 0.393228
v -45.449890 56.797497 -0.000004
v -45.843121 56.551434 -0.393236
v -44.725830 55.570995 -0.000004
v -44.725357 56.008011 0.393228
v -44.724888 56.445023 -0.000004
v -44.725357 56.008011 -0.393236
v -43.208214 56.304779 -0.000004
v -43.601444 56.551434 0.393228
v -43.994678 56.798088 -0.000004
v -43.601444 56.551434 -0.393236
v -44.722282 56.373032 -1.514074
v -44.722282 57.141762 -0.003603
v -44.329052 56.700783 -0.003110
v -44.329052 56.131931 -1.120842
v -44.722282 56.259804 -0.002616
v -44.722282 55.890831 -0.727610
v -45.115513 56.700783 -0.003110
v -45.115513 56.131931 -1.120842
v -44.722282 56.373638 1.514065
v -44.329052 56.131931 1.120834
v -44.722282 55.890228 0.727602
v -45.115513 56.131931 1.120834
v -44.722282 53.826508 1.514065
v -44.329052 54.072571 1.120834
v -44.722282 54.318634 0.727602
v -45.115513 54.072571 1.120834
v -44.722282 53.092133 0.003542
v -44.329052 53.529148 0.003072
v -44.722282 53.966160 0.002601
v -45.115513 53.529148 0.003072
v -44.722282 53.825916 -1.514074
v -44.329052 54.072571 -1.120842
v -44.722282 54.319225 -0.727610
v -45.115513 54.072571 -1.120842
v -43.208214 54.016609 -0.000004
v -44.718681 54.785339 -0.000004
v -44.719177 54.344360 0.393228
v -43.601444 53.775509 0.393228
v -44.719669 53.903385 -0.000004
v -43.994675 53.534412 -0.000004
v -44.719177 54.344360 -0.393236
v -43.601444 53.775509 -0.393236
v -46.236351 54.017216 -0.000004
v -45.843121 53.775509 0.393228
v -45.449890 53.533806 -0.000004
v -45.843121 53.775509 -0.393236
v -46.236351 51.470085 -0.000004
v -45.843121 51.716148 0.393228
v -45.449890 51.962212 -0.000004
v -45.843121 51.716148 -0.393236
v -44.725830 50.735710 -0.000004
v -44.725357 51.172726 0.393228
v -44.724888 51.609737 -0.000004
v -44.725357 51.172726 -0.393236
v -43.208214 51.469494 -0.000004
v -43.601444 51.716148 0.393228
v -43.994678 51.962803 -0.000004
v -43.601444 51.716148 -0.393236
v -43.208214 63.888035 -0.000005
v -44.718681 64.656761 -0.000005
v -44.719177 64.215790 0.393227
v -43.601444 63.646938 0.393227
v -44.719669 63.774811 -0.000005
v -43.994675 63.405838 -0.000005
v -44.719177 64.215790 -0.393237
v -43.601444 63.646938 -0.393237
v -46.236351 63.888641 -0.000005
v -45.843121 63.646938 0.393227
v -45.449890 63.405231 -0.000005
v -45.843121 63.646938 -0.393237
v -46.236351 61.341511 -0.000005
v -45.843121 61.587574 0.393227
v -45.449890 61.833637 -0.000005
v -45.843121 61.587574 -0.393237
v -44.725830 60.607140 -0.000005
v -44.725357 61.044151 0.393227
v -44.724888 61.481163 -0.000005
v -44.725357 61.044151 -0.393237
v -43.208214 61.340923 -0.000005
v -43.601444 61.587574 0.393227
v -43.994678 61.834229 -0.000005
v -43.601444 61.587574 -0.393237
v -44.722282 61.409176 -1.514075
v -44.722282 62.177902 -0.003604
v -44.329052 61.736923 -0.003111
v -44.329052 61.168076 -1.120843
v -44.722282 61.295944 -0.002617
v -44.722282 60.926971 -0.727611
v -45.115513 61.736923 -0.003111
v -45.115513 61.168076 -1.120843
v -44.722282 61.409779 1.514064
v -44.329052 61.168076 1.120833
v -44.722282 60.926369 0.727601
v -45.115513 61.168076 1.120833
v -44.722282 58.862648 1.514065
v -44.329052 59.108711 1.120834
v -44.722282 59.354774 0.727602
v -45.115513 59.108711 1.120834
v -44.722282 58.128273 0.003542
v -44.329052 58.565289 0.003072
v -44.722282 59.002300 0.002601
v -45.115513 58.565289 0.003072
v -44.722282 58.862061 -1.514074
v -44.329052 59.108711 -1.120842
v -44.722282 59.355366 -0.727610
v -45.115513 59.108711 -1.120842
v -43.208214 68.928612 -0.000005
v -44.718681 69.697342 -0.000005
v -44.719177 69.256363 0.393227
v -43.601444 68.687515 0.393227
v -44.719669 68.815384 -0.000005
v -43.994675 68.446411 -0.000005
v -44.719177 69.256363 -0.393237
v -43.601444 68.687515 -0.393237
v -46.236351 68.929214 -0.000005
v -45.843121 68.687515 0.393227
v -45.449890 68.445808 -0.000005
v -45.843121 68.687515 -0.393237
v -46.236351 66.382088 -0.000005
v -45.843121 66.628151 0.393227
v -45.449890 66.874214 -0.000005
v -45.843121 66.628151 -0.393237
v -44.725830 65.647713 -0.000005
v -44.725357 66.084724 0.393227
v -44.724888 66.521736 -0.000005
v -44.725357 66.084724 -0.393237
v -43.208214 66.381500 -0.000005
v -43.601444 66.628151 0.393227
v -43.994678 66.874802 -0.000005
v -43.601444 66.628151 -0.393237
v -44.722282 66.449745 -1.514075
v -44.722282 67.218475 -0.003604
v -44.329052 66.777496 -0.003111
v -44.329052 66.208649 -1.120843
v -44.722282 66.336517 -0.002617
v -44.722282 65.967552 -0.727611
v -45.115513 66.777496 -0.003111
v -45.115513 66.208649 -1.120843
v -44.722282 66.450356 1.514064
v -44.329052 66.208649 1.120833
v -44.722282 65.966942 0.727601
v -45.115513 66.208649 1.120833
v -44.722282 63.903221 1.514064
v -44.329052 64.149284 1.120833
v -44.722282 64.395348 0.727601
v -45.115513 64.149284 1.120833
v -44.722282 63.168850 0.003541
v -44.329052 63.605862 0.003071
v -44.722282 64.042877 0.002600
v -45.115513 63.605862 0.003071
v -44.722282 63.902634 -1.514075
v -44.329052 64.149284 -1.120843
v -44.722282 64.395943 -0.727611
v -45.115513 64.149284 -1.120843
v -43.208214 73.964752 -0.000006
v -44.718681 74.733482 -0.000006
v -44.719177 74.292503 0.393226
v -43.601444 73.723656 0.393226
v -44.719669 73.851524 -0.000006
v -43.994675 73.482552 -0.000006
v -44.719177 74.292503 -0.393238
v -43.601444 73.723656 -0.393238
v -46.236351 73.965355 -0.000006
v -45.843121 73.723656 0.393226
v -45.449890 73.481949 -0.000006
v -45.843121 73.723656 -0.393238
v -46.236351 71.418228 -0.000005
v -45.843121 71.664291 0.393227
v -45.449890 71.910355 -0.000005
v -45.843121 71.664291 -0.393237
v -44.725830 70.683853 -0.000005
v -44.725357 71.120865 0.393227
v -44.724888 71.557877 -0.000005
v -44.725357 71.120865 -0.393237
v -43.208214 71.417633 -0.000005
v -43.601444 71.664291 0.393227
v -43.994678 71.910942 -0.000005
v -43.601444 71.664291 -0.393237
v -44.722282 71.485893 -1.514075
v -44.722282 72.254616 -0.003604
v -44.329052 71.813637 -0.003111
v -44.329052 71.244789 -1.120843
v -44.722282 71.372665 -0.002617
v -44.722282 71.003693 -0.727611
v -45.115513 71.813637 -0.003111
v -45.115513 71.244789 -1.120843
v -44.722282 71.486496 1.514064
v -44.329052 71.244789 1.120833
v -44.722282 71.003082 0.727601
v -45.115513 71.244789 1.120833
v -44.722282 68.939362 1.514064
v -44.329052 69.185425 1.120833
v -44.722282 69.431488 0.727601
v -45.115513 69.185425 1.120833
v -44.722282 68.204987 0.003541
v -44.329052 68.641998 0.003071
v -44.722282 69.079018 0.002600
v -45.115513 68.641998 0.003071
v -44.722282 68.938774 -1.514075
v -44.329052 69.185425 -1.120843
v -44.722282 69.432083 -0.727611
v -45.115513 69.185425 -1.120843
vn 0.3207 0.6302 0.7071
vn -0.3207 -0.6302 0.7071
vn -0.3207 -0.6302 -0.7071
vn 0.3207 0.6302 -0.7071
vn -0.3193 0.6309 0.7071
vn 0.3193 -0.6309 0.7071
vn 0.3193 -0.6309 -0.7071
vn -0.3193 0.6309 -0.7071
vn -0.7071 -0.0000 0.7071
vn 0.7071 -0.0000 0.7071
vn 0.7071 -0.0000 -0.7071
vn -0.7071 -0.0000 -0.7071
vn -0.3092 -0.6359 0.7071
vn 0.3092 0.6359 0.7071
vn 0.3092 0.6359 -0.7071
vn -0.3092 -0.6359 -0.7071
vn 0.3078 -0.6366 0.7071
vn -0.3078 0.6366 0.7071
vn -0.3078 0.6366 -0.7071
vn 0.3078 -0.6366 -0.7071
vn 0.7071 0.6302 -0.3207
vn 0.7071 -0.6302 0.3207
vn -0.7071 -0.6302 0.3207
vn -0.7071 0.6302 -0.3207
vn 0.7071 0.6309 0.3193
vn 0.7071 -0.6309 -0.3193
vn -0.7071 -0.6309 -0.3193
vn -0.7071 0.6309 0.3193
vn 0.7071 -0.6359 0.3092
vn 0.7071 0.6359 -0.3092
vn -0.7071 0.6359 -0.3092
vn -0.7071 -0.6359 0.3092
vn 0.7071 -0.6366 -0.3078
vn 0.7071 0.6366 0.3078
vn -0.7071 0.6366 0.3078
vn -0.7071 -0.6366 -0.3078
vt 0.299933 0.543642
vt 0.304503 0.543599
vt 0.304522 0.545621
vt 0.299982 0.545558
vt 0.304542 0.547613
vt 0.300014 0.547545
vt 0.299941 0.539737
vt 0.304465 0.539585
vt 0.304484 0.541578
vt 0.299947 0.541725
vt 0.309094 0.543555
vt 0.309080 0.545471
vt 0.309086 0.547457
vt 0.309010 0.539652
vt 0.309043 0.541640
vt 0.316900 0.543476
vt 0.316583 0.545255
vt 0.316117 0.547291
vt 0.316042 0.539678
vt 0.316548 0.541704
vt 0.322297 0.543422
vt 0.321013 0.546108
vt 0.319462 0.548071
vt 0.319371 0.538831
vt 0.320960 0.540763
vt 0.286709 0.543761
vt 0.292127 0.543712
vt 0.292477 0.545484
vt 0.288044 0.546421
vt 0.292980 0.547511
vt 0.289630 0.548357
vt 0.289546 0.539113
vt 0.292910 0.539898
vt 0.292444 0.541934
vt 0.287995 0.541077
vt 0.292708 0.525908
vt 0.297277 0.525864
vt 0.297297 0.527886
vt 0.292757 0.527824
vt 0.297316 0.529878
vt 0.292789 0.529811
vt 0.292716 0.522002
vt 0.297240 0.521850
vt 0.297259 0.523843
vt 0.292721 0.523990
vt 0.301869 0.525820
vt 0.301855 0.527736
vt 0.301861 0.529723
vt 0.301785 0.521918
vt 0.301818 0.523905
vt 0.309675 0.525741
vt 0.309358 0.527520
vt 0.308892 0.529557
vt 0.308817 0.521943
vt 0.309323 0.523969
vt 0.315072 0.525687
vt 0.313788 0.528373
vt 0.312237 0.530336
vt 0.312145 0.521096
vt 0.313735 0.523028
vt 0.279484 0.526026
vt 0.284902 0.525977
vt 0.285252 0.527749
vt 0.280819 0.528687
vt 0.285755 0.529776
vt 0.282405 0.530622
vt 0.282321 0.521379
vt 0.285685 0.522163
vt 0.285219 0.524199
vt 0.280770 0.523342
s 0
usemtl Material__2
f 817/884/261 821/885/261 822/886/261 818/887/261
f 818/887/262 822/886/262 823/888/262 819/889/262
f 819/890/263 823/891/263 824/892/263 820/893/263
f 820/893/264 824/892/264 821/885/264 817/884/264
f 821/885/265 825/894/265 826/895/265 822/886/265
f 822/886/266 826/895/266 827/896/266 823/888/266
f 823/891/267 827/897/267 828/898/267 824/892/267
f 824/892/268 828/898/268 825/894/268 821/885/268
f 825/894/269 829/899/269 830/900/269 826/895/269
f 826/895/270 830/900/270 831/901/270 827/896/270
f 827/897/271 831/902/271 832/903/271 828/898/271
f 828/898/272 832/903/272 829/899/272 825/894/272
f 829/899/273 833/904/273 834/905/273 830/900/273
f 830/900/274 834/905/274 835/906/274 831/901/274
f 831/902/275 835/907/275 836/908/275 832/903/275
f 832/903/276 836/908/276 833/904/276 829/899/276
f 833/909/277 837/910/277 838/911/277 834/912/277
f 834/912/278 838/911/278 839/913/278 835/914/278
f 835/915/279 839/916/279 840/917/279 836/918/279
f 836/918/280 840/917/280 837/910/280 833/909/280
f 837/910/270 817/884/270 818/887/270 838/911/270
f 838/911/269 818/887/269 819/889/269 839/913/269
f 839/916/272 819/890/272 820/893/272 840/917/272
f 840/917/271 820/893/271 817/884/271 837/910/271
f 841/919/281 842/920/281 843/921/281 844/922/281
f 844/922/282 843/921/282 845/923/282 846/924/282
f 846/925/283 845/926/283 847/927/283 848/928/283
f 848/928/284 847/927/284 842/920/284 841/919/284
f 842/920/285 849/929/285 850/930/285 843/921/285
f 843/921/286 850/930/286 851/931/286 845/923/286
f 845/926/287 851/932/287 852/933/287 847/927/287
f 847/927/288 852/933/288 849/929/288 842/920/288
f 849/929/270 853/934/270 854/935/270 850/930/270
f 850/930/271 854/935/271 855/936/271 851/931/271
f 851/932/272 855/937/272 856/938/272 852/933/272
f 852/933/269 856/938/269 853/934/269 849/929/269
f 853/934/289 857/939/289 858/940/289 854/935/289
f 854/935/290 858/940/290 859/941/290 855/936/290
f 855/937/291 859/942/291 860/943/291 856/938/291
f 856/938/292 860/943/292 857/939/292 853/934/292
f 857/944/293 861/945/293 862/946/293 858/947/293
f 858/947/294 862/946/294 863/948/294 859/949/294
f 859/950/295 863/951/295 864/952/295 860/953/295
f 860/953/296 864/952/296 861/945/296 857/944/296
f 861/945/271 841/919/271 844/922/271 862/946/271
f 862/946/270 844/922/270 846/924/270 863/948/270
f 863/951/269 846/925/269 848/928/269 864/952/269
f 864/952/272 848/928/272 841/919/272 861/945/272
f 865/884/261 866/885/261 867/886/261 868/887/261
f 868/887/262 867/886/262 869/888/262 870/889/262
f 870/890/263 869/891/263 871/892/263 872/893/263
f 872/893/264 871/892/264 866/885/264 865/884/264
f 866/885/265 873/894/265 874/895/265 867/886/265
f 867/886/266 874/895/266 875/896/266 869/888/266
f 869/891/267 875/897/267 876/898/267 871/892/267
f 871/892/268 876/898/268 873/894/268 866/885/268
f 873/894/269 877/899/269 878/900/269 874/895/269
f 874/895/270 878/900/270 879/901/270 875/896/270
f 875/897/271 879/902/271 880/903/271 876/898/271
f 876/898/272 880/903/272 877/899/272 873/894/272
f 877/899/273 881/904/273 882/905/273 878/900/273
f 878/900/274 882/905/274 883/906/274 879/901/274
f 879/902/275 883/907/275 884/908/275 880/903/275
f 880/903/276 884/908/276 881/904/276 877/899/276
f 881/909/277 885/910/277 886/911/277 882/912/277
f 882/912/278 886/911/278 887/913/278 883/914/278
f 883/915/279 887/916/279 888/917/279 884/918/279
f 884/918/280 888/917/280 885/910/280 881/909/280
f 885/910/270 865/884/270 868/887/270 886/911/270
f 886/911/269 868/887/269 870/889/269 887/913/269
f 887/916/272 870/890/272 872/893/272 888/917/272
f 888/917/271 872/893/271 865/884/271 885/910/271
f 889/884/261 890/885/261 891/886/261 892/887/261
f 892/887/262 891/886/262 893/888/262 894/889/262
f 894/890/263 893/891/263 895/892/263 896/893/263
f 896/893/264 895/892/264 890/885/264 889/884/264
f 890/885/265 897/894/265 898/895/265 891/886/265
f 891/886/266 898/895/266 899/896/266 893/888/266
f 893/891/267 899/897/267 900/898/267 895/892/267
f 895/892/268 900/898/268 897/894/268 890/885/268
f 897/894/269 901/899/269 902/900/269 898/895/269
f 898/895/270 902/900/270 903/901/270 899/896/270
f 899/897/271 903/902/271 904/903/271 900/898/271
f 900/898/272 904/903/272 901/899/272 897/894/272
f 901/899/273 905/904/273 906/905/273 902/900/273
f 902/900/274 906/905/274 907/906/274 903/901/274
f 903/902/275 907/907/275 908/908/275 904/903/275
f 904/903/276 908/908/276 905/904/276 901/899/276
f 905/909/277 909/910/277 910/911/277 906/912/277
f 906/912/278 910/911/278 911/913/278 907/914/278
f 907/915/279 911/916/279 912/917/279 908/918/279
f 908/918/280 912/917/280 909/910/280 905/909/280
f 909/910/270 889/884/270 892/887/270 910/911/270
f 910/911/269 892/887/269 894/889/269 911/913/269
f 911/916/272 894/890/272 896/893/272 912/917/272
f 912/917/271 896/893/271 889/884/271 909/910/271
f 913/919/281 914/920/281 915/921/281 916/922/281
f 916/922/282 915/921/282 917/923/282 918/924/282
f 918/925/283 917/926/283 919/927/283 920/928/283
f 920/928/284 919/927/284 914/920/284 913/919/284
f 914/920/285 921/929/285 922/930/285 915/921/285
f 915/921/286 922/930/286 923/931/286 917/923/286
f 917/926/287 923/932/287 924/933/287 919/927/287
f 919/927/288 924/933/288 921/929/288 914/920/288
f 921/929/270 925/934/270 926/935/270 922/930/270
f 922/930/271 926/935/271 927/936/271 923/931/271
f 923/932/272 927/937/272 928/938/272 924/933/272
f 924/933/269 928/938/269 925/934/269 921/929/269
f 925/934/289 929/939/289 930/940/289 926/935/289
f 926/935/290 930/940/290 931/941/290 927/936/290
f 927/937/291 931/942/291 932/943/291 928/938/291
f 928/938/292 932/943/292 929/939/292 925/934/292
f 929/944/293 933/945/293 934/946/293 930/947/293
f 930/947/294 934/946/294 935/948/294 931/949/294
f 931/950/295 935/951/295 936/952/295 932/953/295
f 932/953/296 936/952/296 933/945/296 929/944/296
f 933/945/271 913/919/271 916/922/271 934/946/271
f 934/946/270 916/922/270 918/924/270 935/948/270
f 935/951/269 918/925/269 920/928/269 936/952/269
f 936/952/272 920/928/272 913/919/272 933/945/272
f 937/884/261 938/885/261 939/886/261 940/887/261
f 940/887/262 939/886/262 941/888/262 942/889/262
f 942/890/263 941/891/263 943/892/263 944/893/263
f 944/893/264 943/892/264 938/885/264 937/884/264
f 938/885/265 945/894/265 946/895/265 939/886/265
f 939/886/266 946/895/266 947/896/266 941/888/266
f 941/891/267 947/897/267 948/898/267 943/892/267
f 943/892/268 948/898/268 945/894/268 938/885/268
f 945/894/269 949/899/269 950/900/269 946/895/269
f 946/895/270 950/900/270 951/901/270 947/896/270
f 947/897/271 951/902/271 952/903/271 948/898/271
f 948/898/272 952/903/272 949/899/272 945/894/272
f 949/899/273 953/904/273 954/905/273 950/900/273
f 950/900/274 954/905/274 955/906/274 951/901/274
f 951/902/275 955/907/275 956/908/275 952/903/275
f 952/903/276 956/908/276 953/904/276 949/899/276
f 953/909/277 957/910/277 958/911/277 954/912/277
f 954/912/278 958/911/278 959/913/278 955/914/278
f 955/915/279 959/916/279 960/917/279 956/918/279
f 956/918/280 960/917/280 957/910/280 953/909/280
f 957/910/270 937/884/270 940/887/270 958/911/270
f 958/911/269 940/887/269 942/889/269 959/913/269
f 959/916/272 942/890/272 944/893/272 960/917/272
f 960/917/271 944/893/271 937/884/271 957/910/271
f 961/919/281 962/920/281 963/921/281 964/922/281
f 964/922/282 963/921/282 965/923/282 966/924/282
f 966/925/283 965/926/283 967/927/283 968/928/283
f 968/928/284 967/927/284 962/920/284 961/919/284
f 962/920/285 969/929/285 970/930/285 963/921/285
f 963/921/286 970/930/286 971/931/286 965/923/286
f 965/926/287 971/932/287 972/933/287 967/927/287
f 967/927/288 972/933/288 969/929/288 962/920/288
f 969/929/270 973/934/270 974/935/270 970/930/270
f 970/930/271 974/935/271 975/936/271 971/931/271
f 971/932/272 975/937/272 976/938/272 972/933/272
f 972/933/269 976/938/269 973/934/269 969/929/269
f 973/934/289 977/939/289 978/940/289 974/935/289
f 974/935/290 978/940/290 979/941/290 975/936/290
f 975/937/291 979/942/291 980/943/291 976/938/291
f 976/938/292 980/943/292 977/939/292 973/934/292
f 977/944/293 981/945/293 982/946/293 978/947/293
f 978/947/294 982/946/294 983/948/294 979/949/294
f 979/950/295 983/951/295 984/952/295 980/953/295
f 980/953/296 984/952/296 981/945/296 977/944/296
f 981/945/271 961/919/271 964/922/271 982/946/271
f 982/946/270 964/922/270 966/924/270 983/948/270
f 983/951/269 966/925/269 968/928/269 984/952/269
f 984/952/272 968/928/272 961/919/272 981/945/272
f 985/884/261 986/885/261 987/886/261 988/887/261
f 988/887/262 987/886/262 989/888/262 990/889/262
f 990/890/263 989/891/263 991/892/263 992/893/263
f 992/893/264 991/892/264 986/885/264 985/884/264
f 986/885/265 993/894/265 994/895/265 987/886/265
f 987/886/266 994/895/266 995/896/266 989/888/266
f 989/891/267 995/897/267 996/898/267 991/892/267
f 991/892/268 996/898/268 993/894/268 986/885/268
f 993/894/269 997/899/269 998/900/269 994/895/269
f 994/895/270 998/900/270 999/901/270 995/896/270
f 995/897/271 999/902/271 1000/903/271 996/898/271
f 996/898/272 1000/903/272 997/899/272 993/894/272
f 997/899/273 1001/904/273 1002/905/273 998/900/273
f 998/900/274 1002/905/274 1003/906/274 999/901/274
f 999/902/275 1003/907/275 1004/908/275 1000/903/275
f 1000/903/276 1004/908/276 1001/904/276 997/899/276
f 1001/909/277 1005/910/277 1006/911/277 1002/912/277
f 1002/912/278 1006/911/278 1007/913/278 1003/914/278
f 1003/915/279 1007/916/279 1008/917/279 1004/918/279
f 1004/918/280 1008/917/280 1005/910/280 1001/909/280
f 1005/910/270 985/884/270 988/887/270 1006/911/270
f 1006/911/269 988/887/269 990/889/269 1007/913/269
f 1007/916/272 990/890/272 992/893/272 1008/917/272
f 1008/917/271 992/893/271 985/884/271 1005/910/271
f 1009/919/281 1010/920/281 1011/921/281 1012/922/281
f 1012/922/282 1011/921/282 1013/923/282 1014/924/282
f 1014/925/283 1013/926/283 1015/927/283 1016/928/283
f 1016/928/284 1015/927/284 1010/920/284 1009/919/284
f 1010/920/285 1017/929/285 1018/930/285 1011/921/285
f 1011/921/286 1018/930/286 1019/931/286 1013/923/286
f 1013/926/287 1019/932/287 1020/933/287 1015/927/287
f 1015/927/288 1020/933/288 1017/929/288 1010/920/288
f 1017/929/270 1021/934/270 1022/935/270 1018/930/270
f 1018/930/271 1022/935/271 1023/936/271 1019/931/271
f 1019/932/272 1023/937/272 1024/938/272 1020/933/272
f 1020/933/269 1024/938/269 1021/934/269 1017/929/269
f 1021/934/289 1025/939/289 1026/940/289 1022/935/289
f 1022/935/290 1026/940/290 1027/941/290 1023/936/290
f 1023/937/291 1027/942/291 1028/943/291 1024/938/291
f 1024/938/292 1028/943/292 1025/939/292 1021/934/292
f 1025/944/293 1029/945/293 1030/946/293 1026/947/293
f 1026/947/294 1030/946/294 1031/948/294 1027/949/294
f 1027/950/295 1031/951/295 1032/952/295 1028/953/295
f 1028/953/296 1032/952/296 1029/945/296 1025/944/296
f 1029/945/271 1009/919/271 1012/922/271 1030/946/271
f 1030/946/270 1012/922/270 1014/924/270 1031/948/270
f 1031/951/269 1014/925/269 1016/928/269 1032/952/269
f 1032/952/272 1016/928/272 1009/919/272 1029/945/272
o 25_viveska
v -41.556622 28.382088 -21.702814
v -35.103954 17.649130 -21.702814
v -35.742970 15.430965 -21.702814
v -37.533447 13.652136 -21.702814
v -40.120770 12.664959 -21.702814
v -42.992477 12.664959 -21.702814
v -45.579796 13.652136 -21.702814
v -47.370274 15.430964 -21.702814
v -48.009289 17.649128 -21.702814
v -41.556622 28.382088 -23.313164
v -35.103954 17.649130 -23.313164
v -35.742970 15.430965 -23.313164
v -37.533447 13.652136 -23.313164
v -40.120770 12.664959 -23.313164
v -42.992477 12.664959 -23.313164
v -45.579796 13.652136 -23.313164
v -47.370274 15.430964 -23.313164
v -48.009289 17.649128 -23.313164
v -35.103954 28.382088 -21.702814
v -35.103954 28.382088 -23.313164
v -48.009293 28.382086 -23.313164
v -48.009293 28.382086 -21.702814
vn -0.0000 -0.0000 1.0000
vn -0.0000 1.0000 -0.0000
vn 0.9609 -0.2768 -0.0000
vn 0.7048 -0.7094 -0.0000
vn 0.3565 -0.9343 -0.0000
vn -0.0000 -1.0000 -0.0000
vn -0.3565 -0.9343 -0.0000
vn -0.7048 -0.7094 -0.0000
vn -0.9609 -0.2768 -0.0000
vn -0.0000 -0.0000 -1.0000
vn 1.0000 -0.0000 -0.0000
vn -1.0000 -0.0000 -0.0000
vt 0.744942 0.908220
vt 0.765983 0.861348
vt 0.768296 0.869376
vt 0.167664 0.883559
vt 0.146897 0.883583
vt 0.146880 0.870809
vt 0.167650 0.870785
vt 0.112354 0.883633
vt 0.104929 0.883649
vt 0.104897 0.870876
vt 0.112331 0.870860
vt 0.096810 0.883673
vt 0.096769 0.870899
vt 0.087902 0.883705
vt 0.087851 0.870932
vt 0.078663 0.883745
vt 0.078604 0.870972
vt 0.069753 0.883790
vt 0.069687 0.871016
vt 0.061633 0.883834
vt 0.061561 0.871061
vt 0.054205 0.883878
vt 0.054130 0.871104
vt 0.188433 0.883536
vt 0.188419 0.870763
vt 0.797213 0.907671
vt 0.818254 0.860799
vt 0.820567 0.868827
vt 0.768296 0.908220
vt 0.773860 0.868827
vt 0.773860 0.907671
vt 0.820567 0.907671
vt 0.019661 0.884087
vt 0.019584 0.871314
vt 0.721589 0.869376
vt 0.721589 0.908220
vt 0.811774 0.854361
vt 0.802410 0.850788
vt 0.792017 0.850788
vt 0.782653 0.854361
vt 0.776173 0.860799
vt 0.759503 0.854910
vt 0.750139 0.851337
vt 0.739746 0.851337
vt 0.730382 0.854910
vt 0.723902 0.861348
s 0
usemtl Material__2
f 1033/954/297 1035/955/297 1034/956/297
f 1033/957/298 1051/958/298 1052/959/298 1042/960/298
f 1034/961/299 1035/962/299 1044/963/299 1043/964/299
f 1035/962/300 1036/965/300 1045/966/300 1044/963/300
f 1036/965/301 1037/967/301 1046/968/301 1045/966/301
f 1037/967/302 1038/969/302 1047/970/302 1046/968/302
f 1038/969/303 1039/971/303 1048/972/303 1047/970/303
f 1039/971/304 1040/973/304 1049/974/304 1048/972/304
f 1040/973/305 1041/975/305 1050/976/305 1049/974/305
f 1054/977/298 1033/957/298 1042/960/298 1053/978/298
f 1042/979/306 1049/980/306 1050/981/306
f 1033/954/297 1034/956/297 1051/982/297
f 1034/961/307 1043/964/307 1052/959/307 1051/958/307
f 1043/983/306 1042/979/306 1052/984/306
f 1042/979/306 1050/981/306 1053/985/306
f 1050/976/308 1041/975/308 1054/986/308 1053/987/308
f 1041/988/297 1033/954/297 1054/989/297
f 1042/979/306 1048/990/306 1049/980/306
f 1042/979/306 1047/991/306 1048/990/306
f 1042/979/306 1046/992/306 1047/991/306
f 1042/979/306 1045/993/306 1046/992/306
f 1042/979/306 1044/994/306 1045/993/306
f 1042/979/306 1043/983/306 1044/994/306
f 1033/954/297 1036/995/297 1035/955/297
f 1033/954/297 1037/996/297 1036/995/297
f 1033/954/297 1038/997/297 1037/996/297
f 1033/954/297 1039/998/297 1038/997/297
f 1033/954/297 1040/999/297 1039/998/297
f 1033/954/297 1041/988/297 1040/999/297
o 26_viveska_kolca
v -45.192387 31.276991 -22.507988
v -44.813087 31.001413 -22.507988
v -44.957966 30.555521 -22.507988
v -45.426807 30.555521 -22.507988
v -45.571686 31.001413 -22.507988
v -45.192387 30.795511 -23.830841
v -44.813087 30.584408 -23.653704
v -44.957966 30.242834 -23.367090
v -45.426807 30.242834 -23.367090
v -45.571686 30.584408 -23.653704
v -45.192387 29.576363 -24.534718
v -44.813087 29.528509 -24.263327
v -44.957966 29.451080 -23.824207
v -45.426807 29.451080 -23.824207
v -45.571686 29.528509 -24.263327
v -45.192387 28.189999 -24.290264
v -44.813087 28.327787 -24.051607
v -44.957966 28.550734 -23.665453
v -45.426807 28.550734 -23.665453
v -45.571686 28.327787 -24.051607
v -45.192387 27.285112 -23.211863
v -44.813087 27.544071 -23.117611
v -44.957966 27.963074 -22.965107
v -45.426807 27.963074 -22.965107
v -45.571686 27.544071 -23.117611
v -45.192387 27.285112 -21.804111
v -44.813087 27.544071 -21.898365
v -44.957966 27.963074 -22.050869
v -45.426807 27.963074 -22.050869
v -45.571686 27.544071 -21.898365
v -45.192387 28.189999 -20.725712
v -44.813087 28.327787 -20.964369
v -44.957966 28.550734 -21.350523
v -45.426807 28.550734 -21.350523
v -45.571686 28.327787 -20.964369
v -45.192387 29.576365 -20.481258
v -44.813087 29.528511 -20.752649
v -44.957966 29.451082 -21.191769
v -45.426807 29.451082 -21.191769
v -45.571686 29.528511 -20.752649
v -45.192387 30.795511 -21.185135
v -44.813087 30.584408 -21.362272
v -44.957966 30.242834 -21.648886
v -45.426807 30.242834 -21.648886
v -45.571686 30.584408 -21.362272
v -37.738922 31.276991 -22.507988
v -37.359623 31.001413 -22.507988
v -37.504501 30.555521 -22.507988
v -37.973343 30.555521 -22.507988
v -38.118221 31.001413 -22.507988
v -37.738922 30.795511 -23.830843
v -37.359623 30.584408 -23.653704
v -37.504501 30.242834 -23.367090
v -37.973343 30.242834 -23.367090
v -38.118221 30.584408 -23.653704
v -37.738922 29.576363 -24.534718
v -37.359623 29.528509 -24.263327
v -37.504501 29.451080 -23.824209
v -37.973343 29.451080 -23.824209
v -38.118221 29.528509 -24.263327
v -37.738922 28.189999 -24.290264
v -37.359623 28.327787 -24.051607
v -37.504501 28.550734 -23.665453
v -37.973343 28.550734 -23.665453
v -38.118221 28.327787 -24.051607
v -37.738922 27.285112 -23.211864
v -37.359623 27.544071 -23.117611
v -37.504501 27.963074 -22.965107
v -37.973343 27.963074 -22.965107
v -38.118221 27.544071 -23.117611
v -37.738922 27.285112 -21.804111
v -37.359623 27.544071 -21.898365
v -37.504501 27.963074 -22.050869
v -37.973343 27.963074 -22.050869
v -38.118221 27.544071 -21.898365
v -37.738922 28.189999 -20.725712
v -37.359623 28.327787 -20.964369
v -37.504501 28.550734 -21.350523
v -37.973343 28.550734 -21.350523
v -38.118221 28.327787 -20.964369
v -37.738922 29.576363 -20.481258
v -37.359623 29.528509 -20.752649
v -37.504501 29.451080 -21.191769
v -37.973343 29.451080 -21.191769
v -38.118221 29.528509 -20.752649
v -37.738922 30.795511 -21.185135
v -37.359623 30.584408 -21.362272
v -37.504501 30.242834 -21.648888
v -37.973343 30.242834 -21.648888
v -38.118221 30.584408 -21.362272
vn 0.5639 0.7761 -0.2825
vn 0.9451 -0.3071 0.1118
vn -0.0000 -0.9397 0.3420
vn -0.9451 -0.3071 0.1118
vn -0.5638 0.7761 -0.2825
vn 0.5638 0.4129 -0.7152
vn 0.9451 -0.1634 0.2830
vn -0.0000 -0.5000 0.8660
vn -0.9451 -0.1634 0.2830
vn -0.5638 0.4129 -0.7152
vn 0.5639 -0.1434 -0.8133
vn 0.9451 0.0567 0.3218
vn -0.0000 0.1736 0.9848
vn -0.9451 0.0567 0.3218
vn -0.5639 -0.1434 -0.8133
vn 0.5638 -0.6327 -0.5309
vn 0.9451 0.2503 0.2101
vn -0.0000 0.7660 0.6428
vn -0.9451 0.2503 0.2101
vn -0.5638 -0.6327 -0.5309
vn 0.5638 -0.8259 -0.0000
vn 0.9451 0.3268 -0.0000
vn -0.0000 1.0000 -0.0000
vn -0.9451 0.3268 -0.0000
vn -0.5639 -0.8259 -0.0000
vn 0.5638 -0.6327 0.5309
vn 0.9451 0.2503 -0.2101
vn -0.0000 0.7660 -0.6428
vn -0.9451 0.2503 -0.2101
vn -0.5638 -0.6327 0.5309
vn 0.5639 -0.1434 0.8133
vn 0.9451 0.0567 -0.3218
vn -0.0000 0.1736 -0.9848
vn -0.9451 0.0567 -0.3218
vn -0.5638 -0.1434 0.8133
vn 0.5638 0.4129 0.7152
vn 0.9451 -0.1634 -0.2830
vn -0.0000 -0.5000 -0.8660
vn -0.9451 -0.1634 -0.2830
vn -0.5638 0.4129 0.7152
vn 0.5639 0.7761 0.2825
vn 0.9451 -0.3071 -0.1118
vn -0.0000 -0.9397 -0.3420
vn -0.9451 -0.3071 -0.1118
vn -0.5638 0.7761 0.2825
vn 0.5638 0.7761 -0.2825
vn -0.5639 -0.6327 -0.5309
vn 0.5639 -0.8259 -0.0000
vn -0.5638 -0.8259 -0.0000
vn 0.5639 -0.6327 0.5309
vn -0.5639 -0.1434 0.8133
vn 0.5638 0.7761 0.2825
vt 0.950616 0.970678
vt 0.954110 0.970678
vt 0.954110 0.972619
vt 0.950616 0.972619
vt 0.957603 0.970678
vt 0.957603 0.972619
vt 0.961097 0.970678
vt 0.961097 0.972619
vt 0.964590 0.970678
vt 0.964590 0.972619
vt 0.968084 0.970678
vt 0.968084 0.972619
vt 0.954110 0.974560
vt 0.950616 0.974560
vt 0.957603 0.974560
vt 0.961097 0.974560
vt 0.964590 0.974560
vt 0.968084 0.974560
vt 0.954110 0.976501
vt 0.950616 0.976501
vt 0.957603 0.976501
vt 0.961097 0.976501
vt 0.964590 0.976501
vt 0.968084 0.976501
vt 0.954110 0.978441
vt 0.950616 0.978441
vt 0.957603 0.978441
vt 0.961097 0.978441
vt 0.964590 0.978441
vt 0.968084 0.978441
vt 0.954110 0.980382
vt 0.950616 0.980382
vt 0.957603 0.980382
vt 0.961097 0.980382
vt 0.964590 0.980382
vt 0.968084 0.980382
vt 0.954110 0.982323
vt 0.950616 0.982323
vt 0.957603 0.982323
vt 0.961097 0.982323
vt 0.964590 0.982323
vt 0.968084 0.982323
vt 0.954110 0.984264
vt 0.950616 0.984264
vt 0.957603 0.984264
vt 0.961097 0.984264
vt 0.964590 0.984264
vt 0.968084 0.984264
vt 0.954110 0.986205
vt 0.950616 0.986205
vt 0.957603 0.986205
vt 0.961097 0.986205
vt 0.964590 0.986205
vt 0.968084 0.986205
vt 0.954110 0.988146
vt 0.950616 0.988146
vt 0.957603 0.988146
vt 0.961097 0.988146
vt 0.964590 0.988146
vt 0.968084 0.988146
s 0
usemtl Material__2
f 1055/1000/309 1056/1001/309 1061/1002/309 1060/1003/309
f 1056/1001/310 1057/1004/310 1062/1005/310 1061/1002/310
f 1057/1004/311 1058/1006/311 1063/1007/311 1062/1005/311
f 1058/1006/312 1059/1008/312 1064/1009/312 1063/1007/312
f 1059/1008/313 1055/1010/313 1060/1011/313 1064/1009/313
f 1060/1003/314 1061/1002/314 1066/1012/314 1065/1013/314
f 1061/1002/315 1062/1005/315 1067/1014/315 1066/1012/315
f 1062/1005/316 1063/1007/316 1068/1015/316 1067/1014/316
f 1063/1007/317 1064/1009/317 1069/1016/317 1068/1015/317
f 1064/1009/318 1060/1011/318 1065/1017/318 1069/1016/318
f 1065/1013/319 1066/1012/319 1071/1018/319 1070/1019/319
f 1066/1012/320 1067/1014/320 1072/1020/320 1071/1018/320
f 1067/1014/321 1068/1015/321 1073/1021/321 1072/1020/321
f 1068/1015/322 1069/1016/322 1074/1022/322 1073/1021/322
f 1069/1016/323 1065/1017/323 1070/1023/323 1074/1022/323
f 1070/1019/324 1071/1018/324 1076/1024/324 1075/1025/324
f 1071/1018/325 1072/1020/325 1077/1026/325 1076/1024/325
f 1072/1020/326 1073/1021/326 1078/1027/326 1077/1026/326
f 1073/1021/327 1074/1022/327 1079/1028/327 1078/1027/327
f 1074/1022/328 1070/1023/328 1075/1029/328 1079/1028/328
f 1075/1025/329 1076/1024/329 1081/1030/329 1080/1031/329
f 1076/1024/330 1077/1026/330 1082/1032/330 1081/1030/330
f 1077/1026/331 1078/1027/331 1083/1033/331 1082/1032/331
f 1078/1027/332 1079/1028/332 1084/1034/332 1083/1033/332
f 1079/1028/333 1075/1029/333 1080/1035/333 1084/1034/333
f 1080/1031/334 1081/1030/334 1086/1036/334 1085/1037/334
f 1081/1030/335 1082/1032/335 1087/1038/335 1086/1036/335
f 1082/1032/336 1083/1033/336 1088/1039/336 1087/1038/336
f 1083/1033/337 1084/1034/337 1089/1040/337 1088/1039/337
f 1084/1034/338 1080/1035/338 1085/1041/338 1089/1040/338
f 1085/1037/339 1086/1036/339 1091/1042/339 1090/1043/339
f 1086/1036/340 1087/1038/340 1092/1044/340 1091/1042/340
f 1087/1038/341 1088/1039/341 1093/1045/341 1092/1044/341
f 1088/1039/342 1089/1040/342 1094/1046/342 1093/1045/342
f 1089/1040/343 1085/1041/343 1090/1047/343 1094/1046/343
f 1090/1043/344 1091/1042/344 1096/1048/344 1095/1049/344
f 1091/1042/345 1092/1044/345 1097/1050/345 1096/1048/345
f 1092/1044/346 1093/1045/346 1098/1051/346 1097/1050/346
f 1093/1045/347 1094/1046/347 1099/1052/347 1098/1051/347
f 1094/1046/348 1090/1047/348 1095/1053/348 1099/1052/348
f 1095/1049/349 1096/1048/349 1056/1054/349 1055/1055/349
f 1096/1048/350 1097/1050/350 1057/1056/350 1056/1054/350
f 1097/1050/351 1098/1051/351 1058/1057/351 1057/1056/351
f 1098/1051/352 1099/1052/352 1059/1058/352 1058/1057/352
f 1099/1052/353 1095/1053/353 1055/1059/353 1059/1058/353
f 1100/1000/354 1101/1001/354 1106/1002/354 1105/1003/354
f 1101/1001/310 1102/1004/310 1107/1005/310 1106/1002/310
f 1102/1004/311 1103/1006/311 1108/1007/311 1107/1005/311
f 1103/1006/312 1104/1008/312 1109/1009/312 1108/1007/312
f 1104/1008/313 1100/1010/313 1105/1011/313 1109/1009/313
f 1105/1003/314 1106/1002/314 1111/1012/314 1110/1013/314
f 1106/1002/315 1107/1005/315 1112/1014/315 1111/1012/315
f 1107/1005/316 1108/1007/316 1113/1015/316 1112/1014/316
f 1108/1007/317 1109/1009/317 1114/1016/317 1113/1015/317
f 1109/1009/318 1105/1011/318 1110/1017/318 1114/1016/318
f 1110/1013/319 1111/1012/319 1116/1018/319 1115/1019/319
f 1111/1012/320 1112/1014/320 1117/1020/320 1116/1018/320
f 1112/1014/321 1113/1015/321 1118/1021/321 1117/1020/321
f 1113/1015/322 1114/1016/322 1119/1022/322 1118/1021/322
f 1114/1016/323 1110/1017/323 1115/1023/323 1119/1022/323
f 1115/1019/324 1116/1018/324 1121/1024/324 1120/1025/324
f 1116/1018/325 1117/1020/325 1122/1026/325 1121/1024/325
f 1117/1020/326 1118/1021/326 1123/1027/326 1122/1026/326
f 1118/1021/327 1119/1022/327 1124/1028/327 1123/1027/327
f 1119/1022/355 1115/1023/355 1120/1029/355 1124/1028/355
f 1120/1025/356 1121/1024/356 1126/1030/356 1125/1031/356
f 1121/1024/330 1122/1026/330 1127/1032/330 1126/1030/330
f 1122/1026/331 1123/1027/331 1128/1033/331 1127/1032/331
f 1123/1027/332 1124/1028/332 1129/1034/332 1128/1033/332
f 1124/1028/357 1120/1029/357 1125/1035/357 1129/1034/357
f 1125/1031/358 1126/1030/358 1131/1036/358 1130/1037/358
f 1126/1030/335 1127/1032/335 1132/1038/335 1131/1036/335
f 1127/1032/336 1128/1033/336 1133/1039/336 1132/1038/336
f 1128/1033/337 1129/1034/337 1134/1040/337 1133/1039/337
f 1129/1034/338 1125/1035/338 1130/1041/338 1134/1040/338
f 1130/1037/339 1131/1036/339 1136/1042/339 1135/1043/339
f 1131/1036/340 1132/1038/340 1137/1044/340 1136/1042/340
f 1132/1038/341 1133/1039/341 1138/1045/341 1137/1044/341
f 1133/1039/342 1134/1040/342 1139/1046/342 1138/1045/342
f 1134/1040/359 1130/1041/359 1135/1047/359 1139/1046/359
f 1135/1043/344 1136/1042/344 1141/1048/344 1140/1049/344
f 1136/1042/345 1137/1044/345 1142/1050/345 1141/1048/345
f 1137/1044/346 1138/1045/346 1143/1051/346 1142/1050/346
f 1138/1045/347 1139/1046/347 1144/1052/347 1143/1051/347
f 1139/1046/348 1135/1047/348 1140/1053/348 1144/1052/348
f 1140/1049/360 1141/1048/360 1101/1054/360 1100/1055/360
f 1141/1048/350 1142/1050/350 1102/1056/350 1101/1054/350
f 1142/1050/351 1143/1051/351 1103/1057/351 1102/1056/351
f 1143/1051/352 1144/1052/352 1104/1058/352 1103/1057/352
f 1144/1052/353 1140/1053/353 1100/1059/353 1104/1058/353
o 27_viveska_sfera
v -51.061104 32.599827 -22.751900
v -50.071926 31.610647 -22.751900
v -51.061104 31.610647 -23.741079
v -52.050282 31.610647 -22.751900
v -51.061104 31.610647 -21.762720
v -51.061104 30.621468 -22.751900
v -50.361649 32.310104 -22.751900
v -51.061104 32.310104 -23.451355
v -51.760559 32.310104 -22.751900
v -51.061104 32.310104 -22.052444
v -50.361649 30.911192 -22.751900
v -51.061104 30.911192 -23.451355
v -51.760559 30.911192 -22.751900
v -51.061104 30.911192 -22.052444
v -50.361649 31.610647 -23.451355
v -51.760559 31.610647 -23.451355
v -51.760559 31.610647 -22.052444
v -50.361649 31.610647 -22.052444
vn 0.3574 0.8629 -0.3574
vn 0.8629 0.3574 -0.3574
vn 0.5773 0.5774 -0.5773
vn 0.3574 0.3574 -0.8629
vn -0.3574 0.8629 -0.3574
vn -0.3574 0.3574 -0.8629
vn -0.5773 0.5774 -0.5773
vn -0.8629 0.3574 -0.3574
vn -0.3574 0.8629 0.3574
vn -0.8629 0.3574 0.3574
vn -0.5773 0.5774 0.5773
vn -0.3574 0.3574 0.8629
vn 0.3574 0.8629 0.3574
vn 0.3574 0.3574 0.8629
vn 0.5773 0.5774 0.5773
vn 0.8629 0.3574 0.3574
vn 0.3574 -0.8629 -0.3574
vn 0.3574 -0.3574 -0.8629
vn 0.5773 -0.5774 -0.5774
vn 0.8629 -0.3574 -0.3574
vn -0.3574 -0.8629 -0.3574
vn -0.8629 -0.3574 -0.3574
vn -0.5773 -0.5774 -0.5774
vn -0.3574 -0.3574 -0.8629
vn -0.3574 -0.8629 0.3574
vn -0.3574 -0.3574 0.8629
vn -0.5773 -0.5774 0.5773
vn -0.8629 -0.3574 0.3574
vn 0.3574 -0.8629 0.3574
vn 0.8629 -0.3574 0.3574
vn 0.5773 -0.5774 0.5773
vn 0.3574 -0.3574 0.8629
vt 0.708651 0.736857
vt 0.705300 0.733507
vt 0.712001 0.733507
vt 0.701891 0.730099
vt 0.708650 0.727120
vt 0.715409 0.730099
vt 0.712001 0.740208
vt 0.718389 0.736857
vt 0.715409 0.743616
vt 0.705300 0.740208
vt 0.708651 0.746595
vt 0.701891 0.743616
vt 0.698912 0.736857
vt 0.680701 0.734349
vt 0.679925 0.729675
vt 0.685375 0.733572
vt 0.679135 0.724920
vt 0.686365 0.726428
vt 0.690130 0.732782
vt 0.676027 0.735125
vt 0.671272 0.735915
vt 0.672780 0.728684
vt 0.681477 0.739023
vt 0.682267 0.743778
vt 0.675036 0.742269
vt 0.688622 0.740013
s 0
usemtl Material__2
f 1145/1060/361 1151/1061/361 1152/1062/361
f 1151/1061/362 1146/1063/362 1159/1064/362
f 1151/1061/363 1159/1064/363 1152/1062/363
f 1152/1062/364 1159/1064/364 1147/1065/364
f 1145/1060/365 1152/1062/365 1153/1066/365
f 1152/1062/366 1147/1065/366 1160/1067/366
f 1152/1062/367 1160/1067/367 1153/1066/367
f 1153/1066/368 1160/1067/368 1148/1068/368
f 1145/1060/369 1153/1066/369 1154/1069/369
f 1153/1066/370 1148/1068/370 1161/1070/370
f 1153/1066/371 1161/1070/371 1154/1069/371
f 1154/1069/372 1161/1070/372 1149/1071/372
f 1145/1060/373 1154/1069/373 1151/1061/373
f 1154/1069/374 1149/1071/374 1162/1072/374
f 1154/1069/375 1162/1072/375 1151/1061/375
f 1151/1061/376 1162/1072/376 1146/1063/376
f 1150/1073/377 1156/1074/377 1155/1075/377
f 1156/1074/378 1147/1076/378 1159/1077/378
f 1156/1074/379 1159/1077/379 1155/1075/379
f 1155/1075/380 1159/1077/380 1146/1078/380
f 1150/1073/381 1157/1079/381 1156/1074/381
f 1157/1079/382 1148/1080/382 1160/1081/382
f 1157/1079/383 1160/1081/383 1156/1074/383
f 1156/1074/384 1160/1081/384 1147/1076/384
f 1150/1073/385 1158/1082/385 1157/1079/385
f 1158/1082/386 1149/1083/386 1161/1084/386
f 1158/1082/387 1161/1084/387 1157/1079/387
f 1157/1079/388 1161/1084/388 1148/1080/388
f 1150/1073/389 1155/1075/389 1158/1082/389
f 1155/1075/390 1146/1078/390 1162/1085/390
f 1155/1075/391 1162/1085/391 1158/1082/391
f 1158/1082/392 1162/1085/392 1149/1083/392
o 28_viveska_palka
v -31.719135 31.481840 -22.087498
v -31.719135 31.827717 -22.254065
v -31.719135 31.913141 -22.628334
v -31.719135 31.673788 -22.928474
v -31.719135 31.289892 -22.928474
v -31.719135 31.050539 -22.628334
v -31.719135 31.135963 -22.254065
v -51.394108 31.481836 -22.087502
v -51.394108 31.827715 -22.254066
v -51.394108 31.913139 -22.628338
v -51.394108 31.673784 -22.928478
v -51.394108 31.289890 -22.928478
v -51.394108 31.050535 -22.628338
v -51.394108 31.135960 -22.254066
vn -0.0000 0.4339 0.9010
vn -0.0000 0.9749 0.2225
vn -0.0000 0.7818 -0.6235
vn -0.0000 -0.0000 -1.0000
vn -0.0000 -0.7818 -0.6235
vn -0.0000 -0.9749 0.2225
vn -0.0000 -0.4339 0.9010
vt 0.570966 0.861687
vt 0.576287 0.861687
vt 0.576287 0.908239
vt 0.570966 0.908239
vt 0.539045 0.861687
vt 0.544365 0.861687
vt 0.544365 0.908239
vt 0.539045 0.908239
vt 0.549686 0.861687
vt 0.549686 0.908239
vt 0.555006 0.861687
vt 0.555006 0.908239
vt 0.560326 0.861687
vt 0.560326 0.908239
vt 0.565646 0.861687
vt 0.565646 0.908239
s 0
usemtl Material__2
f 1163/1086/393 1164/1087/393 1171/1088/393 1170/1089/393
f 1164/1090/394 1165/1091/394 1172/1092/394 1171/1093/394
f 1165/1091/395 1166/1094/395 1173/1095/395 1172/1092/395
f 1166/1094/396 1167/1096/396 1174/1097/396 1173/1095/396
f 1167/1096/397 1168/1098/397 1175/1099/397 1174/1097/397
f 1168/1098/398 1169/1100/398 1176/1101/398 1175/1099/398
f 1169/1100/399 1163/1086/399 1170/1089/399 1176/1101/399
o 29_viveska_ukrashenie
v -45.250095 33.978939 -21.904213
v -44.374565 34.771648 -21.904215
v -45.730919 34.509998 -21.904213
v -44.855389 35.302708 -21.904213
v -43.605766 36.299759 -21.904213
v -44.316425 36.390198 -21.904213
v -43.801010 38.111538 -21.904215
v -44.453758 37.816353 -21.904213
v -44.718185 39.348331 -21.904215
v -45.205898 38.755630 -21.904215
v -47.881775 40.034294 -21.904215
v -47.820782 39.327965 -21.904215
v -49.376076 39.518040 -21.904215
v -48.872784 39.008221 -21.904215
v -50.877403 36.794807 -21.904213
v -50.179665 36.632412 -21.904213
v -50.960808 35.261478 -21.904213
v -50.258869 35.282780 -21.904213
v -50.428371 33.531307 -21.904215
v -49.880066 33.992367 -21.904213
v -49.192318 32.309273 -21.904215
v -48.698807 32.828560 -21.904213
v -47.191727 31.770063 -21.904215
v -46.978100 32.453861 -21.904213
v -44.616611 31.921972 -21.904215
v -44.824699 32.607475 -21.904213
v -42.366959 32.742390 -21.904215
v -42.575047 33.427891 -21.904215
v -40.556725 33.640091 -21.904215
v -40.810036 34.269241 -21.904213
v -37.138203 35.466972 -21.904213
v -37.300751 36.179741 -21.904213
v -35.587181 35.812145 -21.904213
v -35.497108 36.522850 -21.904213
v -34.381088 35.535263 -21.904213
v -34.099152 36.193844 -21.904213
v -33.447693 35.023479 -21.904213
v -32.922539 35.531231 -21.904213
v -32.975021 33.538696 -21.904213
v -32.313065 33.264793 -21.904213
v -33.352760 32.822433 -21.904215
v -32.867500 32.295429 -21.904215
v -34.225334 32.470226 -21.904215
v -34.148788 31.757938 -21.904215
v -34.875839 32.502323 -21.904215
v -35.041386 31.826136 -21.904213
v -35.150208 32.947277 -21.904215
v -35.882893 33.110569 -21.904213
v -35.006035 33.550529 -21.904215
v -35.704216 33.737534 -21.904213
v -46.287548 39.940697 -21.904215
v -46.541496 39.243607 -21.904215
v -38.791084 34.632084 -21.904215
v -38.921837 35.304832 -21.904213
v -35.700882 32.336964 -21.904213
v -50.406082 38.335236 -21.904215
v -49.805569 37.999130 -21.904215
v -33.000992 34.218685 -21.904213
v -32.333118 34.481689 -21.904213
v -45.250095 33.978939 -23.177319
v -44.374565 34.771648 -23.177319
v -45.730919 34.509998 -23.177319
v -44.855389 35.302708 -23.177319
v -43.605766 36.299759 -23.177319
v -44.316425 36.390198 -23.177319
v -43.801010 38.111538 -23.177320
v -44.453758 37.816353 -23.177319
v -44.718185 39.348331 -23.177320
v -45.205898 38.755630 -23.177320
v -47.881775 40.034294 -23.177320
v -47.820782 39.327965 -23.177320
v -49.376076 39.518040 -23.177320
v -48.872784 39.008221 -23.177320
v -50.877403 36.794807 -23.177319
v -50.179661 36.632412 -23.177319
v -50.960808 35.261478 -23.177319
v -50.258865 35.282780 -23.177319
v -50.428371 33.531307 -23.177319
v -49.880066 33.992367 -23.177319
v -49.192318 32.309273 -23.177319
v -48.698807 32.828560 -23.177319
v -47.191727 31.770063 -23.177319
v -46.978100 32.453861 -23.177319
v -44.616611 31.921972 -23.177319
v -44.824699 32.607475 -23.177319
v -42.366959 32.742390 -23.177319
v -42.575047 33.427891 -23.177319
v -40.556725 33.640091 -23.177319
v -40.810036 34.269241 -23.177319
v -37.138203 35.466972 -23.177319
v -37.300751 36.179741 -23.177319
v -35.587181 35.812145 -23.177319
v -35.497108 36.522850 -23.177319
v -34.381088 35.535263 -23.177319
v -34.099152 36.193844 -23.177319
v -33.447693 35.023479 -23.177319
v -32.922539 35.531231 -23.177319
v -32.975021 33.538696 -23.177319
v -32.313065 33.264793 -23.177319
v -33.352760 32.822433 -23.177319
v -32.867500 32.295429 -23.177319
v -34.225334 32.470226 -23.177319
v -34.148788 31.757938 -23.177319
v -34.875839 32.502323 -23.177319
v -35.041386 31.826136 -23.177319
v -35.150208 32.947277 -23.177319
v -35.882893 33.110569 -23.177319
v -35.006035 33.550529 -23.177319
v -35.704216 33.737534 -23.177319
v -46.287548 39.940697 -23.177320
v -46.541496 39.243607 -23.177320
v -38.791084 34.632084 -23.177319
v -38.921837 35.304832 -23.177319
v -35.700882 32.336964 -23.177319
v -50.406082 38.335236 -23.177320
v -49.805569 37.999130 -23.177320
v -33.000992 34.218685 -23.177319
v -32.333118 34.481689 -23.177319
vn -0.0000 -0.0000 1.0000
vn -0.0000 -0.0000 -1.0000
vn 0.6712 -0.7413 -0.0000
vn -0.6712 0.7413 -0.0000
vn -0.7413 -0.6712 -0.0000
vn 0.8933 -0.4494 -0.0000
vn -0.8960 0.4441 -0.0000
vn 0.9942 0.1071 -0.0000
vn -0.9954 -0.0959 -0.0000
vn 0.8032 0.5957 -0.0000
vn -0.7806 -0.6251 -0.0000
vn 0.3531 0.9356 -0.0000
vn -0.3432 -0.9393 -0.0000
vn -0.3265 0.9452 -0.0000
vn 0.2908 -0.9568 -0.0000
vn -0.7541 0.6567 -0.0000
vn 0.7343 -0.6788 -0.0000
vn -0.9985 0.0543 -0.0000
vn 0.9983 -0.0586 -0.0000
vn -0.9558 -0.2941 -0.0000
vn 0.9595 0.2817 -0.0000
vn -0.7031 -0.7111 -0.0000
vn 0.7018 0.7123 -0.0000
vn -0.2602 -0.9655 -0.0000
vn 0.2128 0.9771 -0.0000
vn 0.0589 -0.9983 -0.0000
vn -0.0712 0.9975 -0.0000
vn 0.3426 -0.9395 -0.0000
vn -0.3426 0.9395 -0.0000
vn 0.4443 -0.8959 -0.0000
vn -0.4303 0.9027 -0.0000
vn 0.4898 -0.8718 -0.0000
vn -0.4809 0.8768 -0.0000
vn 0.2172 -0.9761 -0.0000
vn -0.1869 0.9824 -0.0000
vn -0.2237 -0.9746 -0.0000
vn 0.2291 0.9734 -0.0000
vn -0.4808 -0.8768 -0.0000
vn 0.4907 0.8713 -0.0000
vn -0.8743 -0.4853 -0.0000
vn 0.8719 0.4897 -0.0000
vn -0.8845 0.4665 -0.0000
vn 0.8680 -0.4965 -0.0000
vn -0.3743 0.9273 -0.0000
vn 0.3868 -0.9221 -0.0000
vn 0.0493 0.9988 -0.0000
vn -0.0762 -0.9971 -0.0000
vn -0.6124 -0.7906 -0.0000
vn 0.9726 -0.2324 -0.0000
vn 0.2587 0.9660 -0.0000
vn -0.9617 0.2741 -0.0000
vn -0.0658 -0.9978 -0.0000
vn 0.0586 0.9983 -0.0000
vn -0.4749 0.8800 -0.0000
vn 0.4509 -0.8926 -0.0000
vn -0.9734 -0.2290 -0.0000
vn 0.8512 0.5249 -0.0000
vn -0.9562 0.2926 -0.0000
vn 0.9645 -0.2640 -0.0000
vn 0.9999 0.0165 -0.0000
vn -0.9993 -0.0382 -0.0000
vt 0.380434 0.867038
vt 0.383607 0.869911
vt 0.381865 0.871836
vt 0.378691 0.868963
vt 0.386394 0.875450
vt 0.383818 0.875778
vt 0.385686 0.882017
vt 0.383321 0.880947
vt 0.382362 0.886499
vt 0.380594 0.884351
vt 0.376674 0.888647
vt 0.375754 0.886120
vt 0.371117 0.886426
vt 0.370896 0.888986
vt 0.365479 0.887114
vt 0.367304 0.885267
vt 0.361746 0.882828
vt 0.363923 0.881609
vt 0.362567 0.876656
vt 0.360038 0.877244
vt 0.359735 0.871686
vt 0.362280 0.871764
vt 0.361665 0.865416
vt 0.363653 0.867087
vt 0.366145 0.860986
vt 0.367934 0.862868
vt 0.373397 0.859032
vt 0.374171 0.861510
vt 0.382730 0.859582
vt 0.381976 0.862067
vt 0.390884 0.862556
vt 0.390130 0.865041
vt 0.397446 0.865810
vt 0.396527 0.868090
vt 0.403845 0.869406
vt 0.403372 0.871844
vt 0.409247 0.875015
vt 0.409836 0.872431
vt 0.415458 0.873683
vt 0.415784 0.876258
vt 0.419829 0.872679
vt 0.420851 0.875066
vt 0.423212 0.870824
vt 0.425116 0.872664
vt 0.424831 0.867907
vt 0.427252 0.868860
vt 0.427325 0.864450
vt 0.424926 0.865442
vt 0.423557 0.862846
vt 0.425315 0.860936
vt 0.420394 0.861570
vt 0.420672 0.858988
vt 0.418036 0.861686
vt 0.417436 0.859235
vt 0.415046 0.861087
vt 0.414386 0.863890
vt 0.417042 0.863299
vt 0.417564 0.865485
vt 0.415034 0.866163
vt 0.877994 0.892694
vt 0.876251 0.890769
vt 0.879425 0.887896
vt 0.881167 0.889821
vt 0.873465 0.896308
vt 0.876041 0.896636
vt 0.874173 0.902875
vt 0.876538 0.901805
vt 0.877497 0.907357
vt 0.879265 0.905209
vt 0.883185 0.909504
vt 0.884105 0.906978
vt 0.894380 0.907973
vt 0.888963 0.909844
vt 0.888742 0.907284
vt 0.892555 0.906125
vt 0.898112 0.903686
vt 0.895936 0.902467
vt 0.900123 0.892545
vt 0.899821 0.898102
vt 0.897292 0.897514
vt 0.897579 0.892622
vt 0.898193 0.886274
vt 0.896206 0.887945
vt 0.893713 0.881844
vt 0.891925 0.883726
vt 0.886462 0.879890
vt 0.885688 0.882368
vt 0.877129 0.880440
vt 0.877883 0.882925
vt 0.868975 0.883414
vt 0.869729 0.885899
vt 0.862413 0.886668
vt 0.863331 0.888948
vt 0.856014 0.890263
vt 0.856488 0.892702
vt 0.844401 0.894541
vt 0.850023 0.893289
vt 0.850612 0.895873
vt 0.844075 0.897116
vt 0.840029 0.893537
vt 0.839008 0.895924
vt 0.836646 0.891682
vt 0.834743 0.893522
vt 0.832607 0.889718
vt 0.835027 0.888765
vt 0.836302 0.883704
vt 0.834934 0.886300
vt 0.832534 0.885307
vt 0.834543 0.881794
vt 0.839465 0.882428
vt 0.839188 0.879846
vt 0.841823 0.882544
vt 0.842423 0.880093
vt 0.844813 0.881945
vt 0.842295 0.886343
vt 0.842817 0.884157
vt 0.845473 0.884748
vt 0.844825 0.887021
vt 0.246730 0.508548
vt 0.246730 0.512544
vt 0.242123 0.512544
vt 0.242123 0.508019
vt 0.451123 0.446452
vt 0.451123 0.450738
vt 0.446496 0.450738
vt 0.446496 0.446452
vt 0.451123 0.443850
vt 0.446496 0.443850
vt 0.246730 0.502351
vt 0.242123 0.501877
vt 0.451123 0.455138
vt 0.446496 0.455138
vt 0.246730 0.495709
vt 0.242123 0.495341
vt 0.451123 0.460331
vt 0.446496 0.460331
vt 0.246730 0.490083
vt 0.242123 0.489812
vt 0.451123 0.464686
vt 0.446496 0.464686
vt 0.246730 0.483956
vt 0.242123 0.483773
vt 0.451123 0.469831
vt 0.446496 0.469831
vt 0.246730 0.472353
vt 0.246730 0.478123
vt 0.242123 0.478015
vt 0.242123 0.472307
vt 0.451123 0.474465
vt 0.451123 0.478432
vt 0.446496 0.478432
vt 0.446496 0.474465
vt 0.246730 0.466634
vt 0.242123 0.466637
vt 0.451123 0.483394
vt 0.446496 0.483394
vt 0.246730 0.455181
vt 0.246730 0.460768
vt 0.242123 0.460806
vt 0.242123 0.455243
vt 0.451123 0.488510
vt 0.451123 0.493387
vt 0.446496 0.493387
vt 0.446496 0.488510
vt 0.246730 0.448602
vt 0.242123 0.448678
vt 0.451123 0.498236
vt 0.446496 0.498236
vt 0.246730 0.442289
vt 0.242123 0.442372
vt 0.451123 0.504223
vt 0.446496 0.504223
vt 0.246730 0.434767
vt 0.242123 0.434851
vt 0.451123 0.510583
vt 0.446496 0.510583
vt 0.269446 0.531987
vt 0.269446 0.541337
vt 0.264832 0.541337
vt 0.264832 0.531987
vt 0.451123 0.518388
vt 0.446496 0.518388
vt 0.269446 0.523307
vt 0.264832 0.523307
vt 0.451123 0.527050
vt 0.446496 0.527050
vt 0.269446 0.515984
vt 0.264832 0.515984
vt 0.451123 0.534115
vt 0.446496 0.534115
vt 0.269446 0.508643
vt 0.264832 0.508643
vt 0.451123 0.541903
vt 0.446496 0.541903
vt 0.269446 0.496172
vt 0.269446 0.501932
vt 0.264831 0.501932
vt 0.264831 0.496172
vt 0.451123 0.548560
vt 0.451123 0.555196
vt 0.446496 0.555196
vt 0.446496 0.548560
vt 0.269446 0.491687
vt 0.264831 0.491687
vt 0.451123 0.560381
vt 0.446496 0.560381
vt 0.269446 0.487829
vt 0.264831 0.487829
vt 0.451123 0.565257
vt 0.446496 0.565257
vt 0.269446 0.484493
vt 0.264831 0.484493
vt 0.451123 0.569602
vt 0.446496 0.569602
vt 0.269446 0.479092
vt 0.269446 0.482027
vt 0.264831 0.482027
vt 0.264831 0.479092
vt 0.451123 0.574000
vt 0.451123 0.578036
vt 0.446496 0.578036
vt 0.446496 0.574000
vt 0.269446 0.475681
vt 0.264831 0.475681
vt 0.451123 0.583067
vt 0.446496 0.583067
vt 0.269446 0.473321
vt 0.264831 0.473321
vt 0.451123 0.586306
vt 0.446496 0.586306
vt 0.451123 0.589327
vt 0.446496 0.589327
vt 0.269446 0.469178
vt 0.269446 0.471426
vt 0.264831 0.471426
vt 0.264831 0.469178
vt 0.269446 0.466558
vt 0.264831 0.466558
vt 0.451123 0.592209
vt 0.451123 0.594577
vt 0.446496 0.594577
vt 0.446496 0.592209
s 0
usemtl Material__2
f 1177/1102/400 1178/1103/400 1180/1104/400 1179/1105/400
f 1180/1104/400 1178/1103/400 1181/1106/400 1182/1107/400
f 1182/1107/400 1181/1106/400 1183/1108/400 1184/1109/400
f 1184/1109/400 1183/1108/400 1185/1110/400 1186/1111/400
f 1186/1111/400 1185/1110/400 1227/1112/400 1228/1113/400
f 1188/1114/400 1187/1115/400 1189/1116/400 1190/1117/400
f 1190/1117/400 1189/1116/400 1232/1118/400 1233/1119/400
f 1192/1120/400 1191/1121/400 1193/1122/400 1194/1123/400
f 1194/1123/400 1193/1122/400 1195/1124/400 1196/1125/400
f 1196/1125/400 1195/1124/400 1197/1126/400 1198/1127/400
f 1198/1127/400 1197/1126/400 1199/1128/400 1200/1129/400
f 1200/1129/400 1199/1128/400 1201/1130/400 1202/1131/400
f 1202/1131/400 1201/1130/400 1203/1132/400 1204/1133/400
f 1204/1133/400 1203/1132/400 1205/1134/400 1206/1135/400
f 1206/1135/400 1205/1134/400 1229/1136/400 1230/1137/400
f 1208/1138/400 1207/1139/400 1209/1140/400 1210/1141/400
f 1210/1141/400 1209/1140/400 1211/1142/400 1212/1143/400
f 1212/1143/400 1211/1142/400 1213/1144/400 1214/1145/400
f 1213/1144/400 1234/1146/400 1235/1147/400 1214/1145/400
f 1216/1148/400 1215/1149/400 1217/1150/400 1218/1151/400
f 1218/1151/400 1217/1150/400 1219/1152/400 1220/1153/400
f 1220/1153/400 1219/1152/400 1221/1154/400 1222/1155/400
f 1222/1155/400 1221/1154/400 1231/1156/400
f 1224/1157/400 1223/1158/400 1225/1159/400 1226/1160/400
f 1187/1115/400 1188/1114/400 1228/1113/400 1227/1112/400
f 1207/1139/400 1208/1138/400 1230/1137/400 1229/1136/400
f 1223/1158/400 1224/1157/400 1231/1156/400 1221/1154/400
f 1232/1118/400 1191/1121/400 1192/1120/400 1233/1119/400
f 1215/1149/400 1216/1148/400 1235/1147/400 1234/1146/400
f 1239/1161/401 1237/1162/401 1236/1163/401 1238/1164/401
f 1240/1165/401 1237/1162/401 1239/1161/401 1241/1166/401
f 1242/1167/401 1240/1165/401 1241/1166/401 1243/1168/401
f 1244/1169/401 1242/1167/401 1243/1168/401 1245/1170/401
f 1286/1171/401 1244/1169/401 1245/1170/401 1287/1172/401
f 1248/1173/401 1246/1174/401 1247/1175/401 1249/1176/401
f 1291/1177/401 1248/1173/401 1249/1176/401 1292/1178/401
f 1252/1179/401 1250/1180/401 1251/1181/401 1253/1182/401
f 1254/1183/401 1252/1179/401 1253/1182/401 1255/1184/401
f 1256/1185/401 1254/1183/401 1255/1184/401 1257/1186/401
f 1258/1187/401 1256/1185/401 1257/1186/401 1259/1188/401
f 1260/1189/401 1258/1187/401 1259/1188/401 1261/1190/401
f 1262/1191/401 1260/1189/401 1261/1190/401 1263/1192/401
f 1264/1193/401 1262/1191/401 1263/1192/401 1265/1194/401
f 1288/1195/401 1264/1193/401 1265/1194/401 1289/1196/401
f 1268/1197/401 1266/1198/401 1267/1199/401 1269/1200/401
f 1270/1201/401 1268/1197/401 1269/1200/401 1271/1202/401
f 1272/1203/401 1270/1201/401 1271/1202/401 1273/1204/401
f 1294/1205/401 1293/1206/401 1272/1203/401 1273/1204/401
f 1276/1207/401 1274/1208/401 1275/1209/401 1277/1210/401
f 1278/1211/401 1276/1207/401 1277/1210/401 1279/1212/401
f 1280/1213/401 1278/1211/401 1279/1212/401 1281/1214/401
f 1290/1215/401 1280/1213/401 1281/1214/401
f 1284/1216/401 1282/1217/401 1283/1218/401 1285/1219/401
f 1287/1172/401 1247/1175/401 1246/1174/401 1286/1171/401
f 1289/1196/401 1267/1199/401 1266/1198/401 1288/1195/401
f 1290/1215/401 1283/1218/401 1282/1217/401 1280/1213/401
f 1251/1181/401 1250/1180/401 1291/1177/401 1292/1178/401
f 1294/1205/401 1275/1209/401 1274/1208/401 1293/1206/401
f 1178/1220/402 1177/1221/402 1236/1222/402 1237/1223/402
f 1179/1224/403 1180/1225/403 1239/1226/403 1238/1227/403
f 1177/1228/404 1179/1224/404 1238/1227/404 1236/1229/404
f 1181/1230/405 1178/1220/405 1237/1223/405 1240/1231/405
f 1180/1225/406 1182/1232/406 1241/1233/406 1239/1226/406
f 1183/1234/407 1181/1230/407 1240/1231/407 1242/1235/407
f 1182/1232/408 1184/1236/408 1243/1237/408 1241/1233/408
f 1185/1238/409 1183/1234/409 1242/1235/409 1244/1239/409
f 1184/1236/410 1186/1240/410 1245/1241/410 1243/1237/410
f 1227/1242/411 1185/1238/411 1244/1239/411 1286/1243/411
f 1186/1240/412 1228/1244/412 1287/1245/412 1245/1241/412
f 1189/1246/413 1187/1247/413 1246/1248/413 1248/1249/413
f 1188/1250/414 1190/1251/414 1249/1252/414 1247/1253/414
f 1232/1254/415 1189/1246/415 1248/1249/415 1291/1255/415
f 1190/1251/416 1233/1256/416 1292/1257/416 1249/1252/416
f 1193/1258/417 1191/1259/417 1250/1260/417 1252/1261/417
f 1192/1262/418 1194/1263/418 1253/1264/418 1251/1265/418
f 1195/1266/419 1193/1258/419 1252/1261/419 1254/1267/419
f 1194/1263/420 1196/1268/420 1255/1269/420 1253/1264/420
f 1197/1270/421 1195/1266/421 1254/1267/421 1256/1271/421
f 1196/1268/422 1198/1272/422 1257/1273/422 1255/1269/422
f 1199/1274/423 1197/1270/423 1256/1271/423 1258/1275/423
f 1198/1272/424 1200/1276/424 1259/1277/424 1257/1273/424
f 1201/1278/425 1199/1279/425 1258/1280/425 1260/1281/425
f 1200/1276/426 1202/1282/426 1261/1283/426 1259/1277/426
f 1203/1284/427 1201/1278/427 1260/1281/427 1262/1285/427
f 1202/1282/428 1204/1286/428 1263/1287/428 1261/1283/428
f 1205/1288/429 1203/1284/429 1262/1285/429 1264/1289/429
f 1204/1286/430 1206/1290/430 1265/1291/430 1263/1287/430
f 1229/1292/431 1205/1288/431 1264/1289/431 1288/1293/431
f 1206/1290/432 1230/1294/432 1289/1295/432 1265/1291/432
f 1209/1296/433 1207/1297/433 1266/1298/433 1268/1299/433
f 1208/1300/434 1210/1301/434 1269/1302/434 1267/1303/434
f 1211/1304/435 1209/1296/435 1268/1299/435 1270/1305/435
f 1210/1301/436 1212/1306/436 1271/1307/436 1269/1302/436
f 1213/1308/437 1211/1304/437 1270/1305/437 1272/1309/437
f 1212/1306/438 1214/1310/438 1273/1311/438 1271/1307/438
f 1234/1312/439 1213/1308/439 1272/1309/439 1293/1313/439
f 1214/1310/440 1235/1314/440 1294/1315/440 1273/1311/440
f 1217/1316/441 1215/1317/441 1274/1318/441 1276/1319/441
f 1216/1320/442 1218/1321/442 1277/1322/442 1275/1323/442
f 1219/1324/443 1217/1316/443 1276/1319/443 1278/1325/443
f 1218/1321/444 1220/1326/444 1279/1327/444 1277/1322/444
f 1221/1328/445 1219/1324/445 1278/1325/445 1280/1329/445
f 1220/1326/446 1222/1330/446 1281/1331/446 1279/1327/446
f 1222/1330/447 1231/1332/447 1290/1333/447 1281/1331/447
f 1225/1334/448 1223/1335/448 1282/1336/448 1284/1337/448
f 1226/1338/449 1225/1334/449 1284/1337/449 1285/1339/449
f 1224/1340/450 1226/1341/450 1285/1342/450 1283/1343/450
f 1228/1244/451 1188/1250/451 1247/1253/451 1287/1245/451
f 1187/1247/452 1227/1242/452 1286/1243/452 1246/1248/452
f 1230/1294/453 1208/1300/453 1267/1303/453 1289/1295/453
f 1207/1297/454 1229/1292/454 1288/1293/454 1266/1298/454
f 1231/1332/455 1224/1340/455 1283/1343/455 1290/1333/455
f 1223/1335/456 1221/1328/456 1280/1329/456 1282/1336/456
f 1191/1259/457 1232/1254/457 1291/1255/457 1250/1260/457
f 1233/1256/458 1192/1262/458 1251/1265/458 1292/1257/458
f 1235/1314/459 1216/1320/459 1275/1323/459 1294/1315/459
f 1215/1317/460 1234/1312/460 1293/1313/460 1274/1318/460
o 30_viveska_kreplenie
v -31.719126 24.798990 -24.597281
v -31.719128 24.798990 -20.578138
v -31.719128 38.442604 -24.597282
v -31.719130 38.442604 -20.578140
v -32.197182 24.798990 -24.597281
v -32.197182 24.798990 -20.578138
v -32.197186 38.442604 -24.597282
v -32.197186 38.442604 -20.578140
vn -1.0000 -0.0000 -0.0000
vn -0.0000 -1.0000 -0.0000
vn -0.0000 -0.0000 1.0000
vn -0.0000 1.0000 -0.0000
vn -0.0000 -0.0000 -1.0000
vt 0.729809 0.663581
vt 0.744376 0.663581
vt 0.744376 0.713028
vt 0.729809 0.713028
vt 0.729809 0.661848
vt 0.744376 0.661848
vt 0.746108 0.663581
vt 0.746108 0.713028
vt 0.744376 0.714760
vt 0.729809 0.714760
vt 0.728077 0.713028
vt 0.728077 0.663581
s 0
usemtl Material__2
f 1299/1344/461 1300/1345/461 1302/1346/461 1301/1347/461
f 1295/1348/462 1296/1349/462 1300/1345/462 1299/1344/462
f 1296/1350/463 1298/1351/463 1302/1346/463 1300/1345/463
f 1298/1352/464 1297/1353/464 1301/1347/464 1302/1346/464
f 1297/1354/465 1295/1355/465 1299/1344/465 1301/1347/465
o 31_lestnica
v -43.046867 0.008975 -13.034515
v -43.046875 0.008977 13.034515
v -43.046867 2.443967 -13.034515
v -43.046875 2.443969 13.034515
v -40.208660 2.443967 -13.034515
v -40.208664 2.443969 13.034515
v -40.208660 4.807374 -13.034515
v -40.208664 4.807376 13.034515
v -37.593582 4.807374 -13.034514
v -37.593586 4.807376 13.034516
v -37.593582 6.942313 -13.034515
v -37.593586 6.942315 13.034515
v -32.821899 6.942312 -13.034514
v -32.821907 6.942315 13.034516
v -32.820049 0.008975 -13.034516
v -32.820053 0.008977 13.034513
vn -1.0000 -0.0000 -0.0000
vn -0.0000 1.0000 -0.0000
vn -0.0000 -0.0000 -1.0000
vn -0.0000 -0.0000 1.0000
vt 0.914493 0.890510
vt 0.914528 0.879846
vt 0.984258 0.880072
vt 0.984224 0.890736
vt 0.984183 0.903166
vt 0.914452 0.902940
vt 0.984149 0.913517
vt 0.914419 0.913290
vt 0.984112 0.924969
vt 0.914381 0.924743
vt 0.984082 0.934319
vt 0.914351 0.934093
vt 0.984014 0.955217
vt 0.914283 0.954990
vt 0.726275 0.833003
vt 0.705377 0.833003
vt 0.705369 0.802638
vt 0.746317 0.763189
vt 0.746309 0.793554
vt 0.725412 0.793554
vt 0.725412 0.784204
vt 0.713959 0.784204
vt 0.713959 0.773853
vt 0.701529 0.763189
vt 0.701529 0.773853
vt 0.726275 0.823653
vt 0.737727 0.823653
vt 0.737727 0.813302
vt 0.750157 0.802638
vt 0.750157 0.813302
s 0
usemtl Material__2
f 1305/1356/466 1303/1357/466 1304/1358/466 1306/1359/466
f 1305/1356/467 1306/1359/467 1308/1360/467 1307/1361/467
f 1307/1361/466 1308/1360/466 1310/1362/466 1309/1363/466
f 1309/1363/467 1310/1362/467 1312/1364/467 1311/1365/467
f 1311/1365/466 1312/1364/466 1314/1366/466 1313/1367/466
f 1313/1367/467 1314/1366/467 1316/1368/467 1315/1369/467
f 1313/1370/468 1315/1371/468 1317/1372/468
f 1318/1373/469 1316/1374/469 1314/1375/469
f 1312/1376/469 1310/1377/469 1318/1373/469
f 1310/1377/469 1308/1378/469 1318/1373/469
f 1308/1378/469 1304/1379/469 1318/1373/469
f 1314/1375/469 1312/1376/469 1318/1373/469
f 1308/1378/469 1306/1380/469 1304/1379/469
f 1317/1372/468 1311/1381/468 1313/1370/468
f 1317/1372/468 1309/1382/468 1311/1381/468
f 1317/1372/468 1307/1383/468 1309/1382/468
f 1303/1384/468 1305/1385/468 1307/1383/468
f 1307/1383/468 1317/1372/468 1303/1384/468
o 32_fundament
v -34.534653 0.000002 28.489738
v -22.975567 0.000002 28.489738
v -34.534653 0.000001 16.851261
v -34.534653 8.590851 28.489738
v -22.975567 8.590851 28.489738
v -34.534653 8.590850 16.851261
v -22.975567 0.000002 27.440292
v -22.975567 8.590851 27.440292
v -33.366344 8.590850 16.851261
v 34.534653 0.000002 28.489738
v 22.975567 0.000002 28.489738
v 22.975567 8.590851 28.489738
v 34.534653 8.590851 28.489738
v 34.534653 0.000001 16.851261
v 34.534653 8.590850 16.851261
v 22.975563 8.590851 27.440292
v 22.975563 0.000002 27.440292
v 33.366348 8.590850 16.851261
v 33.366348 0.000001 16.851261
v 33.366348 -0.000001 -16.851259
v -34.534653 -0.000002 -28.489740
v -22.975567 -0.000002 -28.489740
v -22.975567 8.590847 -28.489740
v -34.534653 8.590847 -28.489740
v -34.534653 -0.000001 -16.851259
v -34.534653 8.590848 -16.851259
v -22.975569 8.590847 -27.440294
v -22.975569 -0.000002 -27.440294
v -33.366344 8.590848 -16.851259
v -33.366344 -0.000001 -16.851259
v -33.366344 0.000001 16.851261
v 34.534653 -0.000002 -28.489740
v 34.534653 8.590847 -28.489740
v 22.975567 8.590847 -28.489740
v 22.975567 -0.000002 -28.489740
v 34.534653 -0.000001 -16.851259
v 34.534653 8.590848 -16.851259
v 22.975567 8.590847 -27.440294
v 22.975567 -0.000002 -27.440294
v 33.366348 8.590848 -16.851259
v -23.175022 8.590852 19.652740
v 23.175018 8.590852 19.652740
v -23.175024 8.590848 -19.652742
v 23.175026 8.590848 -19.652742
vn -0.0000 -0.0000 1.0000
vn -1.0000 -0.0000 -0.0000
vn 1.0000 -0.0000 -0.0000
vn -0.0000 -0.0000 -1.0000
vn -0.0000 1.0000 -0.0000
vt 0.234557 0.253118
vt 0.276450 0.253116
vt 0.276450 0.284251
vt 0.234558 0.284253
vt 0.192377 0.253118
vt 0.192377 0.284253
vt 0.280253 0.253116
vt 0.280254 0.284251
vt 0.446790 0.253103
vt 0.446791 0.284238
vt 0.188143 0.284253
vt 0.188143 0.253118
vt 0.492486 0.253102
vt 0.492487 0.284237
vt 0.450594 0.284238
vt 0.450593 0.253103
vt 0.061764 0.298535
vt 0.061764 0.329670
vt 0.019584 0.329670
vt 0.019584 0.298535
vt 0.065998 0.298535
vt 0.065998 0.329670
vt 0.188143 0.298535
vt 0.188143 0.329670
vt 0.492486 0.298518
vt 0.492487 0.329653
vt 0.450594 0.329655
vt 0.450593 0.298519
vt 0.061764 0.253119
vt 0.061764 0.284254
vt 0.019584 0.284254
vt 0.019584 0.253119
vt 0.446791 0.329655
vt 0.446789 0.298519
vt 0.065998 0.253118
vt 0.065998 0.284254
vt 0.234557 0.298534
vt 0.276450 0.298533
vt 0.276450 0.329668
vt 0.234558 0.329669
vt 0.192377 0.298534
vt 0.192377 0.329670
vt 0.280253 0.298532
vt 0.280254 0.329668
vt 0.019736 0.594382
vt 0.019711 0.552777
vt 0.054477 0.552777
vt 0.061917 0.594356
vt 0.023514 0.552777
vt 0.023413 0.385540
vt 0.054372 0.385540
vt 0.061914 0.590122
vt 0.019609 0.385540
vt 0.019584 0.344060
vt 0.061764 0.344035
vt 0.061767 0.348269
vt 0.183912 0.348194
vt 0.191349 0.385540
vt 0.226217 0.552777
vt 0.226242 0.594256
vt 0.191453 0.552777
vt 0.184062 0.594282
vt 0.222413 0.552777
vt 0.184059 0.590048
vt 0.226090 0.343934
vt 0.226115 0.385540
vt 0.183909 0.343960
vt 0.222312 0.385540
s 0
usemtl Material__2
f 1319/1386/470 1320/1387/470 1323/1388/470 1322/1389/470
f 1321/1390/471 1319/1386/471 1322/1389/471 1324/1391/471
f 1323/1388/472 1320/1387/472 1325/1392/472 1326/1393/472
f 1326/1393/470 1325/1392/470 1335/1394/470 1334/1395/470
f 1321/1390/473 1324/1391/473 1327/1396/473 1349/1397/473
f 1328/1398/470 1331/1399/470 1330/1400/470 1329/1401/470
f 1332/1402/472 1333/1403/472 1331/1404/472 1328/1405/472
f 1330/1400/471 1334/1395/471 1335/1394/471 1329/1401/471
f 1332/1402/473 1337/1406/473 1336/1407/473 1333/1403/473
f 1337/1406/472 1338/1408/472 1358/1409/472 1336/1407/472
f 1339/1410/473 1342/1411/473 1341/1412/473 1340/1413/473
f 1343/1414/471 1344/1415/471 1342/1416/471 1339/1417/471
f 1341/1412/472 1345/1418/472 1346/1419/472 1340/1413/472
f 1343/1414/470 1348/1420/470 1347/1421/470 1344/1415/470
f 1348/1420/471 1349/1397/471 1327/1396/471 1347/1421/471
f 1350/1422/473 1353/1423/473 1352/1424/473 1351/1425/473
f 1354/1426/472 1350/1422/472 1351/1425/472 1355/1427/472
f 1352/1424/471 1353/1423/471 1357/1428/471 1356/1429/471
f 1356/1429/473 1357/1428/473 1346/1419/473 1345/1418/473
f 1354/1426/470 1355/1427/470 1358/1409/470 1338/1408/470
f 1322/1430/474 1323/1431/474 1359/1432/474
f 1324/1433/474 1322/1430/474 1359/1432/474
f 1323/1431/474 1326/1434/474 1359/1432/474
f 1326/1434/474 1334/1435/474 1360/1436/474 1359/1432/474
f 1327/1437/474 1324/1433/474 1359/1432/474
f 1330/1438/474 1331/1439/474 1360/1436/474
f 1331/1439/474 1333/1440/474 1360/1436/474
f 1334/1435/474 1330/1438/474 1360/1436/474
f 1333/1440/474 1336/1441/474 1360/1436/474
f 1336/1441/474 1358/1442/474 1362/1443/474 1360/1436/474
f 1341/1444/474 1342/1445/474 1361/1446/474
f 1342/1445/474 1344/1447/474 1361/1446/474
f 1345/1448/474 1341/1444/474 1361/1446/474
f 1344/1447/474 1347/1449/474 1361/1446/474
f 1347/1449/474 1327/1437/474 1359/1432/474 1361/1446/474
f 1351/1450/474 1352/1451/474 1362/1443/474
f 1355/1452/474 1351/1450/474 1362/1443/474
f 1352/1451/474 1356/1453/474 1362/1443/474
f 1356/1453/474 1345/1448/474 1361/1446/474 1362/1443/474
f 1358/1442/474 1355/1452/474 1362/1443/474
