# Blender 4.4.3
# www.blender.org
o mesh_all1_Texture1_0
v 0.300082 -0.006164 -3.677253
v 0.425758 -0.720066 -3.595638
v 0.436738 -0.100831 -3.588507
v 0.154337 -0.090526 -3.771901
v 0.166224 -0.720066 -3.764181
v 0.091243 -0.426947 -3.512165
v 0.101981 -0.394798 -3.516108
v 0.075391 -0.433725 -3.522460
v 0.044273 -0.405651 -3.542668
v 0.049687 -0.419270 -3.539152
v 0.068438 -0.372071 -3.537891
v 0.108649 -0.426947 -3.538969
v 0.092797 -0.433725 -3.549263
v 0.109414 -0.394798 -3.527555
v 0.061679 -0.405651 -3.569471
v 0.075872 -0.372071 -3.549338
v 0.067093 -0.419270 -3.565955
v 0.123915 -0.467905 -3.510002
v 0.123173 -0.453582 -3.517781
v 0.116506 -0.453582 -3.507515
v 0.036960 -0.393825 -3.573768
v 0.022139 -0.390784 -3.576096
v 0.030293 -0.393825 -3.563502
v 0.181468 -0.528764 -3.524419
v 0.233424 -0.529845 -3.497730
v 0.209543 -0.554313 -3.509713
v 0.129637 -0.528764 -3.433491
v 0.152386 -0.554313 -3.422024
v 0.170939 -0.529845 -3.413281
v -0.074068 -0.711566 -2.601268
v -0.010653 -0.688446 -2.550247
v -0.061175 -0.710705 -2.671019
v -0.122979 -0.711191 -2.557920
v 0.177946 -0.722983 -2.248696
v 0.197121 -0.721983 -2.335398
v 0.135527 -0.698842 -2.338817
v 0.105419 -0.711997 -2.817680
v 0.047013 -0.710966 -2.801314
v 0.151180 -0.685759 -2.769972
v 0.128916 -0.711423 -2.884323
v 0.477695 -0.723643 -2.613864
v 0.398192 -0.705621 -2.651844
v 0.394867 -0.722644 -2.562612
v -1.022422 -0.717989 -2.967476
v -0.374759 -0.717989 -3.050924
v -0.792188 -0.717989 -3.322006
v -0.555911 -0.717989 -3.685840
v -0.138482 -0.717989 -3.414758
v -0.304917 -0.717989 -4.072338
v 0.202522 -0.717989 -2.171988
v 0.432756 -0.717989 -2.526518
v -0.029477 -0.717989 -2.826696
v 0.920027 -0.717989 -3.276850
v 0.206799 -0.717989 -3.190530
v 0.669032 -0.717989 -2.890352
v 0.388604 -0.044352 -3.426377
v 0.386445 0.030726 -3.427779
v 0.353305 -0.020813 -3.449300
v 0.031138 -0.044296 -3.658518
v 0.064895 -0.020266 -3.636596
v 0.032194 0.025328 -3.657832
v 0.213926 -0.233679 -3.591544
v 0.207314 -0.235697 -3.584156
v 0.210489 -0.211999 -3.585950
v 0.242518 -0.234691 -3.570697
v 0.239528 -0.213026 -3.564776
v 0.238235 -0.236791 -3.561610
v 0.246216 -0.185242 -3.583302
v 0.244099 -0.171891 -3.580175
v 0.241065 -0.191174 -3.571227
v 0.225499 -0.184509 -3.598408
v 0.216418 -0.190302 -3.589198
v 0.223938 -0.171178 -3.594876
v 0.254416 -0.159527 -3.601123
v 0.255981 -0.146272 -3.602387
v 0.249207 -0.156316 -3.590868
v 0.239271 -0.158991 -3.612167
v 0.232139 -0.155712 -3.603312
v 0.240290 -0.145717 -3.613828
v 0.273873 -0.159039 -3.630875
v 0.281230 -0.155745 -3.639810
v 0.272970 -0.145613 -3.628386
v 0.258742 -0.158504 -3.641908
v 0.257318 -0.145059 -3.639799
v 0.264155 -0.155141 -3.652260
v 0.287042 -0.184612 -3.645681
v 0.295938 -0.190367 -3.655064
v 0.288952 -0.171175 -3.648724
v 0.266298 -0.183878 -3.660806
v 0.268775 -0.170461 -3.663436
v 0.271249 -0.189493 -3.673066
v 0.297156 -0.233999 -3.654201
v 0.303682 -0.236011 -3.661638
v 0.301258 -0.212104 -3.659104
v 0.268540 -0.232987 -3.675066
v 0.272184 -0.211075 -3.680302
v 0.272736 -0.234916 -3.684202
v 0.209476 -0.232310 -3.671098
v 0.191124 -0.232333 -3.641508
v 0.240161 -0.232834 -3.687552
v 0.319871 -0.236371 -3.602633
v 0.270834 -0.235869 -3.556587
v 0.301519 -0.236394 -3.573041
v 0.486000 -0.158482 -3.318424
v 0.482713 -0.162926 -3.318721
v 0.482104 -0.168264 -3.316555
v 0.567957 -0.175468 -3.268514
v 0.569360 -0.134082 -3.290408
v 0.496991 -0.168392 -3.325220
v 0.559177 -0.101528 -3.313813
v 0.526257 -0.080202 -3.352305
v 0.500592 -0.093142 -3.359540
v 0.472969 -0.093521 -3.379479
v 0.436085 -0.134468 -3.385608
v 0.419168 -0.181906 -3.374232
v 0.427065 -0.216282 -3.355760
v 0.436396 -0.242517 -3.331895
v 0.469675 -0.261662 -3.311158
v 0.513271 -0.248976 -3.273675
v 0.548557 -0.220816 -3.262361
v -0.030196 -0.261176 -3.675312
v -0.028907 -0.270457 -3.688909
v -0.108296 -0.219808 -3.713228
v -0.025877 -0.270777 -3.704470
v -0.021919 -0.262049 -3.717826
v -0.018093 -0.246612 -3.725397
v -0.015424 -0.228603 -3.725156
v -0.015424 -0.228603 -3.725156
v -0.014628 -0.212847 -3.717166
v -0.015917 -0.203566 -3.703570
v -0.018947 -0.203247 -3.688009
v -0.022905 -0.211975 -3.674653
v -0.026732 -0.227411 -3.667081
v -0.029400 -0.245420 -3.667322
v -0.633090 -0.566993 -3.306195
v -0.603110 -0.575013 -3.289474
v -0.635016 -0.566993 -3.335450
v -0.580421 -0.575013 -3.345353
v -0.382286 -0.575013 -3.244107
v -0.406695 -0.575013 -3.194173
v -0.370289 -0.569838 -3.209857
v -0.388760 -0.569838 -3.187254
v -0.613477 -0.566993 -3.362257
v -0.363544 -0.569838 -3.237182
v -0.568649 -0.559618 -3.415444
v -0.591672 -0.559618 -3.391828
v -0.546879 -0.570734 -3.404313
v -0.578544 -0.570734 -3.344412
v -0.600176 -0.559618 -3.355644
v -0.359292 -0.570734 -3.309396
v -0.334226 -0.563561 -3.265508
v -0.329039 -0.563561 -3.297383
v -0.384089 -0.570734 -3.244812
v -0.354317 -0.563561 -3.233843
v -0.572532 -0.567212 -3.418870
v -0.557960 -0.575140 -3.409367
v -0.565340 -0.567212 -3.452510
v -0.518210 -0.575140 -3.458349
v -0.336575 -0.575140 -3.362318
v -0.353120 -0.575140 -3.306127
v -0.322433 -0.570024 -3.328116
v -0.335210 -0.570024 -3.299597
v -0.542171 -0.567212 -3.464215
v -0.321617 -0.570024 -3.355548
v -0.417356 -0.557359 -3.309479
v -0.419247 -0.560060 -3.303059
v -0.424036 -0.560528 -3.308533
v -0.422303 -0.556009 -3.314423
v -0.429138 -0.557359 -3.312947
v -0.431028 -0.560060 -3.306527
v -0.426081 -0.561410 -3.301583
v -0.421263 -0.536545 -3.296204
v -0.419374 -0.533844 -3.302624
v -0.426366 -0.533376 -3.300617
v -0.424321 -0.532494 -3.307568
v -0.431156 -0.533844 -3.306093
v -0.433046 -0.536545 -3.299672
v -0.428099 -0.537895 -3.294728
v -0.440589 -0.556138 -3.308410
v -0.444677 -0.561051 -3.308021
v -0.442598 -0.559190 -3.313503
v -0.439485 -0.553170 -3.313624
v -0.442472 -0.555115 -3.318449
v -0.446559 -0.560027 -3.318059
v -0.447662 -0.562996 -3.312845
v -0.457302 -0.546733 -3.304554
v -0.453215 -0.541820 -3.304943
v -0.457176 -0.542657 -3.309500
v -0.452111 -0.538852 -3.310158
v -0.455096 -0.540797 -3.314983
v -0.459185 -0.545710 -3.314593
v -0.460288 -0.548678 -3.309379
v -0.492386 -0.538153 -3.371772
v -0.500922 -0.538153 -3.378660
v -0.498658 -0.574688 -3.372732
v -0.511829 -0.538153 -3.377495
v -0.518718 -0.538153 -3.368958
v -0.512790 -0.574688 -3.371223
v -0.517553 -0.538153 -3.358052
v -0.509016 -0.538153 -3.351163
v -0.511280 -0.574688 -3.357091
v 0.597568 -0.138180 -3.084427
v 0.593204 -0.138180 -3.048095
v 0.651831 -0.160513 -3.064342
v 0.611028 -0.138180 -3.016136
v 0.644234 -0.138180 -3.000758
v 0.680137 -0.138180 -3.007834
v 0.705024 -0.138180 -3.034662
v 0.709389 -0.138180 -3.070994
v 0.691564 -0.138180 -3.102953
v 0.658358 -0.138180 -3.118331
v 0.622456 -0.138180 -3.111255
v -0.394683 -0.138180 -3.680991
v -0.369016 -0.138180 -3.654909
v -0.345128 -0.160513 -3.710859
v -0.332920 -0.138180 -3.648895
v -0.300182 -0.138180 -3.665245
v -0.283308 -0.138180 -3.697716
v -0.288742 -0.138180 -3.733904
v -0.314409 -0.138180 -3.759987
v -0.350505 -0.138180 -3.766002
v -0.383243 -0.138180 -3.749650
v -0.400118 -0.138180 -3.717179
v -0.260039 0.201189 -3.821897
v -0.234701 0.201189 -3.871439
v -0.294992 0.201189 -3.778599
v 0.657476 0.201189 -3.226056
v 0.632138 0.201189 -3.176513
v 0.692429 0.201189 -3.269353
v -0.780034 0.201189 -3.021176
v -0.754696 0.201189 -3.070717
v -0.814987 0.201189 -2.977877
v -0.304940 -0.153528 -3.733518
v -0.280295 -0.153528 -3.730272
v -0.232963 -0.153528 -3.801725
v -0.201212 -0.153528 -3.901223
v -0.185660 -0.153528 -3.876305
v -0.232963 -0.290550 -3.801725
v -0.201212 -0.290550 -3.901223
v -0.185660 -0.290550 -3.876305
v -0.304940 -0.290550 -3.733518
v -0.280295 -0.290550 -3.730272
v -0.850915 -0.153528 -2.951615
v -0.826271 -0.153528 -2.948370
v -0.778940 -0.153528 -3.019824
v -0.747187 -0.153528 -3.119321
v -0.731636 -0.153528 -3.094403
v -0.778940 -0.290550 -3.019824
v -0.747187 -0.290550 -3.119321
v -0.731636 -0.290550 -3.094403
v -0.850915 -0.290550 -2.951615
v -0.826271 -0.290550 -2.948370
v 0.594841 -0.153528 -3.148844
v 0.627876 -0.153528 -3.242340
v 0.581851 -0.153528 -3.170038
v 0.705856 -0.153528 -3.311816
v 0.676768 -0.153528 -3.315888
v 0.627876 -0.290550 -3.242340
v 0.676768 -0.290550 -3.315888
v 0.705856 -0.290550 -3.311817
v 0.594841 -0.290550 -3.148844
v 0.581851 -0.290550 -3.170038
v -0.134606 -0.305095 -3.815998
v -0.148491 -0.325380 -3.794617
v -0.134606 -0.325380 -3.815998
v -0.155980 -0.305095 -3.829878
v -0.155980 -0.325380 -3.829878
v -0.169865 -0.325380 -3.808497
v 0.017395 -0.305095 -3.717287
v 0.003510 -0.325380 -3.695906
v 0.017395 -0.325380 -3.717287
v -0.003977 -0.305095 -3.731166
v -0.003977 -0.325380 -3.731166
v -0.017863 -0.325380 -3.709785
v 0.465998 -0.306747 -3.425961
v 0.452112 -0.323483 -3.404580
v 0.465998 -0.323483 -3.425961
v 0.443054 -0.306747 -3.440861
v 0.443054 -0.323483 -3.440861
v 0.429169 -0.323483 -3.419480
v 0.621059 -0.306747 -3.325263
v 0.607173 -0.323483 -3.303882
v 0.621059 -0.323483 -3.325263
v 0.598122 -0.306747 -3.340159
v 0.598122 -0.323483 -3.340159
v 0.584237 -0.323483 -3.318778
v 0.256240 -0.500860 -3.349209
v 0.258446 -0.498762 -3.336882
v 0.267646 -0.494377 -3.328547
v 0.297274 -0.484696 -3.345463
v 0.295068 -0.486794 -3.357790
v 0.285867 -0.491179 -3.366123
v 0.018609 -0.496812 -3.486965
v 0.025335 -0.494704 -3.497590
v 0.024174 -0.490302 -3.510002
v -0.009237 -0.480580 -3.517567
v -0.015964 -0.482687 -3.506943
v -0.014802 -0.487090 -3.494532
v 0.013276 -0.550714 -3.159141
v -0.031990 -0.548232 -3.196972
v -0.066950 -0.530499 -3.107900
v -0.090860 -0.546049 -3.200942
v -0.140849 -0.544997 -3.169538
v -0.162862 -0.545479 -3.114753
v -0.138656 -0.545377 -3.063594
v -0.098852 -0.547559 -3.030329
v -0.047086 -0.549479 -3.026837
v -0.003128 -0.550404 -3.054453
v 0.016229 -0.549980 -3.102627
v -0.265172 -0.643258 -3.620149
v -0.266959 -0.660441 -3.608657
v -0.270006 -0.641406 -3.599972
v -0.175086 -0.582278 -3.592053
v -0.188571 -0.577596 -3.606338
v -0.193404 -0.575744 -3.586161
v 0.670438 -0.045887 -3.063184
v 0.658393 -0.021665 -3.063382
v 0.654989 -0.048994 -3.064057
v 0.670377 -0.045906 -3.062028
v 0.654928 -0.049014 -3.062899
v 0.658336 -0.021683 -3.062303
v -0.354052 -0.074000 -3.701373
v -0.346074 -0.054557 -3.707981
v -0.344382 -0.076887 -3.709333
v -0.354652 -0.074000 -3.702101
v -0.344982 -0.076887 -3.710062
v -0.346634 -0.054557 -3.708661
v 0.271192 -0.455500 -3.347525
v 0.271293 -0.438923 -3.347515
v 0.284498 -0.449105 -3.346472
v 0.271098 -0.455500 -3.346328
v 0.284404 -0.449105 -3.345278
v 0.271200 -0.438923 -3.346323
v 0.008889 -0.465315 -3.500437
v 0.008816 -0.453392 -3.500443
v -0.000689 -0.460716 -3.501090
v 0.008948 -0.465315 -3.501298
v -0.000630 -0.460716 -3.501950
v 0.008875 -0.453392 -3.501301
v 0.231169 -0.006164 -3.571136
v 0.085424 -0.090526 -3.665784
v 0.154337 -0.090526 -3.771901
v 0.300082 -0.006164 -3.677253
v 0.367825 -0.100831 -3.482390
v 0.436738 -0.100831 -3.588507
v 0.356845 -0.720066 -3.489521
v 0.425758 -0.720066 -3.595638
v 0.097311 -0.720066 -3.658064
v 0.166224 -0.720066 -3.764181
v -0.273340 -0.715518 -3.898768
v 0.097311 -0.720066 -3.658064
v 0.085424 -0.090526 -3.665784
v -0.262358 -0.071879 -3.891636
v 0.367825 -0.100831 -3.482390
v 0.356845 -0.720066 -3.489521
v 0.727240 -0.725672 -3.248984
v 0.719850 -0.078321 -3.253783
v 0.356845 -0.720066 -3.489521
v 0.097311 -0.720066 -3.658064
v 0.616754 0.080168 -3.320734
v 0.526263 0.137285 -3.379499
v 0.231169 -0.006164 -3.571136
v 0.231908 0.144610 -3.570656
v -0.070034 0.139402 -3.766739
v -0.142225 0.099220 -3.813621
v -0.863366 -0.717197 -3.109213
v -0.387203 -0.719052 -3.842441
v -0.386868 0.093683 -3.842956
v -0.863032 0.095536 -3.109728
v -0.350120 -0.473646 -3.809896
v -0.350120 -0.403229 -3.809896
v -0.428443 -0.405374 -3.689857
v -0.431423 -0.455150 -3.690013
v -0.401947 -0.403229 -3.849513
v -0.485821 -0.405374 -3.733717
v -0.401947 -0.473646 -3.849513
v -0.484754 -0.455150 -3.730781
v -0.634291 -0.420755 -3.512799
v -0.571850 -0.420755 -3.465069
v -0.571013 -0.471434 -3.468863
v -0.631132 -0.471434 -3.514816
v -0.722176 -0.405256 -3.228248
v -0.791444 -0.405256 -3.281196
v -0.870633 -0.397478 -3.154087
v -0.801722 -0.397478 -3.100218
v -0.716193 -0.457154 -3.236945
v -0.801722 -0.476305 -3.100218
v -0.870633 -0.476305 -3.154087
v -0.785461 -0.457154 -3.289894
v -0.771778 0.131934 -3.124374
v -0.673533 0.111669 -3.275658
v -0.749101 0.111669 -3.324732
v -0.847346 0.131934 -3.173448
v -0.771778 0.048503 -3.124374
v -0.847346 0.048503 -3.173448
v -0.749101 0.028238 -3.324732
v -0.673533 0.028238 -3.275658
v -0.771778 0.048503 -3.124374
v -0.673533 0.028238 -3.275658
v -0.545368 0.131934 -3.473016
v -0.620935 0.131934 -3.522090
v -0.620935 0.048503 -3.522090
v -0.545368 0.048503 -3.473016
v -0.545368 0.048503 -3.473016
v -0.428081 0.116735 -3.653621
v -0.503648 0.116735 -3.702696
v -0.503648 0.033304 -3.702696
v -0.428081 0.033304 -3.653621
v -0.428081 0.033304 -3.653621
v -0.350070 0.131934 -3.773747
v -0.425638 0.131934 -3.822822
v -0.425638 0.048503 -3.822822
v -0.350070 0.048503 -3.773747
v -0.350070 0.048503 -3.773747
v 0.126875 -0.333431 -3.519772
v 0.111994 -0.353974 -3.525197
v 0.107237 -0.348290 -3.535235
v 0.118728 -0.325707 -3.536249
v 0.118728 -0.325707 -3.536249
v 0.107237 -0.348290 -3.535235
v 0.096132 -0.342606 -3.535498
v 0.100361 -0.317982 -3.536990
v 0.089784 -0.342606 -3.525722
v 0.090140 -0.317982 -3.521253
v 0.094540 -0.348290 -3.515684
v 0.098288 -0.325707 -3.504774
v 0.105646 -0.353974 -3.515421
v 0.116655 -0.333431 -3.504034
v 0.118728 -0.325707 -3.536249
v 0.100361 -0.317982 -3.536990
v 0.090140 -0.317982 -3.521253
v 0.098288 -0.325707 -3.504774
v 0.116655 -0.333431 -3.504034
v 0.126875 -0.333431 -3.519772
v 0.098816 -0.480131 -3.526302
v 0.097561 -0.462479 -3.519818
v 0.074540 -0.468356 -3.534768
v 0.072820 -0.485069 -3.543183
v 0.036828 -0.460004 -3.566557
v 0.042395 -0.443189 -3.555643
v 0.033113 -0.417634 -3.561671
v 0.024826 -0.426058 -3.574351
v 0.056913 -0.456660 -3.546215
v 0.052435 -0.475594 -3.556421
v 0.062657 -0.429727 -3.530729
v 0.085425 -0.383806 -3.526860
v 0.101645 -0.444771 -3.509625
v 0.043191 -0.398152 -3.547586
v 0.081206 -0.468356 -3.545034
v 0.104228 -0.462479 -3.530084
v 0.039779 -0.417634 -3.571937
v 0.049062 -0.443189 -3.565909
v 0.063580 -0.456660 -3.556481
v 0.080063 -0.429727 -3.557533
v 0.092859 -0.383806 -3.538306
v 0.123173 -0.453582 -3.517781
v 0.036960 -0.393825 -3.573768
v 0.115200 -0.444771 -3.530499
v 0.056746 -0.398152 -3.568459
v 0.108649 -0.426947 -3.538969
v 0.109414 -0.394798 -3.527555
v 0.075872 -0.372071 -3.549338
v 0.061679 -0.405651 -3.569471
v 0.115200 -0.444771 -3.530499
v 0.056746 -0.398152 -3.568459
v 0.309624 -0.467440 -3.413603
v 0.313251 -0.439523 -3.411248
v 0.317910 -0.445664 -3.401191
v 0.315344 -0.465419 -3.402858
v 0.296826 -0.481398 -3.397865
v 0.306287 -0.475296 -3.391721
v 0.287654 -0.467440 -3.379771
v 0.299796 -0.465419 -3.378917
v 0.291280 -0.439523 -3.377416
v 0.302363 -0.445664 -3.377251
v 0.304079 -0.425564 -3.393155
v 0.311420 -0.435787 -3.388388
v 0.304079 -0.425564 -3.393155
v 0.311420 -0.435787 -3.388388
v 0.299796 -0.465419 -3.378917
v 0.306287 -0.475296 -3.391721
v 0.311420 -0.435787 -3.388388
v 0.302363 -0.445664 -3.377251
v 0.317910 -0.445664 -3.401191
v 0.315344 -0.465419 -3.402858
v 0.063340 -0.322687 -3.549492
v 0.051553 -0.332944 -3.538131
v 0.067474 -0.346979 -3.535780
v 0.073353 -0.340581 -3.542990
v 0.045352 -0.353458 -3.542158
v 0.065788 -0.359776 -3.536875
v 0.050937 -0.363714 -3.557547
v 0.069983 -0.366173 -3.545178
v 0.050937 -0.363714 -3.557547
v 0.062723 -0.353458 -3.568909
v 0.075862 -0.359775 -3.552388
v 0.069983 -0.366173 -3.545178
v 0.068925 -0.332944 -3.564882
v 0.077548 -0.346979 -3.551294
v 0.102363 -0.340331 -3.524150
v 0.086484 -0.349882 -3.506159
v 0.112348 -0.376563 -3.499584
v 0.125255 -0.368026 -3.509284
v 0.073218 -0.386920 -3.514775
v 0.103054 -0.393638 -3.505619
v 0.083194 -0.396471 -3.536599
v 0.106667 -0.402175 -3.521356
v 0.083194 -0.396471 -3.536599
v 0.099075 -0.386920 -3.554590
v 0.119574 -0.393638 -3.531057
v 0.106667 -0.402175 -3.521356
v 0.112341 -0.349882 -3.545975
v 0.128868 -0.376563 -3.525022
v 0.102363 -0.340331 -3.524150
v 0.125255 -0.368026 -3.509284
v 0.189884 -0.409717 -3.467313
v 0.182325 -0.417962 -3.458017
v 0.208777 -0.424379 -3.442722
v 0.215335 -0.417227 -3.450786
v 0.180183 -0.434452 -3.459408
v 0.206919 -0.438683 -3.443929
v 0.185601 -0.442697 -3.470095
v 0.211619 -0.445835 -3.453199
v 0.185601 -0.442697 -3.470095
v 0.193161 -0.434452 -3.479393
v 0.218176 -0.438683 -3.461264
v 0.211619 -0.445835 -3.453199
v 0.195303 -0.417962 -3.478002
v 0.220034 -0.424379 -3.460057
v 0.241369 -0.448644 -3.419348
v 0.270866 -0.462376 -3.390916
v 0.274214 -0.434705 -3.388788
v 0.243383 -0.431750 -3.418073
v 0.247006 -0.457113 -3.430218
v 0.280076 -0.476241 -3.408742
v 0.247006 -0.457113 -3.430218
v 0.254644 -0.448644 -3.439790
v 0.292616 -0.462375 -3.424407
v 0.280076 -0.476241 -3.408742
v 0.256628 -0.431750 -3.438469
v 0.295922 -0.434705 -3.422215
v 0.251003 -0.423339 -3.427622
v 0.286727 -0.420919 -3.404423
v 0.113757 -0.379894 -3.505723
v 0.108089 -0.390307 -3.509403
v 0.131769 -0.414132 -3.492149
v 0.136888 -0.400639 -3.488824
v 0.110292 -0.395514 -3.519001
v 0.135105 -0.420879 -3.502887
v 0.110292 -0.395514 -3.519001
v 0.118164 -0.390307 -3.524917
v 0.143558 -0.414132 -3.510303
v 0.135105 -0.420879 -3.502887
v 0.123832 -0.379894 -3.521237
v 0.148678 -0.400639 -3.506978
v 0.121628 -0.374687 -3.511639
v 0.145342 -0.393892 -3.496240
v 0.113757 -0.379894 -3.505723
v 0.121628 -0.374687 -3.511639
v 0.064790 -0.342887 -3.530468
v 0.067474 -0.346979 -3.535780
v 0.065788 -0.359776 -3.536875
v 0.062027 -0.363868 -3.532263
v 0.108089 -0.390307 -3.509403
v 0.069983 -0.366173 -3.545178
v 0.068905 -0.374358 -3.545878
v 0.110292 -0.395514 -3.519001
v 0.068905 -0.374358 -3.545878
v 0.069983 -0.366173 -3.545178
v 0.075862 -0.359775 -3.552388
v 0.078547 -0.363868 -3.557700
v 0.118164 -0.390307 -3.524917
v 0.110292 -0.395514 -3.519001
v 0.077548 -0.346979 -3.551294
v 0.081309 -0.342887 -3.555906
v 0.123832 -0.379894 -3.521237
v 0.073353 -0.340581 -3.542990
v 0.074431 -0.332396 -3.542289
v 0.121628 -0.374687 -3.511639
v 0.074431 -0.332396 -3.542289
v 0.073353 -0.340581 -3.542990
v 0.034492 -0.346673 -3.547296
v 0.042794 -0.324788 -3.541904
v 0.039901 -0.357615 -3.564714
v 0.053613 -0.346673 -3.576740
v 0.039901 -0.357615 -3.564714
v 0.061915 -0.324788 -3.571349
v 0.056505 -0.313845 -3.553931
v 0.279023 -0.439574 -3.393253
v 0.276584 -0.458348 -3.394837
v 0.282752 -0.467735 -3.407004
v 0.291359 -0.458348 -3.417588
v 0.293798 -0.439574 -3.416004
v 0.287630 -0.430188 -3.403837
v 0.287630 -0.430188 -3.403837
v 0.209023 -0.421993 -3.437528
v 0.208777 -0.424379 -3.442722
v 0.206919 -0.438683 -3.443929
v 0.206655 -0.442234 -3.439018
v 0.276584 -0.458348 -3.394837
v 0.279023 -0.439574 -3.393253
v 0.211619 -0.445835 -3.453199
v 0.213431 -0.452388 -3.452022
v 0.282752 -0.467735 -3.407004
v 0.213431 -0.452388 -3.452022
v 0.211619 -0.445835 -3.453199
v 0.218176 -0.438683 -3.461264
v 0.222556 -0.442234 -3.463502
v 0.291359 -0.458348 -3.417588
v 0.282752 -0.467735 -3.407004
v 0.220034 -0.424379 -3.460057
v 0.224879 -0.421993 -3.461945
v 0.293798 -0.439574 -3.416004
v 0.215335 -0.417227 -3.450786
v 0.218121 -0.411924 -3.448977
v 0.287630 -0.430188 -3.403837
v 0.162596 -0.413372 -3.474051
v 0.159719 -0.425551 -3.475919
v 0.163298 -0.431640 -3.484579
v 0.163298 -0.431640 -3.484579
v 0.169754 -0.425551 -3.491372
v 0.172631 -0.413372 -3.489503
v 0.169052 -0.407283 -3.480842
v 0.039901 -0.357615 -3.564714
v 0.034492 -0.346673 -3.547296
v 0.042794 -0.324788 -3.541904
v 0.056505 -0.313845 -3.553931
v 0.061915 -0.324788 -3.571349
v 0.053613 -0.346673 -3.576740
v 0.069959 -0.554803 -3.477797
v 0.069959 -0.520246 -3.477797
v 0.127553 -0.520246 -3.566484
v 0.127553 -0.554803 -3.566484
v 0.271562 -0.520736 -3.472963
v 0.271562 -0.555293 -3.472963
v 0.213968 -0.555293 -3.384276
v 0.213968 -0.520736 -3.384276
v 0.031436 -0.561060 -3.494441
v 0.070660 -0.561060 -3.467763
v 0.070660 -0.513010 -3.467763
v 0.031436 -0.504363 -3.494441
v 0.094472 -0.513010 -3.514892
v 0.062163 -0.504363 -3.535873
v 0.096151 -0.504363 -3.596054
v 0.140175 -0.513010 -3.568268
v 0.140175 -0.561060 -3.568268
v 0.096151 -0.561060 -3.596054
v 0.070660 -0.561060 -3.467763
v 0.094472 -0.561060 -3.514892
v 0.062163 -0.561060 -3.535873
v 0.031436 -0.561060 -3.494441
v 0.096151 -0.561060 -3.596054
v 0.140175 -0.561060 -3.568268
v 0.205468 -0.561060 -3.379816
v 0.242576 -0.561060 -3.357727
v 0.242314 -0.506885 -3.357897
v 0.205468 -0.513010 -3.379816
v 0.268498 -0.506885 -3.411295
v 0.241142 -0.513010 -3.426247
v 0.272157 -0.513010 -3.480547
v 0.307601 -0.506885 -3.462353
v 0.307864 -0.561060 -3.462183
v 0.272157 -0.561060 -3.480547
v 0.242576 -0.561060 -3.357727
v 0.268761 -0.561060 -3.411124
v 0.241142 -0.561060 -3.426247
v 0.205468 -0.561060 -3.379816
v 0.272157 -0.561060 -3.480547
v 0.307864 -0.561060 -3.462183
v 0.118422 -0.528453 -3.495015
v 0.143830 -0.530668 -3.478514
v 0.138385 -0.489504 -3.487358
v 0.126006 -0.488573 -3.495397
v 0.160706 -0.530668 -3.504501
v 0.150413 -0.489504 -3.505879
v 0.135298 -0.528453 -3.521002
v 0.138034 -0.488573 -3.513918
v 0.143085 -0.442372 -3.484333
v 0.123254 -0.442372 -3.497212
v 0.135257 -0.442372 -3.515695
v 0.155088 -0.442372 -3.502816
v 0.116655 -0.449721 -3.497467
v 0.146073 -0.444924 -3.478362
v 0.150914 -0.430926 -3.475219
v 0.118027 -0.418015 -3.496576
v 0.165085 -0.430926 -3.497041
v 0.132199 -0.418015 -3.518398
v 0.130827 -0.449721 -3.519289
v 0.160245 -0.444924 -3.500185
v 0.160245 -0.444924 -3.500185
v 0.165085 -0.430926 -3.497041
v 0.130827 -0.449721 -3.519289
v 0.132199 -0.418015 -3.518398
v 0.199658 -0.475051 -3.443564
v 0.236399 -0.472851 -3.419704
v 0.235323 -0.457578 -3.420403
v 0.201187 -0.450982 -3.442571
v 0.249494 -0.457578 -3.442225
v 0.215359 -0.450982 -3.464393
v 0.213830 -0.475051 -3.465386
v 0.250570 -0.472850 -3.441526
v 0.250570 -0.472850 -3.441526
v 0.249494 -0.457578 -3.442225
v 0.213830 -0.475051 -3.465386
v 0.215359 -0.450982 -3.464393
v 0.202307 -0.529601 -3.440539
v 0.226291 -0.525643 -3.424964
v 0.227644 -0.496324 -3.429392
v 0.213586 -0.495763 -3.438521
v 0.243167 -0.525643 -3.450951
v 0.239672 -0.496324 -3.447913
v 0.231498 -0.470725 -3.426917
v 0.204782 -0.468373 -3.444267
v 0.243501 -0.470725 -3.445401
v 0.216785 -0.468373 -3.462750
v 0.225614 -0.495763 -3.457043
v 0.219183 -0.529601 -3.466526
v 0.321170 -0.369392 -3.466794
v 0.364492 -0.376378 -3.438661
v 0.364462 -0.330421 -3.449643
v 0.328420 -0.329609 -3.473049
v 0.314619 -0.279735 -3.471806
v 0.368499 -0.272379 -3.436816
v 0.396329 -0.282753 -3.479670
v 0.342450 -0.290108 -3.514660
v 0.349335 -0.362476 -3.510164
v 0.392657 -0.369463 -3.482031
v 0.364492 -0.376378 -3.438661
v 0.392657 -0.369463 -3.482031
v 0.387654 -0.328347 -3.485355
v 0.364462 -0.330421 -3.449643
v 0.349335 -0.362476 -3.510164
v 0.321170 -0.369392 -3.466794
v 0.328420 -0.329609 -3.473049
v 0.351612 -0.327534 -3.508761
v 0.314619 -0.279735 -3.471806
v 0.342450 -0.290108 -3.514660
v 0.396329 -0.282753 -3.479670
v 0.368499 -0.272379 -3.436816
v 0.056948 -0.563913 -3.650556
v 0.093298 -0.564312 -3.626950
v 0.088425 -0.312518 -3.630115
v 0.060365 -0.314444 -3.648337
v 0.109213 -0.564312 -3.651457
v 0.104340 -0.312518 -3.654622
v 0.072863 -0.563913 -3.675063
v 0.076280 -0.314444 -3.672844
v 0.093453 -0.096031 -3.626850
v 0.058822 -0.100465 -3.649339
v 0.074737 -0.100465 -3.673846
v 0.109368 -0.096031 -3.651356
v 0.363802 -0.561394 -3.453540
v 0.359065 -0.321458 -3.456616
v 0.336295 -0.319263 -3.471403
v 0.327185 -0.561793 -3.477319
v 0.352210 -0.319263 -3.495910
v 0.343100 -0.561793 -3.501826
v 0.379717 -0.561394 -3.478047
v 0.374980 -0.321458 -3.481123
v 0.367053 -0.100465 -3.451429
v 0.332422 -0.096031 -3.473918
v 0.382968 -0.100465 -3.475936
v 0.348337 -0.096031 -3.498425
v 0.096693 -0.346319 -3.669272
v 0.368157 -0.334661 -3.492981
v 0.368816 -0.303882 -3.492553
v 0.094156 -0.298752 -3.670920
v 0.433609 -0.303882 -3.592326
v 0.158949 -0.298752 -3.770692
v 0.161486 -0.346319 -3.769044
v 0.432950 -0.334661 -3.592754
v 0.086282 -0.369509 -3.619333
v 0.089047 -0.329726 -3.628500
v 0.053006 -0.330539 -3.651905
v 0.042960 -0.376496 -3.647466
v 0.093524 -0.279852 -3.615386
v 0.121354 -0.290226 -3.658241
v 0.067475 -0.282870 -3.693231
v 0.039645 -0.272496 -3.650376
v 0.114447 -0.362593 -3.662703
v 0.071125 -0.369580 -3.690836
v 0.042960 -0.376496 -3.647466
v 0.053006 -0.330539 -3.651905
v 0.076198 -0.328464 -3.687617
v 0.071125 -0.369580 -3.690836
v 0.114447 -0.362593 -3.662703
v 0.112239 -0.327652 -3.664212
v 0.089047 -0.329726 -3.628500
v 0.086282 -0.369509 -3.619333
v 0.121354 -0.290226 -3.658241
v 0.093524 -0.279852 -3.615386
v 0.039645 -0.272496 -3.650376
v 0.067475 -0.282870 -3.693231
v -0.041038 -0.713759 -2.512813
v -0.129283 -0.711690 -2.519130
v 0.017077 -0.711338 -2.423564
v 0.049865 -0.693099 -2.462858
v 0.074550 -0.718409 -2.386673
v 0.113575 -0.695820 -2.428792
v 0.140279 -0.722417 -2.232114
v 0.106999 -0.720533 -2.301556
v 0.322953 -0.723259 -2.428005
v 0.295724 -0.694132 -2.469273
v 0.230420 -0.690490 -2.528017
v 0.170191 -0.682343 -2.582448
v 0.080672 -0.676652 -2.662890
v -0.016919 -0.710402 -2.749152
v 0.184072 -0.713936 -2.806287
v 0.168731 -0.712136 -2.894875
v 0.297459 -0.717269 -2.755633
v 0.268100 -0.698727 -2.723661
v 0.341432 -0.719057 -2.708119
v 0.307384 -0.700811 -2.661522
v 0.481926 -0.722980 -2.659813
v 0.429095 -0.721384 -2.685311
v 0.295724 -0.694132 -2.469273
v 0.322953 -0.723259 -2.428005
v 0.170191 -0.682343 -2.582448
v 0.230420 -0.690490 -2.528017
v 0.080672 -0.676652 -2.662890
v -0.016919 -0.710402 -2.749152
v 0.669032 -0.827558 -2.890352
v 0.920027 -0.827558 -3.276850
v 0.432756 -0.827558 -2.526518
v 0.202522 -0.827559 -2.171988
v -0.304917 -0.827558 -4.072338
v -0.555911 -0.827558 -3.685840
v -0.792188 -0.827558 -3.322006
v -1.022422 -0.827559 -2.967476
v -0.304917 -0.827558 -4.072338
v 0.920027 -0.827558 -3.276850
v -1.022422 -0.827559 -2.967476
v 0.202522 -0.827559 -2.171988
v 0.445448 -0.055267 -3.432594
v 0.428992 -0.055267 -3.407255
v 0.423900 -0.061777 -3.410562
v 0.440356 -0.061777 -3.435901
v 0.421294 0.006178 -3.412254
v 0.395138 -0.027263 -3.429240
v 0.423900 -0.061777 -3.410562
v 0.440356 -0.061777 -3.435901
v 0.411593 -0.027263 -3.454580
v 0.437750 0.006178 -3.437593
v 0.016840 -0.063738 -3.710936
v 0.021932 -0.070248 -3.707629
v 0.005476 -0.070248 -3.682289
v 0.000384 -0.063738 -3.685596
v 0.005476 -0.070248 -3.682289
v 0.034239 -0.035734 -3.663611
v 0.008082 -0.002293 -3.680597
v 0.021932 -0.070248 -3.707629
v 0.050694 -0.035734 -3.688950
v 0.024538 -0.002293 -3.705937
v 0.380068 -0.105174 -3.431920
v 0.351776 -0.049357 -3.450294
v 0.312366 -0.067910 -3.475886
v 0.314005 -0.107318 -3.474822
v 0.424317 0.006383 -3.403184
v 0.420504 0.027164 -3.405661
v 0.364566 0.055327 -3.441987
v 0.324074 0.009778 -3.468283
v 0.042014 -0.111267 -3.651455
v 0.107281 -0.103142 -3.609070
v 0.108345 -0.058721 -3.608379
v 0.067083 -0.049870 -3.635175
v 0.003244 0.017407 -3.676632
v 0.000215 -0.004698 -3.678600
v 0.093003 -0.001151 -3.618342
v 0.070820 0.052937 -3.632748
v 0.210783 0.034437 -3.541855
v 0.210016 -0.032649 -3.542353
v 0.371986 -0.049357 -3.481415
v 0.332577 -0.067910 -3.507007
v 0.312366 -0.067910 -3.475886
v 0.351776 -0.049357 -3.450294
v 0.334216 -0.107318 -3.505943
v 0.400279 -0.105174 -3.463041
v 0.380068 -0.105174 -3.431920
v 0.314005 -0.107318 -3.474822
v 0.373516 -0.020813 -3.480421
v 0.353305 -0.020813 -3.449300
v 0.408815 -0.044352 -3.457498
v 0.388604 -0.044352 -3.426377
v 0.444528 0.006383 -3.434306
v 0.424317 0.006383 -3.403184
v 0.444528 0.006383 -3.434306
v 0.440714 0.027164 -3.436782
v 0.420504 0.027164 -3.405661
v 0.424317 0.006383 -3.403184
v 0.406656 0.030726 -3.458900
v 0.386445 0.030726 -3.427779
v 0.384777 0.055327 -3.473109
v 0.364566 0.055327 -3.441987
v 0.344285 0.009778 -3.499404
v 0.324074 0.009778 -3.468283
v 0.230994 0.034437 -3.572976
v 0.210783 0.034437 -3.541855
v 0.230226 -0.032649 -3.573475
v 0.210016 -0.032649 -3.542353
v 0.062225 -0.111267 -3.682576
v 0.127492 -0.103142 -3.640191
v 0.107281 -0.103142 -3.609070
v 0.042014 -0.111267 -3.651455
v 0.128555 -0.058721 -3.639501
v 0.087293 -0.049870 -3.666296
v 0.067083 -0.049870 -3.635175
v 0.108345 -0.058721 -3.608379
v 0.051348 -0.044296 -3.689640
v 0.031138 -0.044296 -3.658518
v 0.085105 -0.020266 -3.667717
v 0.064895 -0.020266 -3.636596
v 0.052405 0.025328 -3.688953
v 0.023455 0.017407 -3.707754
v 0.003244 0.017407 -3.676632
v 0.032194 0.025328 -3.657832
v 0.020425 -0.004698 -3.709721
v 0.000215 -0.004698 -3.678600
v 0.020425 -0.004698 -3.709721
v 0.000215 -0.004698 -3.678600
v 0.113213 -0.001151 -3.649464
v 0.093003 -0.001151 -3.618342
v 0.091031 0.052937 -3.663869
v 0.070820 0.052937 -3.632748
v 0.200304 -0.325867 -3.566712
v 0.212863 -0.335862 -3.556760
v 0.218984 -0.282900 -3.564279
v 0.200430 -0.282271 -3.575957
v 0.227625 -0.326792 -3.549515
v 0.237538 -0.283527 -3.552601
v 0.207503 -0.328329 -3.578161
v 0.220062 -0.338324 -3.568209
v 0.234825 -0.329254 -3.560965
v 0.234825 -0.329254 -3.560965
v 0.244737 -0.285990 -3.564050
v 0.207503 -0.328329 -3.578161
v 0.207630 -0.284734 -3.587406
v 0.260480 -0.150808 -3.614006
v 0.256520 -0.150771 -3.612746
v 0.257717 -0.163553 -3.595034
v 0.269539 -0.163691 -3.597655
v 0.252685 -0.150687 -3.613441
v 0.245711 -0.163261 -3.598463
v 0.249850 -0.150577 -3.615929
v 0.236270 -0.162882 -3.607158
v 0.248668 -0.150464 -3.619640
v 0.231557 -0.162502 -3.619126
v 0.249407 -0.150375 -3.623725
v 0.232652 -0.162210 -3.631625
v 0.251900 -0.150330 -3.627248
v 0.239303 -0.162071 -3.641793
v 0.255575 -0.150339 -3.629401
v 0.249989 -0.162117 -3.647298
v 0.259589 -0.150401 -3.629692
v 0.262259 -0.162339 -3.646883
v 0.263024 -0.150501 -3.628054
v 0.273304 -0.162684 -3.640639
v 0.263024 -0.150501 -3.628054
v 0.265092 -0.150616 -3.624862
v 0.280594 -0.163075 -3.630000
v 0.273304 -0.162684 -3.640639
v 0.265320 -0.150720 -3.620847
v 0.282457 -0.163421 -3.617400
v 0.263656 -0.150789 -3.616929
v 0.278467 -0.163643 -3.605727
v 0.257879 -0.177965 -3.584035
v 0.274748 -0.178162 -3.587776
v 0.240747 -0.177548 -3.588928
v 0.227275 -0.177007 -3.601335
v 0.220550 -0.176465 -3.618412
v 0.222112 -0.176048 -3.636247
v 0.231604 -0.175849 -3.650754
v 0.246851 -0.175916 -3.658612
v 0.264360 -0.176232 -3.658018
v 0.280120 -0.176725 -3.649109
v 0.290522 -0.177283 -3.633927
v 0.280120 -0.176725 -3.649109
v 0.293180 -0.177777 -3.615949
v 0.287488 -0.178094 -3.599293
v 0.257921 -0.196417 -3.575306
v 0.278856 -0.196661 -3.579948
v 0.236658 -0.195899 -3.581379
v 0.219938 -0.195228 -3.596776
v 0.211592 -0.194556 -3.617970
v 0.213531 -0.194037 -3.640105
v 0.225311 -0.193791 -3.658110
v 0.244234 -0.193874 -3.667862
v 0.265965 -0.194266 -3.667125
v 0.285524 -0.194878 -3.656069
v 0.298432 -0.195570 -3.637226
v 0.285524 -0.194878 -3.656069
v 0.301731 -0.196183 -3.614913
v 0.294666 -0.196577 -3.594242
v 0.257847 -0.217321 -3.569345
v 0.281632 -0.217599 -3.574619
v 0.233690 -0.216734 -3.576244
v 0.214693 -0.215971 -3.593737
v 0.205210 -0.215207 -3.617816
v 0.207414 -0.214618 -3.642964
v 0.220797 -0.214339 -3.663421
v 0.242296 -0.214432 -3.674500
v 0.266985 -0.214878 -3.673663
v 0.289207 -0.215574 -3.661101
v 0.303872 -0.216360 -3.639694
v 0.289207 -0.215574 -3.661101
v 0.307621 -0.217056 -3.614344
v 0.299595 -0.217503 -3.590859
v 0.257713 -0.235423 -3.566419
v 0.282966 -0.235718 -3.572019
v 0.232065 -0.234799 -3.573745
v 0.211897 -0.233989 -3.592316
v 0.201829 -0.233179 -3.617881
v 0.204168 -0.232554 -3.644580
v 0.218378 -0.232257 -3.666300
v 0.241203 -0.232356 -3.678062
v 0.267415 -0.232829 -3.677174
v 0.291008 -0.233568 -3.663837
v 0.306578 -0.234402 -3.641109
v 0.291008 -0.233568 -3.663837
v 0.310559 -0.235142 -3.614195
v 0.302037 -0.235616 -3.589260
v 0.264217 -0.142312 -3.615303
v 0.248948 -0.141772 -3.626436
v 0.263576 -0.152328 -3.616007
v 0.249457 -0.151828 -3.626303
v 0.335455 -0.292819 -3.598311
v 0.336844 -0.292109 -3.642131
v 0.320975 -0.235808 -3.637431
v 0.319871 -0.236371 -3.602633
v 0.316142 -0.290908 -3.680767
v 0.304534 -0.234854 -3.668115
v 0.278894 -0.289538 -3.703869
v 0.274954 -0.233766 -3.686460
v 0.235080 -0.288365 -3.705244
v 0.240161 -0.232834 -3.687552
v 0.235080 -0.288365 -3.705244
v 0.196443 -0.287705 -3.684525
v 0.209476 -0.232310 -3.671098
v 0.240161 -0.232834 -3.687552
v 0.173332 -0.287733 -3.647264
v 0.191124 -0.232333 -3.641508
v 0.171943 -0.288443 -3.603444
v 0.190021 -0.232896 -3.606709
v 0.192645 -0.289644 -3.564807
v 0.206461 -0.233850 -3.576026
v 0.229893 -0.291014 -3.541706
v 0.236041 -0.234938 -3.557680
v 0.273706 -0.292187 -3.540330
v 0.270834 -0.235869 -3.556587
v 0.312344 -0.292847 -3.561049
v 0.301519 -0.236394 -3.573041
v 0.206461 -0.233850 -3.576026
v 0.236041 -0.234938 -3.557680
v 0.320975 -0.235808 -3.637431
v 0.304534 -0.234854 -3.668115
v 0.274954 -0.233766 -3.686460
v 0.190021 -0.232896 -3.606709
v 0.511537 -0.156298 -3.321983
v 0.503440 -0.155208 -3.313554
v 0.505534 -0.166105 -3.306610
v 0.514208 -0.170198 -3.313125
v 0.501473 -0.149988 -3.332689
v 0.495551 -0.150261 -3.321948
v 0.488728 -0.154222 -3.340235
v 0.485559 -0.153580 -3.327862
v 0.479264 -0.167018 -3.341088
v 0.478139 -0.163611 -3.328531
v 0.477509 -0.182388 -3.334850
v 0.476764 -0.175661 -3.323641
v 0.484284 -0.193142 -3.324440
v 0.482076 -0.184091 -3.315480
v 0.496422 -0.194246 -3.314729
v 0.491590 -0.184957 -3.307868
v 0.508239 -0.185185 -3.310260
v 0.500854 -0.177853 -3.304364
v 0.493921 -0.159203 -3.312085
v 0.494850 -0.164031 -3.309009
v 0.490426 -0.157012 -3.315803
v 0.484457 -0.171999 -3.312938
v 0.488672 -0.172383 -3.309566
v 0.492776 -0.169236 -3.308014
v 0.586035 -0.183122 -3.268507
v 0.588549 -0.135995 -3.292447
v 0.576494 -0.122441 -3.270546
v 0.573980 -0.169567 -3.246605
v 0.575488 -0.094245 -3.322464
v 0.563433 -0.080690 -3.300563
v 0.535177 -0.059720 -3.362287
v 0.517124 -0.056676 -3.342648
v 0.509275 -0.075647 -3.382386
v 0.492418 -0.067383 -3.360396
v 0.467744 -0.067683 -3.397011
v 0.463724 -0.070350 -3.377047
v 0.425377 -0.133356 -3.410542
v 0.413734 -0.117410 -3.382432
v 0.408932 -0.193492 -3.392543
v 0.396876 -0.179937 -3.370642
v 0.414457 -0.237219 -3.361635
v 0.408688 -0.216889 -3.340599
v 0.430370 -0.259923 -3.344311
v 0.418314 -0.246368 -3.322411
v 0.467450 -0.288164 -3.316352
v 0.455395 -0.274609 -3.294450
v 0.524228 -0.273203 -3.270560
v 0.512173 -0.259648 -3.248658
v 0.562258 -0.236822 -3.261350
v 0.550203 -0.223267 -3.239450
v 0.562719 -0.126614 -3.278341
v 0.561314 -0.167999 -3.256447
v 0.552535 -0.094059 -3.301745
v 0.516310 -0.078525 -3.341484
v 0.493949 -0.085673 -3.347472
v 0.466326 -0.086052 -3.367411
v 0.433139 -0.127127 -3.376826
v 0.412525 -0.174437 -3.362164
v 0.423886 -0.205080 -3.344168
v 0.429754 -0.235048 -3.319827
v 0.463033 -0.254193 -3.299091
v 0.506629 -0.241507 -3.261607
v 0.541913 -0.213347 -3.250293
v 0.645383 -0.353194 -3.144979
v 0.648653 -0.221995 -3.150015
v 0.610815 -0.221982 -3.174597
v 0.603555 -0.353194 -3.172143
v 0.649442 -0.111603 -3.165405
v 0.616154 -0.111603 -3.187022
v 0.601131 0.009436 -3.144030
v 0.569675 -0.020335 -3.164458
v 0.523663 0.105189 -3.139305
v 0.493465 0.064320 -3.157249
v 0.523663 0.105189 -3.139305
v 0.395554 0.180906 -3.141834
v 0.383847 0.128184 -3.149437
v 0.493465 0.064320 -3.157249
v 0.723177 -0.353194 -3.264772
v 0.645383 -0.353194 -3.144979
v 0.603555 -0.353194 -3.172143
v 0.681350 -0.353194 -3.291935
v 0.610815 -0.221982 -3.174597
v 0.685320 -0.221982 -3.289325
v 0.723163 -0.221995 -3.264750
v 0.723177 -0.353194 -3.264772
v 0.616154 -0.111603 -3.187022
v 0.683393 -0.111603 -3.290562
v 0.716682 -0.111603 -3.268944
v 0.569675 -0.020335 -3.164458
v 0.661008 -0.020335 -3.305099
v 0.692464 0.009436 -3.284671
v 0.493465 0.064320 -3.157249
v 0.610706 0.064320 -3.337784
v 0.640140 0.105189 -3.318664
v 0.610706 0.064320 -3.337784
v 0.537215 0.128184 -3.385604
v 0.548923 0.180906 -3.378000
v 0.640140 0.105189 -3.318664
v 0.548923 0.180906 -3.378000
v 0.235922 0.204970 -3.581265
v 0.082554 0.200287 -3.345099
v 0.395554 0.180906 -3.141834
v 0.082554 0.150819 -3.345099
v 0.383847 0.128184 -3.149437
v 0.383847 0.128184 -3.149437
v 0.082554 0.150819 -3.345099
v 0.235922 0.136596 -3.581265
v 0.537215 0.128184 -3.385604
v -0.329187 -0.353194 -3.777873
v -0.287360 -0.353194 -3.750709
v -0.288070 -0.221982 -3.758340
v -0.325917 -0.221995 -3.782909
v -0.278890 -0.111603 -3.768271
v -0.312179 -0.111603 -3.789889
v -0.280599 -0.020335 -3.716633
v -0.312055 0.009436 -3.737061
v -0.249097 0.071642 -3.634832
v -0.275697 0.112512 -3.658317
v -0.275697 0.112512 -3.658317
v -0.249097 0.071642 -3.634832
v -0.218738 0.128184 -3.540761
v -0.230446 0.180906 -3.548364
v -0.251393 -0.353194 -3.897666
v -0.209565 -0.353194 -3.870502
v -0.287360 -0.353194 -3.750709
v -0.329187 -0.353194 -3.777873
v -0.213565 -0.221982 -3.873068
v -0.288070 -0.221982 -3.758340
v -0.251408 -0.221995 -3.897643
v -0.251393 -0.353194 -3.897666
v -0.211651 -0.111603 -3.871811
v -0.278890 -0.111603 -3.768271
v -0.244940 -0.111603 -3.893429
v -0.189266 -0.020335 -3.857274
v -0.280599 -0.020335 -3.716633
v -0.220722 0.009436 -3.877702
v -0.129736 0.071642 -3.818632
v -0.249097 0.071642 -3.634832
v -0.159174 0.112512 -3.837745
v -0.129736 0.071642 -3.818632
v -0.065370 0.128184 -3.776927
v -0.077078 0.180906 -3.784530
v -0.159174 0.112512 -3.837745
v -0.077078 0.180906 -3.784530
v -0.230446 0.180906 -3.548364
v -0.218738 0.128184 -3.540761
v 0.082554 0.150819 -3.345099
v -0.218738 0.128184 -3.540761
v -0.065370 0.128184 -3.776927
v -0.586252 -0.723267 -2.973414
v -0.628861 -0.723267 -3.038290
v -0.613743 -0.617264 -3.068345
v -0.552665 -0.617264 -2.975348
v -0.628861 -0.723267 -3.038290
v -0.706350 -0.723267 -3.033827
v -0.724819 -0.617264 -3.061947
v -0.613743 -0.617264 -3.068345
v -0.706350 -0.723267 -3.033827
v -0.741230 -0.723267 -2.964488
v -0.774817 -0.617264 -2.962552
v -0.724819 -0.617264 -3.061947
v -0.741230 -0.723267 -2.964488
v -0.698620 -0.723267 -2.899611
v -0.713738 -0.617264 -2.869557
v -0.774817 -0.617264 -2.962552
v -0.698620 -0.723267 -2.899611
v -0.621131 -0.723267 -2.904075
v -0.602662 -0.617264 -2.875954
v -0.713738 -0.617264 -2.869557
v -0.621131 -0.723267 -2.904075
v -0.586252 -0.723267 -2.973414
v -0.552665 -0.617264 -2.975348
v -0.602662 -0.617264 -2.875954
v -0.706350 -0.523827 -3.033827
v -0.741230 -0.523827 -2.964488
v -0.698620 -0.523827 -2.899611
v -0.621131 -0.523827 -2.904075
v -0.586252 -0.523827 -2.973414
v -0.628861 -0.523827 -3.038290
v -0.698620 -0.523827 -2.899611
v -0.741230 -0.523827 -2.964488
v -0.741230 -0.523827 -2.964488
v -0.706350 -0.523827 -3.033827
v -0.706350 -0.523827 -3.033827
v -0.628861 -0.523827 -3.038290
v -0.628861 -0.523827 -3.038290
v -0.586252 -0.523827 -2.973414
v -0.586252 -0.523827 -2.973414
v -0.621131 -0.523827 -2.904075
v -0.621131 -0.523827 -2.904075
v -0.698620 -0.523827 -2.899611
v 0.476289 -0.723267 -3.391940
v 0.408919 -0.723267 -3.353395
v 0.392725 -0.617264 -3.362829
v 0.476362 -0.617264 -3.410682
v 0.408919 -0.723267 -3.353395
v 0.408616 -0.723267 -3.275778
v 0.392350 -0.617264 -3.266471
v 0.408616 -0.723267 -3.275778
v 0.475682 -0.723267 -3.236707
v 0.475609 -0.617264 -3.217967
v 0.392350 -0.617264 -3.266471
v 0.475682 -0.723267 -3.236707
v 0.543053 -0.723267 -3.275253
v 0.559246 -0.617264 -3.265819
v 0.475609 -0.617264 -3.217967
v 0.543053 -0.723267 -3.275253
v 0.543356 -0.723267 -3.352870
v 0.559622 -0.617264 -3.362177
v 0.559246 -0.617264 -3.265819
v 0.543356 -0.723267 -3.352870
v 0.476289 -0.723267 -3.391940
v 0.559622 -0.617264 -3.362177
v 0.408616 -0.523827 -3.275778
v 0.475682 -0.523827 -3.236707
v 0.543052 -0.523827 -3.275252
v 0.543356 -0.523827 -3.352870
v 0.476289 -0.523827 -3.391940
v 0.408919 -0.523827 -3.353395
v 0.543052 -0.523827 -3.275252
v 0.475682 -0.523827 -3.236707
v 0.475682 -0.523827 -3.236707
v 0.408616 -0.523827 -3.275778
v 0.408616 -0.523827 -3.275778
v 0.408919 -0.523827 -3.353395
v 0.408919 -0.523827 -3.353395
v 0.476289 -0.523827 -3.391940
v 0.476289 -0.523827 -3.391940
v 0.543356 -0.523827 -3.352870
v 0.543356 -0.523827 -3.352870
v 0.543052 -0.523827 -3.275252
v -0.057617 -0.245029 -3.643645
v -0.074111 -0.243899 -3.635298
v -0.070932 -0.241075 -3.627345
v -0.052541 -0.242835 -3.639074
v -0.043787 -0.236741 -3.658173
v -0.051853 -0.240200 -3.660880
v -0.128139 -0.230980 -3.653903
v -0.131564 -0.227180 -3.663487
v -0.140849 -0.218632 -3.663859
v -0.132902 -0.226770 -3.648115
v -0.120935 -0.235235 -3.644702
v -0.125761 -0.231048 -3.639725
v -0.091903 -0.239683 -3.635568
v -0.108723 -0.236593 -3.638276
v -0.113514 -0.231454 -3.628777
v -0.092701 -0.235378 -3.624702
v -0.075062 -0.239304 -3.638644
v -0.070752 -0.234599 -3.625653
v -0.068844 -0.249006 -3.621886
v -0.048361 -0.248538 -3.636454
v -0.036741 -0.243228 -3.657890
v -0.151479 -0.223190 -3.667427
v -0.138686 -0.232505 -3.644750
v -0.131552 -0.236268 -3.637042
v -0.116785 -0.240823 -3.621788
v -0.095251 -0.245187 -3.617417
v -0.068296 -0.247253 -3.616854
v -0.069397 -0.257289 -3.623265
v -0.048684 -0.254630 -3.637750
v -0.036082 -0.248434 -3.658872
v -0.153258 -0.232866 -3.669976
v -0.139858 -0.240024 -3.646214
v -0.132686 -0.243362 -3.638466
v -0.117936 -0.251378 -3.623610
v -0.096259 -0.255734 -3.619262
v -0.069355 -0.260333 -3.619144
v -0.045829 -0.256632 -3.663021
v -0.054240 -0.258649 -3.643001
v -0.073104 -0.262645 -3.632504
v -0.143539 -0.244845 -3.670249
v -0.134943 -0.246661 -3.652963
v -0.127691 -0.249860 -3.644311
v -0.114810 -0.259402 -3.635061
v -0.093717 -0.263800 -3.631756
v -0.074279 -0.268969 -3.634031
v -0.075219 -0.254698 -3.637930
v -0.058428 -0.252929 -3.645571
v -0.052873 -0.250146 -3.663304
v -0.132908 -0.240287 -3.666682
v -0.129160 -0.240925 -3.656328
v -0.121901 -0.244641 -3.646995
v -0.110041 -0.250388 -3.641604
v -0.093284 -0.253600 -3.638968
v -0.076805 -0.256292 -3.642786
v -0.057617 -0.245029 -3.643645
v -0.074111 -0.243899 -3.635298
v -0.051853 -0.240200 -3.660880
v -0.128139 -0.230980 -3.653903
v -0.131564 -0.227180 -3.663487
v -0.120935 -0.235235 -3.644702
v -0.091903 -0.239683 -3.635568
v -0.108723 -0.236593 -3.638276
v -0.075062 -0.239304 -3.638644
v -0.117440 -0.231980 -3.646718
v -0.124769 -0.225289 -3.638055
v -0.118984 -0.247019 -3.650384
v -0.117440 -0.231980 -3.646718
v -0.127908 -0.255877 -3.645512
v -0.135464 -0.245537 -3.635382
v -0.133692 -0.234132 -3.633129
v -0.074111 -0.243899 -3.635298
v -0.075219 -0.254698 -3.637930
v -0.070932 -0.241075 -3.627345
v -0.074111 -0.243899 -3.635298
v -0.068844 -0.249006 -3.621886
v -0.069397 -0.257289 -3.623265
v -0.073104 -0.262645 -3.632504
v -0.120935 -0.235235 -3.644702
v -0.125761 -0.231048 -3.639725
v -0.121901 -0.244641 -3.646995
v -0.120935 -0.235235 -3.644702
v -0.127691 -0.249860 -3.644311
v -0.132686 -0.243362 -3.638466
v -0.131552 -0.236268 -3.637042
v -0.157441 -0.258734 -3.680211
v -0.154980 -0.276283 -3.706035
v -0.128917 -0.278589 -3.701607
v -0.131268 -0.261817 -3.676927
v -0.154980 -0.276283 -3.706035
v -0.149217 -0.276856 -3.735608
v -0.123409 -0.279137 -3.729871
v -0.128917 -0.278589 -3.701607
v -0.141695 -0.260299 -3.761005
v -0.116221 -0.263313 -3.754143
v -0.134432 -0.231048 -3.775421
v -0.109279 -0.235357 -3.767921
v -0.129371 -0.196940 -3.774993
v -0.104442 -0.202760 -3.767512
v -0.127871 -0.167116 -3.759837
v -0.103008 -0.174256 -3.753026
v -0.130332 -0.149567 -3.734012
v -0.105360 -0.157484 -3.728345
v -0.136095 -0.148994 -3.704439
v -0.110868 -0.156936 -3.700082
v -0.143616 -0.165551 -3.679042
v -0.118056 -0.172760 -3.675810
v -0.150880 -0.194802 -3.664626
v -0.124998 -0.200716 -3.662032
v -0.155940 -0.228909 -3.665053
v -0.129835 -0.233313 -3.662441
v -0.041852 -0.182478 -3.688996
v -0.047670 -0.195304 -3.669369
v -0.022031 -0.202364 -3.665971
v -0.016519 -0.190211 -3.684567
v -0.037400 -0.182947 -3.711865
v -0.012301 -0.190655 -3.706234
v -0.035505 -0.196586 -3.731846
v -0.010505 -0.203579 -3.725167
v -0.036675 -0.219740 -3.743587
v -0.011614 -0.225517 -3.736291
v -0.040597 -0.246206 -3.743942
v -0.015331 -0.250593 -3.736628
v -0.046220 -0.268891 -3.732814
v -0.020658 -0.272087 -3.726085
v -0.052037 -0.281717 -3.713188
v -0.026169 -0.284240 -3.707489
v -0.056489 -0.281248 -3.690320
v -0.030388 -0.283795 -3.685821
v -0.058384 -0.267609 -3.670338
v -0.056489 -0.281248 -3.690320
v -0.030388 -0.283795 -3.685821
v -0.032184 -0.270872 -3.666889
v -0.057215 -0.244454 -3.658597
v -0.031075 -0.248934 -3.655764
v -0.053292 -0.217989 -3.658242
v -0.027359 -0.223858 -3.655428
v -0.112513 -0.166060 -3.702477
v -0.118589 -0.179460 -3.681973
v -0.047884 -0.200640 -3.674088
v -0.042921 -0.189696 -3.690835
v -0.107861 -0.166550 -3.726367
v -0.039122 -0.190096 -3.710346
v -0.105881 -0.180799 -3.747242
v -0.037504 -0.201734 -3.727395
v -0.107104 -0.204988 -3.759507
v -0.038503 -0.221490 -3.737413
v -0.111201 -0.232636 -3.759879
v -0.041850 -0.244071 -3.737715
v -0.117075 -0.256335 -3.748254
v -0.046647 -0.263427 -3.728222
v -0.123151 -0.269735 -3.727750
v -0.051611 -0.274370 -3.711475
v -0.127804 -0.269245 -3.703860
v -0.055409 -0.273970 -3.691964
v -0.129783 -0.254996 -3.682985
v -0.127804 -0.269245 -3.703860
v -0.055409 -0.273970 -3.691964
v -0.057027 -0.262333 -3.674915
v -0.128560 -0.230807 -3.670719
v -0.056028 -0.242576 -3.664897
v -0.124463 -0.203159 -3.670349
v -0.052681 -0.219995 -3.664595
v -0.127804 -0.269245 -3.703860
v -0.129783 -0.254996 -3.682985
v -0.123151 -0.269735 -3.727750
v -0.127804 -0.269245 -3.703860
v -0.117075 -0.256335 -3.748254
v -0.111201 -0.232636 -3.759879
v -0.107104 -0.204988 -3.759507
v -0.105881 -0.180799 -3.747242
v -0.107861 -0.166550 -3.726367
v -0.112513 -0.166060 -3.702477
v -0.118589 -0.179460 -3.681973
v -0.124463 -0.203159 -3.670349
v -0.128560 -0.230807 -3.670719
v -0.042921 -0.189696 -3.690835
v -0.047884 -0.200640 -3.674088
v -0.039122 -0.190096 -3.710346
v -0.037504 -0.201734 -3.727395
v -0.038503 -0.221490 -3.737413
v -0.041850 -0.244071 -3.737715
v -0.046647 -0.263427 -3.728222
v -0.051611 -0.274370 -3.711475
v -0.055409 -0.273970 -3.691964
v -0.057027 -0.262333 -3.674915
v -0.055409 -0.273970 -3.691964
v -0.056028 -0.242576 -3.664897
v -0.052681 -0.219995 -3.664595
v -0.028907 -0.270457 -3.688909
v -0.030196 -0.261176 -3.675312
v -0.025877 -0.270777 -3.704470
v -0.028907 -0.270457 -3.688909
v -0.021919 -0.262049 -3.717826
v -0.018093 -0.246612 -3.725397
v -0.015424 -0.228603 -3.725156
v -0.014628 -0.212847 -3.717166
v -0.015917 -0.203566 -3.703570
v -0.018947 -0.203247 -3.688009
v -0.022905 -0.211975 -3.674653
v -0.026732 -0.227411 -3.667081
v -0.029400 -0.245420 -3.667322
v -0.149217 -0.276856 -3.735608
v -0.154980 -0.276283 -3.706035
v -0.136095 -0.148994 -3.704439
v -0.130332 -0.149567 -3.734012
v -0.157441 -0.258734 -3.680211
v -0.143616 -0.165551 -3.679042
v -0.127871 -0.167116 -3.759837
v -0.141695 -0.260299 -3.761005
v -0.129371 -0.196940 -3.774993
v -0.134432 -0.231048 -3.775421
v -0.155940 -0.228909 -3.665053
v -0.150880 -0.194802 -3.664626
v -0.086423 -0.561896 -3.088746
v -0.096477 -0.564680 -3.101607
v -0.121329 -0.446515 -3.119221
v -0.104711 -0.441913 -3.097965
v -0.112505 -0.567956 -3.099029
v -0.147819 -0.451929 -3.114961
v -0.118477 -0.568448 -3.083591
v -0.157690 -0.452742 -3.089446
v -0.108423 -0.565664 -3.070730
v -0.141072 -0.448140 -3.068190
v -0.092395 -0.562388 -3.073308
v -0.114582 -0.442726 -3.072450
v -0.086423 -0.561896 -3.088746
v -0.104711 -0.441913 -3.097965
v -0.104711 -0.441913 -3.097965
v -0.121329 -0.446515 -3.119221
v -0.147819 -0.451929 -3.114961
v -0.157690 -0.452742 -3.089446
v -0.141072 -0.448140 -3.068190
v -0.114582 -0.442726 -3.072450
v 0.440448 -0.569378 -3.083146
v 0.532733 -0.569378 -2.991289
v 0.532733 -0.543565 -2.991289
v 0.440448 -0.543565 -3.083146
v 0.593633 -0.526467 -3.055960
v 0.501348 -0.526467 -3.147816
v 0.593633 -0.569378 -3.055960
v 0.501348 -0.569378 -3.147816
v 0.532733 -0.569378 -2.991289
v 0.593633 -0.569378 -3.055960
v 0.501348 -0.569378 -3.147816
v 0.440448 -0.569378 -3.083146
v 0.468070 -0.665472 -3.181471
v 0.213778 -0.665473 -2.911432
v 0.213778 -0.588358 -2.911432
v 0.468070 -0.588358 -3.181471
v 0.623383 -0.588358 -3.026878
v 0.369092 -0.588358 -2.756839
v 0.369092 -0.665473 -2.756839
v 0.623383 -0.665472 -3.026878
v 0.369092 -0.665473 -2.756839
v 0.369092 -0.588358 -2.756839
v 0.501420 -0.645824 -2.899105
v 0.397802 -0.645824 -2.789070
v 0.452958 -0.643540 -2.734169
v 0.556577 -0.643540 -2.844204
v 0.452958 -0.666719 -2.734169
v 0.556577 -0.666719 -2.844204
v 0.556577 -0.666719 -2.844204
v 0.452958 -0.666719 -2.734169
v 0.397802 -0.664529 -2.789070
v 0.501420 -0.664529 -2.899105
v 0.397802 -0.664529 -2.789070
v 0.452958 -0.666719 -2.734169
v 0.556577 -0.666719 -2.844204
v 0.501420 -0.664529 -2.899105
v 0.516967 -0.723026 -2.854707
v 0.441467 -0.723026 -2.774531
v 0.434728 -0.661849 -2.767376
v 0.523706 -0.661849 -2.861863
v 0.542362 -0.661849 -2.843295
v 0.453383 -0.661849 -2.748807
v 0.460121 -0.723026 -2.755963
v 0.535623 -0.723026 -2.836138
v 0.441467 -0.723026 -2.774531
v 0.434728 -0.661849 -2.767376
v 0.516967 -0.723026 -2.854707
v 0.523706 -0.661849 -2.861863
v 0.455616 -0.723200 -3.213377
v 0.176919 -0.723200 -2.917422
v 0.186715 -0.664553 -2.907671
v 0.465412 -0.664553 -3.203625
v 0.370775 -0.664553 -2.724465
v 0.649472 -0.664553 -3.020420
v 0.380571 -0.723200 -2.714713
v 0.659268 -0.723200 -3.010668
v 0.176919 -0.723200 -2.917422
v 0.380571 -0.723200 -2.714713
v 0.659268 -0.723200 -3.010668
v 0.455616 -0.723200 -3.213377
v 0.470374 -0.599930 -3.193273
v 0.198450 -0.604949 -2.904511
v 0.198450 -0.568755 -2.904511
v 0.470374 -0.568755 -3.193273
v 0.364532 -0.568755 -2.739199
v 0.636455 -0.568755 -3.027961
v 0.364532 -0.604949 -2.739199
v 0.636455 -0.599930 -3.027961
v 0.636455 -0.599930 -3.027961
v 0.364532 -0.604949 -2.739199
v 0.198450 -0.604949 -2.904511
v 0.470374 -0.599930 -3.193273
v 0.198450 -0.604949 -2.904511
v 0.364532 -0.604949 -2.739199
v 0.636455 -0.599930 -3.027961
v 0.470374 -0.599930 -3.193273
v -0.635016 -0.601486 -3.335450
v -0.633090 -0.601486 -3.306195
v -0.388760 -0.599193 -3.187254
v -0.370289 -0.599193 -3.209857
v -0.633090 -0.601486 -3.306195
v -0.603110 -0.595022 -3.289474
v -0.580421 -0.595022 -3.345353
v -0.613477 -0.601486 -3.362257
v -0.363544 -0.599193 -3.237182
v -0.382286 -0.595022 -3.244107
v -0.406695 -0.595022 -3.194173
v -0.388760 -0.599193 -3.187254
v -0.613477 -0.601486 -3.362257
v -0.363544 -0.599193 -3.237182
v -0.510295 -0.585879 -3.239299
v -0.486647 -0.585879 -3.296745
v -0.486647 -0.605888 -3.296745
v -0.510295 -0.605888 -3.239299
v -0.568649 -0.611587 -3.415444
v -0.591672 -0.611587 -3.391828
v -0.334226 -0.607789 -3.265508
v -0.329039 -0.607789 -3.297383
v -0.600176 -0.611587 -3.355644
v -0.578544 -0.600881 -3.344412
v -0.546879 -0.600881 -3.404313
v -0.568649 -0.611587 -3.415444
v -0.354317 -0.607789 -3.233843
v -0.600176 -0.611587 -3.355644
v -0.492309 -0.581600 -3.300658
v -0.460752 -0.581600 -3.361481
v -0.460752 -0.611747 -3.361481
v -0.492309 -0.611747 -3.300658
v -0.329039 -0.607789 -3.297383
v -0.359292 -0.600881 -3.309396
v -0.384089 -0.600881 -3.244812
v -0.354317 -0.607789 -3.233843
v -0.565340 -0.612565 -3.452510
v -0.572532 -0.612565 -3.418870
v -0.335210 -0.608622 -3.299597
v -0.322433 -0.608622 -3.328116
v -0.572532 -0.612565 -3.418870
v -0.557960 -0.601448 -3.409367
v -0.518210 -0.601448 -3.458349
v -0.542171 -0.612565 -3.464215
v -0.321617 -0.608622 -3.355548
v -0.336575 -0.601448 -3.362318
v -0.353120 -0.601448 -3.306127
v -0.335210 -0.608622 -3.299597
v -0.542171 -0.612565 -3.464215
v -0.321617 -0.608622 -3.355548
v -0.422915 -0.612314 -3.406040
v -0.422915 -0.586006 -3.406040
v -0.459899 -0.612314 -3.360457
v -0.459899 -0.586006 -3.360457
v -0.412779 -0.551402 -3.309111
v -0.416051 -0.556079 -3.297991
v -0.421346 -0.549063 -3.317674
v -0.433185 -0.551402 -3.315118
v -0.436458 -0.556079 -3.303998
v -0.427891 -0.558418 -3.295435
v -0.411530 -0.544252 -3.307528
v -0.415309 -0.549653 -3.294688
v -0.421421 -0.541551 -3.317415
v -0.435093 -0.544252 -3.314463
v -0.438871 -0.549653 -3.301624
v -0.428980 -0.552353 -3.291735
v -0.413943 -0.537825 -3.305153
v -0.417217 -0.542503 -3.294033
v -0.422510 -0.535486 -3.313715
v -0.434350 -0.537825 -3.311160
v -0.437622 -0.542503 -3.300040
v -0.429056 -0.544841 -3.291477
v -0.441071 -0.551689 -3.304145
v -0.448153 -0.560198 -3.303471
v -0.439161 -0.546548 -3.313176
v -0.444332 -0.549916 -3.321534
v -0.451413 -0.558425 -3.320860
v -0.453323 -0.563566 -3.311828
v -0.443916 -0.547035 -3.301851
v -0.452093 -0.556860 -3.301073
v -0.441711 -0.541098 -3.312280
v -0.447681 -0.544988 -3.321930
v -0.455857 -0.554813 -3.321151
v -0.458063 -0.560749 -3.310722
v -0.448360 -0.543422 -3.302144
v -0.455442 -0.551932 -3.301469
v -0.446450 -0.538281 -3.311175
v -0.451622 -0.541650 -3.319532
v -0.458702 -0.550159 -3.318858
v -0.460613 -0.555300 -3.309826
v -0.425319 -0.574849 -3.276367
v -0.406208 -0.573496 -3.291132
v -0.403049 -0.556287 -3.288512
v -0.424723 -0.557821 -3.271766
v -0.399380 -0.573496 -3.314328
v -0.395306 -0.556287 -3.314819
v -0.407444 -0.574849 -3.337093
v -0.404451 -0.557821 -3.340637
v -0.427319 -0.577038 -3.350733
v -0.426992 -0.560304 -3.356106
v -0.451414 -0.579227 -3.350036
v -0.454319 -0.562787 -3.355316
v -0.470524 -0.580580 -3.335269
v -0.475992 -0.564321 -3.338569
v -0.477351 -0.580580 -3.312074
v -0.483736 -0.564321 -3.312263
v -0.469288 -0.579227 -3.289310
v -0.474591 -0.562787 -3.286445
v -0.449413 -0.577038 -3.275670
v -0.452050 -0.560304 -3.270976
v -0.497360 -0.583548 -3.350954
v -0.489720 -0.583548 -3.360423
v -0.485915 -0.560776 -3.359303
v -0.495462 -0.560776 -3.347473
v -0.491012 -0.583548 -3.372521
v -0.487530 -0.560776 -3.374419
v -0.500481 -0.583548 -3.380162
v -0.499361 -0.560776 -3.383966
v -0.512578 -0.583548 -3.378870
v -0.514477 -0.560776 -3.382351
v -0.520219 -0.583548 -3.369401
v -0.524023 -0.560776 -3.370521
v -0.518927 -0.583548 -3.357303
v -0.522408 -0.560776 -3.355405
v -0.518927 -0.583548 -3.357303
v -0.509458 -0.583548 -3.349662
v -0.510578 -0.560776 -3.345858
v -0.522408 -0.560776 -3.355405
v -0.495057 -0.538153 -3.346731
v -0.485104 -0.538153 -3.359065
v -0.491221 -0.538153 -3.360865
v -0.498110 -0.538153 -3.352328
v -0.486788 -0.538153 -3.374824
v -0.492386 -0.538153 -3.371772
v -0.499122 -0.538153 -3.384777
v -0.500922 -0.538153 -3.378660
v -0.514882 -0.538153 -3.383093
v -0.511829 -0.538153 -3.377495
v -0.524834 -0.538153 -3.370759
v -0.518718 -0.538153 -3.368958
v -0.523151 -0.538153 -3.355000
v -0.517553 -0.538153 -3.358052
v -0.523151 -0.538153 -3.355000
v -0.510817 -0.538153 -3.345046
v -0.509016 -0.538153 -3.351163
v -0.517553 -0.538153 -3.358052
v -0.498110 -0.538153 -3.352328
v -0.491221 -0.538153 -3.360865
v -0.497148 -0.574688 -3.358601
v -0.517553 -0.538153 -3.358052
v -0.511280 -0.574688 -3.357091
v -0.358108 -0.599616 -3.392025
v -0.385740 -0.608807 -3.339250
v -0.385740 -0.571484 -3.339250
v -0.358108 -0.565079 -3.392025
v -0.357524 -0.571484 -3.330818
v -0.327213 -0.565079 -3.373324
v -0.357524 -0.611852 -3.330818
v -0.327213 -0.599616 -3.373324
v -0.451083 -0.602580 -3.196456
v -0.410807 -0.602580 -3.185421
v -0.410807 -0.562115 -3.185421
v -0.451083 -0.562115 -3.196456
v -0.327213 -0.599616 -3.373324
v -0.358108 -0.599616 -3.392025
v -0.396309 -0.564988 -3.243111
v -0.410807 -0.602580 -3.185421
v -0.396309 -0.608807 -3.243111
v -0.426937 -0.564988 -3.254018
v -0.426937 -0.608807 -3.254018
v -0.451083 -0.602580 -3.196456
v -0.377963 -0.567276 -3.287488
v -0.377963 -0.610480 -3.287488
v -0.406201 -0.608807 -3.295817
v -0.406201 -0.567276 -3.295817
v -0.421188 -0.724305 -3.244187
v -0.386043 -0.591127 -3.324299
v -0.364756 -0.591127 -3.373729
v -0.404122 -0.724305 -3.283817
v -0.367418 -0.591127 -3.312301
v -0.401552 -0.724305 -3.231537
v -0.384486 -0.724305 -3.271166
v -0.346132 -0.591127 -3.361730
v -0.404122 -0.724305 -3.283817
v -0.364756 -0.591127 -3.373729
v -0.367833 -0.724305 -3.357486
v -0.385832 -0.724305 -3.318131
v -0.426422 -0.591127 -3.228288
v -0.403973 -0.591127 -3.277376
v -0.389518 -0.591127 -3.268926
v -0.411967 -0.591127 -3.219838
v -0.370592 -0.724305 -3.309222
v -0.352593 -0.724305 -3.348577
v -0.367833 -0.724305 -3.357486
v -0.403973 -0.591127 -3.277376
v -0.568334 -0.724305 -3.319874
v -0.533261 -0.591127 -3.400008
v -0.512018 -0.591127 -3.449450
v -0.551301 -0.724305 -3.359514
v -0.514778 -0.591127 -3.388052
v -0.548846 -0.724305 -3.307268
v -0.531814 -0.724305 -3.346908
v -0.493535 -0.591127 -3.437494
v -0.551301 -0.724305 -3.359514
v -0.512018 -0.591127 -3.449450
v -0.515342 -0.724305 -3.433281
v -0.533150 -0.724305 -3.393869
v -0.573319 -0.591127 -3.303903
v -0.551108 -0.591127 -3.353060
v -0.537157 -0.591127 -3.344758
v -0.559369 -0.591127 -3.295601
v -0.518440 -0.724305 -3.385116
v -0.500633 -0.724305 -3.424528
v -0.515342 -0.724305 -3.433281
v -0.551108 -0.591127 -3.353060
v -0.456901 -0.658645 -3.057310
v -0.421513 -0.658645 -3.084561
v -0.428317 -0.634417 -3.089220
v -0.459667 -0.634417 -3.065079
v -0.408901 -0.658645 -3.127409
v -0.417144 -0.634417 -3.127178
v -0.423882 -0.658645 -3.169485
v -0.430415 -0.634417 -3.164454
v -0.460734 -0.658645 -3.194721
v -0.463064 -0.634417 -3.186810
v -0.505381 -0.658645 -3.193475
v -0.502615 -0.634417 -3.185706
v -0.540769 -0.658645 -3.166224
v -0.533965 -0.634417 -3.161565
v -0.553382 -0.658645 -3.123377
v -0.545139 -0.634417 -3.123607
v -0.538400 -0.658645 -3.081300
v -0.531867 -0.634417 -3.086332
v -0.501548 -0.658645 -3.056065
v -0.499220 -0.634417 -3.063976
v -0.416286 -0.722571 -3.104154
v -0.429377 -0.722571 -3.128167
v -0.445829 -0.653717 -3.124841
v -0.438487 -0.653717 -3.111373
v -0.453389 -0.722571 -3.115076
v -0.459296 -0.653717 -3.117499
v -0.453389 -0.722571 -3.115076
v -0.440298 -0.722571 -3.091063
v -0.451954 -0.653717 -3.104032
v -0.459296 -0.653717 -3.117499
v -0.460999 -0.722571 -3.196970
v -0.484713 -0.722571 -3.183347
v -0.481330 -0.653717 -3.166193
v -0.468030 -0.653717 -3.173834
v -0.471090 -0.722571 -3.159632
v -0.473689 -0.653717 -3.152893
v -0.471090 -0.722571 -3.159632
v -0.447376 -0.722571 -3.173255
v -0.460389 -0.653717 -3.160534
v -0.473689 -0.653717 -3.152893
v -0.505521 -0.722571 -3.053790
v -0.480680 -0.722571 -3.065231
v -0.483265 -0.653717 -3.082894
v -0.497197 -0.653717 -3.076476
v -0.492123 -0.722571 -3.090072
v -0.489683 -0.653717 -3.096826
v -0.492123 -0.722571 -3.090072
v -0.516963 -0.722571 -3.078630
v -0.503615 -0.653717 -3.090408
v -0.489683 -0.653717 -3.096826
v -0.549227 -0.722571 -3.144725
v -0.536187 -0.722571 -3.120685
v -0.519656 -0.653717 -3.124220
v -0.526970 -0.653717 -3.137703
v -0.512147 -0.722571 -3.133725
v -0.506172 -0.653717 -3.131534
v -0.512147 -0.722571 -3.133725
v -0.525188 -0.722571 -3.157764
v -0.513487 -0.653717 -3.145017
v -0.506172 -0.653717 -3.131534
v -0.626133 -0.721439 -3.192544
v -0.609444 -0.721439 -3.200231
v -0.611181 -0.675182 -3.212097
v -0.620541 -0.675182 -3.207786
v -0.617132 -0.721439 -3.216920
v -0.615492 -0.675182 -3.221457
v -0.617132 -0.721439 -3.216920
v -0.633820 -0.721439 -3.209233
v -0.624852 -0.675182 -3.217146
v -0.615492 -0.675182 -3.221457
v -0.593469 -0.678492 -3.194910
v -0.569695 -0.678492 -3.213217
v -0.574265 -0.662215 -3.216348
v -0.595327 -0.662215 -3.200130
v -0.561221 -0.678492 -3.242003
v -0.566759 -0.662215 -3.241849
v -0.571286 -0.678492 -3.270272
v -0.575676 -0.662215 -3.266891
v -0.596045 -0.678492 -3.287226
v -0.597609 -0.662215 -3.281911
v -0.626040 -0.678492 -3.286389
v -0.624181 -0.662215 -3.281170
v -0.649814 -0.678492 -3.268081
v -0.645243 -0.662215 -3.264950
v -0.658288 -0.678492 -3.239295
v -0.652750 -0.662215 -3.239450
v -0.648223 -0.678492 -3.211027
v -0.643833 -0.662215 -3.214407
v -0.623464 -0.678492 -3.194073
v -0.621900 -0.662215 -3.199388
v -0.596222 -0.721439 -3.288737
v -0.612155 -0.721439 -3.279584
v -0.609881 -0.675182 -3.268061
v -0.600945 -0.675182 -3.273194
v -0.603001 -0.721439 -3.263652
v -0.604748 -0.675182 -3.259125
v -0.603001 -0.721439 -3.263652
v -0.587070 -0.721439 -3.272805
v -0.595813 -0.675182 -3.264258
v -0.604748 -0.675182 -3.259125
v -0.566183 -0.721439 -3.226381
v -0.574977 -0.721439 -3.242513
v -0.586031 -0.675182 -3.240278
v -0.581097 -0.675182 -3.231231
v -0.591110 -0.721439 -3.233719
v -0.595078 -0.675182 -3.235347
v -0.591110 -0.721439 -3.233719
v -0.582315 -0.721439 -3.217586
v -0.590145 -0.675182 -3.226298
v -0.595078 -0.675182 -3.235347
v -0.655497 -0.721439 -3.253637
v -0.646736 -0.721439 -3.237486
v -0.635629 -0.675182 -3.239862
v -0.640543 -0.675182 -3.248919
v -0.630585 -0.721439 -3.246247
v -0.626571 -0.675182 -3.244775
v -0.630585 -0.721439 -3.246247
v -0.639346 -0.721439 -3.262398
v -0.631485 -0.675182 -3.253834
v -0.626571 -0.675182 -3.244775
v -0.499309 -0.607130 -3.466571
v -0.536347 -0.609051 -3.419542
v -0.536347 -0.569749 -3.419542
v -0.499309 -0.555248 -3.466571
v -0.510131 -0.569749 -3.404144
v -0.464196 -0.555248 -3.442531
v -0.510131 -0.612258 -3.404144
v -0.464195 -0.607130 -3.442532
v -0.606187 -0.608780 -3.280907
v -0.573591 -0.608780 -3.258877
v -0.573591 -0.553598 -3.258877
v -0.606187 -0.553598 -3.280907
v -0.464195 -0.607130 -3.442532
v -0.499309 -0.607130 -3.466571
v -0.555431 -0.562909 -3.319891
v -0.573591 -0.608780 -3.258877
v -0.555431 -0.609051 -3.319891
v -0.585171 -0.562909 -3.335829
v -0.585171 -0.609051 -3.335829
v -0.606187 -0.608780 -3.280907
v -0.536125 -0.565318 -3.366295
v -0.536125 -0.610814 -3.366295
v -0.563982 -0.609051 -3.381079
v -0.563982 -0.565318 -3.381079
v 0.600825 -0.254626 -3.082919
v 0.596726 -0.254626 -3.048788
v 0.589194 -0.182852 -3.047304
v 0.593860 -0.182852 -3.086145
v 0.613469 -0.254626 -3.018767
v 0.608249 -0.182852 -3.013139
v 0.644662 -0.254626 -3.004320
v 0.643747 -0.182852 -2.996699
v 0.678389 -0.254626 -3.010968
v 0.682128 -0.182852 -3.004264
v 0.701768 -0.254626 -3.036170
v 0.708732 -0.182852 -3.032944
v 0.705867 -0.254626 -3.070300
v 0.713398 -0.182852 -3.071785
v 0.689123 -0.254626 -3.100322
v 0.694344 -0.182852 -3.105950
v 0.657930 -0.254626 -3.114769
v 0.658846 -0.182852 -3.122389
v 0.624204 -0.254626 -3.108121
v 0.620465 -0.182852 -3.114825
v 0.624204 -0.254626 -3.108121
v 0.620465 -0.182852 -3.114825
v 0.608249 -0.182852 -3.013139
v 0.643747 -0.182852 -2.996699
v 0.713398 -0.182852 -3.071785
v 0.694344 -0.182852 -3.105950
v 0.658846 -0.182852 -3.122389
v 0.589194 -0.182852 -3.047304
v 0.708732 -0.182852 -3.032944
v 0.682128 -0.182852 -3.004264
v 0.620465 -0.182852 -3.114825
v 0.593860 -0.182852 -3.086145
v 0.613469 -0.254626 -3.018767
v 0.596726 -0.254626 -3.048788
v 0.657930 -0.254626 -3.114769
v 0.689123 -0.254626 -3.100322
v 0.644662 -0.254626 -3.004320
v 0.705867 -0.254626 -3.070300
v 0.678389 -0.254626 -3.010968
v 0.701768 -0.254626 -3.036170
v 0.600825 -0.254626 -3.082919
v 0.624204 -0.254626 -3.108121
v 0.604769 -0.184045 -3.081092
v 0.600990 -0.184046 -3.049630
v 0.593204 -0.138180 -3.048095
v 0.597568 -0.138180 -3.084427
v 0.616426 -0.184046 -3.021954
v 0.611028 -0.138180 -3.016136
v 0.645181 -0.184046 -3.008636
v 0.644234 -0.138180 -3.000758
v 0.676271 -0.184045 -3.014765
v 0.680137 -0.138180 -3.007834
v 0.697823 -0.184045 -3.037997
v 0.705024 -0.138180 -3.034662
v 0.701602 -0.184045 -3.069460
v 0.709389 -0.138180 -3.070994
v 0.686167 -0.184045 -3.097135
v 0.691564 -0.138180 -3.102953
v 0.657412 -0.184045 -3.110452
v 0.658358 -0.138180 -3.118331
v 0.626320 -0.184045 -3.104324
v 0.622456 -0.138180 -3.111255
v 0.604769 -0.184045 -3.081092
v 0.597568 -0.138180 -3.084427
v 0.615985 -0.273150 -3.075281
v 0.613307 -0.270714 -3.051889
v 0.607679 -0.252086 -3.050947
v 0.610956 -0.252086 -3.078227
v 0.624820 -0.270714 -3.031245
v 0.621062 -0.252086 -3.026952
v 0.646129 -0.273150 -3.021231
v 0.645994 -0.252086 -3.015405
v 0.669093 -0.277092 -3.025676
v 0.672951 -0.252086 -3.020718
v 0.684941 -0.281034 -3.042879
v 0.691636 -0.252086 -3.040861
v 0.687619 -0.283471 -3.066270
v 0.694914 -0.252086 -3.068141
v 0.676105 -0.283471 -3.086914
v 0.681531 -0.252086 -3.092137
v 0.654796 -0.281034 -3.096927
v 0.656598 -0.252086 -3.103684
v 0.631832 -0.277092 -3.092483
v 0.629642 -0.252086 -3.098371
v 0.611878 -0.319410 -3.063385
v 0.611301 -0.312951 -3.047102
v 0.619694 -0.312951 -3.032054
v 0.633850 -0.319410 -3.023989
v 0.648363 -0.329862 -3.025987
v 0.657690 -0.340314 -3.037285
v 0.658266 -0.346773 -3.053568
v 0.649874 -0.346773 -3.068615
v 0.635718 -0.340314 -3.076681
v 0.621204 -0.329862 -3.074683
v 0.597369 -0.370187 -3.045688
v 0.597436 -0.365386 -3.035700
v 0.602707 -0.365386 -3.026249
v 0.611169 -0.370187 -3.020944
v 0.619590 -0.377955 -3.021811
v 0.624753 -0.385724 -3.028520
v 0.624685 -0.390525 -3.038508
v 0.619415 -0.390525 -3.047958
v 0.610952 -0.385724 -3.053263
v 0.602532 -0.377955 -3.052396
v 0.578105 -0.412205 -3.021641
v 0.580741 -0.412205 -3.016915
v 0.606747 -0.353213 -3.018443
v 0.593069 -0.353213 -3.042965
v 0.584184 -0.416819 -3.015738
v 0.629876 -0.371194 -3.015265
v 0.584992 -0.421434 -3.019286
v 0.639327 -0.389174 -3.036613
v 0.582356 -0.421434 -3.024011
v 0.625649 -0.389174 -3.061136
v 0.578913 -0.416819 -3.025189
v 0.602521 -0.371194 -3.064312
v 0.578105 -0.412205 -3.021641
v 0.593069 -0.353213 -3.042965
v 0.582356 -0.421434 -3.024011
v 0.584992 -0.421434 -3.019286
v 0.584184 -0.416819 -3.015738
v 0.578913 -0.416819 -3.025189
v 0.580741 -0.412205 -3.016915
v 0.578105 -0.412205 -3.021641
v 0.629876 -0.371194 -3.015265
v 0.639327 -0.389174 -3.036613
v 0.625649 -0.389174 -3.061136
v 0.602521 -0.371194 -3.064312
v 0.593069 -0.353213 -3.042965
v 0.606747 -0.353213 -3.018443
v -0.391473 -0.254626 -3.682595
v -0.367361 -0.254626 -3.658094
v -0.370901 -0.182852 -3.651283
v -0.398340 -0.182852 -3.679165
v -0.333453 -0.254626 -3.652444
v -0.332313 -0.182852 -3.644853
v -0.302700 -0.254626 -3.667804
v -0.297316 -0.182852 -3.662333
v -0.286848 -0.254626 -3.698306
v -0.279276 -0.182852 -3.697045
v -0.291952 -0.254626 -3.732301
v -0.285086 -0.182852 -3.735730
v -0.316064 -0.254626 -3.756802
v -0.312525 -0.182852 -3.763614
v -0.349972 -0.254626 -3.762452
v -0.351112 -0.182852 -3.770043
v -0.380725 -0.254626 -3.747092
v -0.386110 -0.182852 -3.752563
v -0.396577 -0.254626 -3.716590
v -0.404149 -0.182852 -3.717851
v -0.396577 -0.254626 -3.716590
v -0.404149 -0.182852 -3.717851
v -0.332313 -0.182852 -3.644853
v -0.297316 -0.182852 -3.662333
v -0.312525 -0.182852 -3.763614
v -0.351112 -0.182852 -3.770043
v -0.386110 -0.182852 -3.752563
v -0.370901 -0.182852 -3.651283
v -0.285086 -0.182852 -3.735730
v -0.279276 -0.182852 -3.697045
v -0.404149 -0.182852 -3.717851
v -0.398340 -0.182852 -3.679165
v -0.333453 -0.254626 -3.652444
v -0.367361 -0.254626 -3.658094
v -0.380725 -0.254626 -3.747092
v -0.349972 -0.254626 -3.762452
v -0.302700 -0.254626 -3.667804
v -0.316064 -0.254626 -3.756802
v -0.286848 -0.254626 -3.698306
v -0.291952 -0.254626 -3.732301
v -0.391473 -0.254626 -3.682595
v -0.396577 -0.254626 -3.716590
v -0.387583 -0.184046 -3.684537
v -0.365356 -0.184046 -3.661951
v -0.369016 -0.138180 -3.654909
v -0.394683 -0.138180 -3.680991
v -0.334099 -0.184046 -3.656743
v -0.332920 -0.138180 -3.648895
v -0.305748 -0.184045 -3.670902
v -0.300182 -0.138180 -3.665245
v -0.291136 -0.184045 -3.699021
v -0.283308 -0.138180 -3.697716
v -0.295842 -0.184045 -3.730359
v -0.288742 -0.138180 -3.733904
v -0.318069 -0.184045 -3.752945
v -0.314409 -0.138180 -3.759987
v -0.349327 -0.184045 -3.758154
v -0.350505 -0.138180 -3.766002
v -0.377677 -0.184045 -3.743994
v -0.383243 -0.138180 -3.749650
v -0.392290 -0.184045 -3.715876
v -0.400118 -0.138180 -3.717179
v -0.387583 -0.184046 -3.684537
v -0.394683 -0.138180 -3.680991
v -0.376044 -0.273150 -3.689674
v -0.359437 -0.270714 -3.672985
v -0.362213 -0.252086 -3.668000
v -0.381485 -0.252086 -3.687583
v -0.336120 -0.270714 -3.669101
v -0.335110 -0.252086 -3.663484
v -0.314999 -0.273150 -3.679503
v -0.310530 -0.252086 -3.675761
v -0.304142 -0.277092 -3.700220
v -0.297860 -0.252086 -3.700141
v -0.307695 -0.281034 -3.723339
v -0.301941 -0.252086 -3.727312
v -0.324302 -0.283471 -3.740027
v -0.321213 -0.252086 -3.746896
v -0.347619 -0.283471 -3.743912
v -0.348315 -0.252086 -3.751412
v -0.368740 -0.281034 -3.733510
v -0.372895 -0.252086 -3.739135
v -0.379597 -0.277092 -3.712793
v -0.385565 -0.252086 -3.714755
v -0.369311 -0.319410 -3.679043
v -0.356947 -0.312951 -3.668431
v -0.339952 -0.312951 -3.665600
v -0.324815 -0.319410 -3.671629
v -0.317321 -0.329862 -3.684216
v -0.320330 -0.340314 -3.698554
v -0.332693 -0.346773 -3.709165
v -0.349689 -0.346773 -3.711997
v -0.364825 -0.340314 -3.705968
v -0.372320 -0.329862 -3.693380
v -0.364535 -0.370187 -3.656662
v -0.356690 -0.365386 -3.650482
v -0.346016 -0.365386 -3.648703
v -0.336590 -0.370187 -3.652005
v -0.332013 -0.377955 -3.659126
v -0.334034 -0.385724 -3.667347
v -0.341880 -0.390525 -3.673527
v -0.352553 -0.390525 -3.675305
v -0.361979 -0.385724 -3.672003
v -0.366556 -0.377955 -3.664882
v -0.357766 -0.412205 -3.626603
v -0.352429 -0.412205 -3.625715
v -0.337394 -0.353213 -3.646989
v -0.365092 -0.353213 -3.651604
v -0.349361 -0.416819 -3.627669
v -0.320479 -0.371194 -3.663079
v -0.351630 -0.421434 -3.630515
v -0.331263 -0.389174 -3.683786
v -0.356966 -0.421434 -3.631404
v -0.358961 -0.389174 -3.688401
v -0.360036 -0.416819 -3.629448
v -0.375876 -0.371194 -3.672309
v -0.357766 -0.412205 -3.626603
v -0.365092 -0.353213 -3.651604
v -0.356966 -0.421434 -3.631404
v -0.351630 -0.421434 -3.630515
v -0.349361 -0.416819 -3.627669
v -0.360036 -0.416819 -3.629448
v -0.352429 -0.412205 -3.625715
v -0.357766 -0.412205 -3.626603
v -0.320479 -0.371194 -3.663079
v -0.331263 -0.389174 -3.683786
v -0.358961 -0.389174 -3.688401
v -0.375876 -0.371194 -3.672309
v -0.365092 -0.353213 -3.651604
v -0.337394 -0.353213 -3.646989
v -0.212342 -0.742938 -3.859519
v -0.212964 -0.742938 -3.919098
v -0.220062 -0.579065 -3.915676
v -0.219479 -0.579065 -3.859842
v -0.457453 -0.742938 -3.822930
v -0.393398 -0.742938 -3.760034
v -0.389154 -0.579065 -3.766610
v -0.453493 -0.579065 -3.828352
v -0.329690 -0.742938 -3.739357
v -0.329451 -0.579065 -3.747232
v -0.275008 -0.742938 -3.763021
v -0.278207 -0.579065 -3.769410
v -0.238532 -0.742938 -3.807930
v -0.244023 -0.579065 -3.811496
v -0.304284 -0.579065 -3.801586
v -0.278310 -0.579065 -3.833762
v -0.285720 -0.381465 -3.838574
v -0.308051 -0.381465 -3.810912
v -0.336983 -0.579065 -3.786919
v -0.336162 -0.381465 -3.798302
v -0.376460 -0.579065 -3.799413
v -0.370100 -0.381465 -3.809044
v -0.427558 -0.579065 -3.845739
v -0.421695 -0.381465 -3.853848
v -0.259480 -0.579065 -3.870577
v -0.259381 -0.579065 -3.906416
v -0.269446 -0.381465 -3.901035
v -0.269532 -0.381465 -3.870225
v -0.259381 -0.579065 -3.906416
v -0.259480 -0.579065 -3.870577
v -0.376460 -0.579065 -3.799413
v -0.427558 -0.579065 -3.845739
v -0.336983 -0.579065 -3.786919
v -0.304284 -0.579065 -3.801586
v -0.278310 -0.579065 -3.833762
v -0.260039 0.201189 -3.821897
v -0.294992 0.201189 -3.778599
v -0.338995 0.201189 -3.758861
v -0.392118 0.201189 -3.775675
v -0.442006 0.201189 -3.825757
v -0.293064 -0.381465 -3.927670
v -0.354979 -0.381465 -3.956581
v -0.337578 0.201189 -3.986561
v -0.271535 0.201189 -3.961356
v -0.234568 0.201189 -3.919665
v -0.234701 0.201189 -3.871439
v -0.442006 0.201189 -3.825757
v -0.392118 0.201189 -3.775675
v -0.271535 0.201189 -3.961356
v -0.337578 0.201189 -3.986561
v -0.234568 0.201189 -3.919665
v -0.338995 0.201189 -3.758861
v 0.672445 -0.742938 -3.284931
v 0.675644 -0.579065 -3.278543
v 0.726888 -0.579065 -3.300720
v 0.727126 -0.742938 -3.308596
v 0.738715 -0.742938 -3.046129
v 0.742057 -0.579065 -3.051952
v 0.659485 -0.579065 -3.085617
v 0.655204 -0.742938 -3.079064
v 0.617499 -0.579065 -3.132276
v 0.610401 -0.742938 -3.128854
v 0.616917 -0.579065 -3.188110
v 0.609779 -0.742938 -3.188434
v 0.641460 -0.579065 -3.236456
v 0.635969 -0.742938 -3.240022
v 0.656917 -0.579065 -3.177375
v 0.666969 -0.381465 -3.177727
v 0.683157 -0.381465 -3.209378
v 0.675747 -0.579065 -3.214190
v 0.656818 -0.579065 -3.141537
v 0.666883 -0.381465 -3.146917
v 0.684289 -0.579065 -3.110555
v 0.690501 -0.381465 -3.120282
v 0.747393 -0.579065 -3.082717
v 0.752416 -0.381465 -3.091372
v 0.773897 -0.579065 -3.248539
v 0.767537 -0.381465 -3.238908
v 0.819131 -0.381465 -3.194104
v 0.824995 -0.579168 -3.202214
v 0.734420 -0.579065 -3.261034
v 0.733599 -0.381465 -3.249650
v 0.701720 -0.579065 -3.246366
v 0.705487 -0.381465 -3.237040
v 0.734420 -0.579065 -3.261034
v 0.701720 -0.579065 -3.246366
v 0.773897 -0.579065 -3.248539
v 0.786591 -0.579168 -3.281342
v 0.824995 -0.579168 -3.202214
v 0.850930 -0.579168 -3.219601
v 0.684289 -0.579065 -3.110555
v 0.747393 -0.579065 -3.082717
v 0.656818 -0.579065 -3.141537
v 0.656917 -0.579065 -3.177375
v 0.675747 -0.579065 -3.214190
v 0.632138 0.201189 -3.176513
v 0.657476 0.201189 -3.226056
v 0.632004 0.201189 -3.128287
v 0.668972 0.201189 -3.086596
v 0.735015 0.201189 -3.061391
v 0.789554 0.201189 -3.272277
v 0.839442 0.201189 -3.222195
v 0.736432 0.201189 -3.289091
v 0.692429 0.201189 -3.269353
v 0.839442 0.201189 -3.222195
v 0.819131 -0.381465 -3.194104
v 0.819131 -0.381465 -3.194104
v 0.824995 -0.579168 -3.202214
v 0.850930 -0.579168 -3.219601
v 0.742057 -0.579065 -3.051952
v 0.738715 -0.742938 -3.046129
v 0.854889 -0.745128 -3.225022
v 0.824995 -0.579168 -3.202214
v 0.747393 -0.579065 -3.082717
v 0.735015 0.201189 -3.061391
v 0.839442 0.201189 -3.222195
v 0.789554 0.201189 -3.272277
v 0.668972 0.201189 -3.086596
v 0.736432 0.201189 -3.289091
v 0.632004 0.201189 -3.128287
v -0.732337 -0.742938 -3.058797
v -0.732959 -0.742938 -3.118376
v -0.740057 -0.579065 -3.114955
v -0.739474 -0.579065 -3.059121
v -0.777762 -0.742938 -3.168166
v -0.782043 -0.579168 -3.161614
v -0.861273 -0.742938 -3.201101
v -0.864615 -0.579168 -3.195279
v -0.977447 -0.742938 -3.022208
v -0.913393 -0.742938 -2.959313
v -0.909148 -0.579065 -2.965889
v -0.973487 -0.579065 -3.027630
v -0.849685 -0.742938 -2.938635
v -0.849446 -0.579065 -2.946510
v -0.795003 -0.742938 -2.962299
v -0.798201 -0.579065 -2.968689
v -0.758527 -0.742938 -3.007209
v -0.764018 -0.579065 -3.010775
v -0.824278 -0.579065 -3.000864
v -0.798304 -0.579065 -3.033041
v -0.805715 -0.381465 -3.037853
v -0.828046 -0.381465 -3.010190
v -0.856978 -0.579065 -2.986197
v -0.856157 -0.381465 -2.997581
v -0.896455 -0.579065 -2.998692
v -0.890095 -0.381465 -3.008323
v -0.947553 -0.579065 -3.045017
v -0.941689 -0.381465 -3.053126
v -0.806847 -0.579065 -3.136675
v -0.869950 -0.579168 -3.164514
v -0.874974 -0.381465 -3.155859
v -0.813059 -0.381465 -3.126949
v -0.779376 -0.579065 -3.105694
v -0.789441 -0.381465 -3.100313
v -0.779475 -0.579065 -3.069855
v -0.789527 -0.381465 -3.069504
v -0.779376 -0.579065 -3.105694
v -0.779475 -0.579065 -3.069855
v -0.806847 -0.579065 -3.136675
v -0.869950 -0.579168 -3.164514
v -0.896455 -0.579065 -2.998692
v -0.947553 -0.579065 -3.045017
v -0.856978 -0.579065 -2.986197
v -0.824278 -0.579065 -3.000864
v -0.798304 -0.579065 -3.033041
v -0.780034 0.201189 -3.021176
v -0.814987 0.201189 -2.977877
v -0.858990 0.201189 -2.958140
v -0.912112 0.201189 -2.974954
v -0.962000 0.201189 -3.025035
v -0.857573 0.201189 -3.185840
v -0.791530 0.201189 -3.160635
v -0.754562 0.201189 -3.118944
v -0.754696 0.201189 -3.070717
v -0.962000 0.201189 -3.025035
v -0.912112 0.201189 -2.974954
v -0.791530 0.201189 -3.160635
v -0.857573 0.201189 -3.185840
v -0.754562 0.201189 -3.118944
v -0.858990 0.201189 -2.958140
v -0.454242 -0.267449 -3.826356
v -0.304562 -0.267449 -3.721147
v -0.304562 -0.176629 -3.721147
v -0.454242 -0.176629 -3.826356
v -0.448557 -0.153528 -3.834041
v -0.399309 -0.153528 -3.909876
v -0.399309 -0.290550 -3.909876
v -0.448557 -0.290550 -3.834041
v -0.277374 -0.267449 -3.717567
v -0.225160 -0.267449 -3.796391
v -0.225160 -0.176629 -3.796391
v -0.277374 -0.176629 -3.717567
v -0.346868 -0.153528 -3.990628
v -0.346868 -0.290550 -3.990628
v -0.172977 -0.267449 -3.878665
v -0.172977 -0.176629 -3.878665
v -0.304940 -0.153528 -3.733518
v -0.448557 -0.153528 -3.834041
v -0.280295 -0.153528 -3.730272
v -0.232963 -0.153528 -3.801725
v -0.185660 -0.153528 -3.876305
v -0.448557 -0.290550 -3.834041
v -0.304940 -0.290550 -3.733518
v -0.232963 -0.290550 -3.801725
v -0.185660 -0.290550 -3.876305
v -0.280295 -0.290550 -3.730272
v -0.973348 -0.267449 -3.027004
v -0.850538 -0.267449 -2.939245
v -0.850538 -0.176629 -2.939245
v -0.973348 -0.176629 -3.027004
v -0.967662 -0.153528 -3.034688
v -0.918414 -0.153528 -3.110523
v -0.861168 -0.176629 -3.199745
v -0.736109 -0.176629 -3.124250
v -0.736109 -0.267449 -3.124250
v -0.861168 -0.267449 -3.199745
v -0.918414 -0.290550 -3.110523
v -0.967662 -0.290550 -3.034688
v -0.823351 -0.267449 -2.935664
v -0.771136 -0.267449 -3.014490
v -0.771136 -0.176629 -3.014490
v -0.823351 -0.176629 -2.935664
v -0.865973 -0.153528 -3.191276
v -0.865973 -0.290550 -3.191276
v -0.718953 -0.267449 -3.096763
v -0.718953 -0.176629 -3.096763
v -0.850915 -0.153528 -2.951615
v -0.967662 -0.153528 -3.034688
v -0.865973 -0.153528 -3.191276
v -0.747187 -0.153528 -3.119321
v -0.826271 -0.153528 -2.948370
v -0.778940 -0.153528 -3.019824
v -0.731636 -0.153528 -3.094403
v -0.967662 -0.290550 -3.034688
v -0.850915 -0.290550 -2.951615
v -0.747187 -0.290550 -3.119321
v -0.865973 -0.290550 -3.191276
v -0.731636 -0.290550 -3.094403
v -0.778940 -0.290550 -3.019824
v -0.826271 -0.290550 -2.948370
v -0.918414 -0.153528 -3.110523
v -0.865973 -0.153528 -3.191276
v -0.865973 -0.290550 -3.191276
v -0.918414 -0.290550 -3.110523
v -0.967662 -0.153528 -3.034688
v -0.967662 -0.290550 -3.034688
v -0.861168 -0.176629 -3.199745
v -0.861168 -0.267449 -3.199745
v -0.973348 -0.267449 -3.027004
v -0.973348 -0.176629 -3.027004
v 0.740380 -0.267449 -3.050210
v 0.740380 -0.176629 -3.050210
v 0.583386 -0.176629 -3.144158
v 0.583386 -0.267449 -3.144158
v 0.745087 -0.153528 -3.058529
v 0.794335 -0.153528 -3.134365
v 0.794335 -0.290550 -3.134365
v 0.745087 -0.290550 -3.058529
v 0.569057 -0.267449 -3.167538
v 0.569057 -0.176629 -3.167538
v 0.619829 -0.176629 -3.247299
v 0.619829 -0.267449 -3.247299
v 0.846776 -0.153528 -3.215117
v 0.846776 -0.290550 -3.215117
v 0.673765 -0.176629 -3.328435
v 0.673765 -0.267449 -3.328435
v 0.745087 -0.153528 -3.058529
v 0.594841 -0.153528 -3.148844
v 0.581851 -0.153528 -3.170038
v 0.627876 -0.153528 -3.242340
v 0.676768 -0.153528 -3.315888
v 0.594841 -0.290550 -3.148844
v 0.745087 -0.290550 -3.058529
v 0.676768 -0.290550 -3.315888
v 0.627876 -0.290550 -3.242340
v 0.581851 -0.290550 -3.170038
v 0.794335 -0.153528 -3.134365
v 0.794335 -0.290550 -3.134365
v 0.846776 -0.290550 -3.215117
v 0.846776 -0.153528 -3.215117
v 0.745087 -0.153528 -3.058529
v 0.745087 -0.290550 -3.058529
v 0.852559 -0.176629 -3.222951
v 0.852559 -0.267449 -3.222951
v 0.740380 -0.176629 -3.050210
v 0.740380 -0.267449 -3.050210
v -0.187071 -0.329671 -3.735209
v -0.167597 -0.323661 -3.765196
v -0.165880 -0.305095 -3.767840
v -0.186691 -0.304236 -3.735794
v -0.144601 -0.404685 -3.800607
v -0.134606 -0.404685 -3.815998
v -0.208444 -0.329671 -3.749090
v -0.208065 -0.304236 -3.749674
v -0.187254 -0.305095 -3.781721
v -0.188971 -0.323661 -3.779076
v -0.155980 -0.404685 -3.829878
v -0.165975 -0.404685 -3.814487
v -0.208444 -0.329671 -3.749090
v -0.188971 -0.323661 -3.779076
v -0.167597 -0.323661 -3.765196
v -0.187071 -0.329671 -3.735209
v -0.208065 -0.304236 -3.749674
v -0.186691 -0.304236 -3.735794
v -0.169865 -0.325380 -3.808497
v -0.148491 -0.325380 -3.794617
v -0.165975 -0.404685 -3.814487
v -0.144601 -0.404685 -3.800607
v -0.155980 -0.404685 -3.829878
v -0.134606 -0.404685 -3.815998
v -0.169525 -0.322499 -3.766102
v -0.181260 -0.326226 -3.748032
v -0.181063 -0.357236 -3.750536
v -0.170079 -0.354369 -3.767450
v -0.169968 -0.384058 -3.771376
v -0.162989 -0.372823 -3.781127
v -0.148829 -0.397576 -3.807505
v -0.146802 -0.383766 -3.805931
v -0.187359 -0.322499 -3.777684
v -0.185903 -0.354369 -3.777726
v -0.196887 -0.357236 -3.760812
v -0.199094 -0.326226 -3.759614
v -0.176482 -0.372823 -3.789890
v -0.182550 -0.384058 -3.779547
v -0.159663 -0.383766 -3.814283
v -0.157953 -0.397576 -3.813430
v -0.199094 -0.326226 -3.759614
v -0.196887 -0.357236 -3.760812
v -0.181063 -0.357236 -3.750536
v -0.181260 -0.326226 -3.748032
v -0.185903 -0.354369 -3.777726
v -0.187359 -0.322499 -3.777684
v -0.169525 -0.322499 -3.766102
v -0.170079 -0.354369 -3.767450
v -0.182550 -0.384058 -3.779547
v -0.169968 -0.384058 -3.771376
v -0.176482 -0.372823 -3.789890
v -0.162989 -0.372823 -3.781127
v -0.157953 -0.397576 -3.813430
v -0.148829 -0.397576 -3.807505
v -0.159663 -0.383766 -3.814283
v -0.146802 -0.383766 -3.805931
v -0.256020 -0.312123 -3.746143
v -0.140996 -0.301791 -3.671445
v -0.140996 -0.279658 -3.671445
v -0.256020 -0.273030 -3.746143
v -0.073073 -0.279658 -3.776038
v -0.188097 -0.273030 -3.850735
v -0.073073 -0.301791 -3.776038
v -0.188097 -0.312123 -3.850735
v -0.188097 -0.312123 -3.850735
v -0.073073 -0.301791 -3.776038
v -0.140996 -0.301791 -3.671445
v -0.256020 -0.312123 -3.746143
v -0.023777 -0.312099 -3.595322
v 0.044146 -0.312099 -3.699914
v 0.044146 -0.273055 -3.699914
v -0.023777 -0.273055 -3.595322
v -0.188097 -0.312123 -3.850735
v -0.256020 -0.312123 -3.746143
v 0.044146 -0.312099 -3.699914
v 0.044146 -0.312099 -3.699914
v -0.023777 -0.312099 -3.595322
v -0.023777 -0.312099 -3.595322
v -0.035069 -0.329671 -3.636498
v -0.015596 -0.323661 -3.666485
v -0.013879 -0.305095 -3.669130
v -0.034690 -0.304236 -3.637083
v 0.007400 -0.404685 -3.701896
v 0.017395 -0.404685 -3.717287
v -0.056442 -0.329671 -3.650378
v -0.056062 -0.304236 -3.650963
v -0.035251 -0.305095 -3.683009
v -0.036968 -0.323661 -3.680365
v -0.003977 -0.404685 -3.731166
v -0.013972 -0.404685 -3.715776
v -0.056442 -0.329671 -3.650378
v -0.036968 -0.323661 -3.680365
v -0.015596 -0.323661 -3.666485
v -0.035069 -0.329671 -3.636498
v -0.056062 -0.304236 -3.650963
v -0.034690 -0.304236 -3.637083
v -0.017863 -0.325380 -3.709785
v 0.003510 -0.325380 -3.695906
v -0.013972 -0.404685 -3.715776
v 0.007400 -0.404685 -3.701896
v -0.003977 -0.404685 -3.731166
v 0.017395 -0.404685 -3.717287
v -0.017522 -0.322499 -3.667391
v -0.029257 -0.326226 -3.649321
v -0.029061 -0.357236 -3.651824
v -0.018077 -0.354369 -3.668738
v -0.017966 -0.384058 -3.672665
v -0.010987 -0.372823 -3.682416
v 0.003172 -0.397576 -3.708794
v 0.005201 -0.383766 -3.707219
v -0.035358 -0.322499 -3.678973
v -0.033901 -0.354369 -3.679014
v -0.044885 -0.357236 -3.662101
v -0.047093 -0.326226 -3.660903
v -0.024479 -0.372823 -3.691178
v -0.030549 -0.384058 -3.680836
v -0.007661 -0.383766 -3.715572
v -0.005951 -0.397576 -3.714719
v -0.047093 -0.326226 -3.660903
v -0.044885 -0.357236 -3.662101
v -0.029061 -0.357236 -3.651824
v -0.029257 -0.326226 -3.649321
v -0.033901 -0.354369 -3.679014
v -0.035358 -0.322499 -3.678973
v -0.017522 -0.322499 -3.667391
v -0.018077 -0.354369 -3.668738
v -0.030549 -0.384058 -3.680836
v -0.017966 -0.384058 -3.672665
v -0.024479 -0.372823 -3.691178
v -0.010987 -0.372823 -3.682416
v -0.005951 -0.397576 -3.714719
v 0.003172 -0.397576 -3.708794
v -0.007661 -0.383766 -3.715572
v 0.005201 -0.383766 -3.707219
v 0.413533 -0.327023 -3.345173
v 0.433007 -0.322065 -3.375159
v 0.434724 -0.306747 -3.377804
v 0.413913 -0.306038 -3.345757
v 0.456003 -0.388911 -3.410571
v 0.465998 -0.388911 -3.425961
v 0.390590 -0.327023 -3.360072
v 0.390969 -0.306038 -3.360657
v 0.411780 -0.306747 -3.392704
v 0.410063 -0.322065 -3.390059
v 0.443054 -0.388911 -3.440861
v 0.433059 -0.388911 -3.425470
v 0.390590 -0.327023 -3.360072
v 0.410063 -0.322065 -3.390059
v 0.433007 -0.322065 -3.375159
v 0.413533 -0.327023 -3.345173
v 0.390969 -0.306038 -3.360657
v 0.413913 -0.306038 -3.345757
v 0.429169 -0.323483 -3.419480
v 0.452112 -0.323483 -3.404580
v 0.433059 -0.388911 -3.425470
v 0.456003 -0.388911 -3.410571
v 0.443054 -0.388911 -3.440861
v 0.465998 -0.388911 -3.425961
v 0.430950 -0.321106 -3.376149
v 0.419215 -0.324181 -3.358079
v 0.419338 -0.349765 -3.360631
v 0.430321 -0.347400 -3.377545
v 0.430306 -0.371893 -3.381553
v 0.437319 -0.362624 -3.391283
v 0.451324 -0.383046 -3.417761
v 0.453510 -0.371652 -3.416084
v 0.411804 -0.321106 -3.388583
v 0.413334 -0.347400 -3.388576
v 0.402350 -0.349765 -3.371663
v 0.400069 -0.324181 -3.370513
v 0.422835 -0.362624 -3.400689
v 0.416799 -0.371893 -3.390325
v 0.439703 -0.371652 -3.425050
v 0.441531 -0.383046 -3.424121
v 0.400069 -0.324181 -3.370513
v 0.402350 -0.349765 -3.371663
v 0.419338 -0.349765 -3.360631
v 0.419215 -0.324181 -3.358079
v 0.413334 -0.347400 -3.388576
v 0.411804 -0.321106 -3.388583
v 0.430950 -0.321106 -3.376149
v 0.430321 -0.347400 -3.377545
v 0.416799 -0.371893 -3.390325
v 0.430306 -0.371893 -3.381553
v 0.422835 -0.362624 -3.400689
v 0.437319 -0.362624 -3.391283
v 0.441531 -0.383046 -3.424121
v 0.451324 -0.383046 -3.417761
v 0.439703 -0.371652 -3.425050
v 0.453510 -0.371652 -3.416084
v 0.359507 -0.312546 -3.346415
v 0.468470 -0.304021 -3.275653
v 0.468470 -0.285761 -3.275653
v 0.359507 -0.280292 -3.346415
v 0.536393 -0.285761 -3.380246
v 0.427430 -0.280292 -3.451007
v 0.536393 -0.304021 -3.380246
v 0.427430 -0.312546 -3.451007
v 0.427430 -0.312546 -3.451007
v 0.536393 -0.304021 -3.380246
v 0.468470 -0.304021 -3.275653
v 0.359507 -0.312546 -3.346415
v 0.579512 -0.312525 -3.203542
v 0.647435 -0.312525 -3.308134
v 0.647435 -0.280313 -3.308134
v 0.579512 -0.280313 -3.203542
v 0.427430 -0.312546 -3.451007
v 0.359507 -0.312546 -3.346415
v 0.647435 -0.312525 -3.308134
v 0.647435 -0.312525 -3.308134
v 0.579512 -0.312525 -3.203542
v 0.579512 -0.312525 -3.203542
v 0.568594 -0.327023 -3.244475
v 0.588068 -0.322065 -3.274462
v 0.589785 -0.306747 -3.277106
v 0.568974 -0.306038 -3.245059
v 0.611064 -0.388911 -3.309873
v 0.621059 -0.388911 -3.325263
v 0.545657 -0.327023 -3.259370
v 0.546037 -0.306038 -3.259955
v 0.566848 -0.306747 -3.292001
v 0.565131 -0.322065 -3.289357
v 0.598122 -0.388911 -3.340159
v 0.588127 -0.388911 -3.324768
v 0.545657 -0.327023 -3.259370
v 0.565131 -0.322065 -3.289357
v 0.588068 -0.322065 -3.274462
v 0.568594 -0.327023 -3.244475
v 0.546037 -0.306038 -3.259955
v 0.568974 -0.306038 -3.245059
v 0.584237 -0.323483 -3.318778
v 0.607173 -0.323483 -3.303882
v 0.588127 -0.388911 -3.324768
v 0.611064 -0.388911 -3.309873
v 0.598122 -0.388911 -3.340159
v 0.621059 -0.388911 -3.325263
v 0.586011 -0.321106 -3.275452
v 0.574276 -0.324181 -3.257381
v 0.574399 -0.349765 -3.259933
v 0.585383 -0.347400 -3.276846
v 0.585368 -0.371893 -3.280855
v 0.592381 -0.362624 -3.290585
v 0.606387 -0.383046 -3.317062
v 0.608572 -0.371652 -3.315385
v 0.566872 -0.321106 -3.287881
v 0.568401 -0.347400 -3.287875
v 0.557417 -0.349765 -3.270961
v 0.555137 -0.324181 -3.269811
v 0.577901 -0.362624 -3.299988
v 0.571865 -0.371893 -3.289624
v 0.594769 -0.371652 -3.324349
v 0.596596 -0.383046 -3.323420
v 0.555137 -0.324181 -3.269811
v 0.557417 -0.349765 -3.270961
v 0.574399 -0.349765 -3.259933
v 0.574276 -0.324181 -3.257381
v 0.568401 -0.347400 -3.287875
v 0.566872 -0.321106 -3.287881
v 0.586011 -0.321106 -3.275452
v 0.585383 -0.347400 -3.276846
v 0.571865 -0.371893 -3.289624
v 0.585368 -0.371893 -3.280855
v 0.577901 -0.362624 -3.299988
v 0.592381 -0.362624 -3.290585
v 0.596596 -0.383046 -3.323420
v 0.606387 -0.383046 -3.317062
v 0.594769 -0.371652 -3.324349
v 0.608572 -0.371652 -3.315385
v 0.299023 -0.565431 -3.345988
v 0.296011 -0.565431 -3.358719
v 0.290338 -0.511082 -3.355001
v 0.292422 -0.511082 -3.346193
v 0.285502 -0.565431 -3.367218
v 0.283066 -0.511082 -3.360881
v 0.271509 -0.565431 -3.368238
v 0.273385 -0.511082 -3.361588
v 0.259377 -0.565431 -3.361391
v 0.264992 -0.511082 -3.356850
v 0.253740 -0.565431 -3.349290
v 0.261092 -0.511082 -3.348478
v 0.253740 -0.565431 -3.349290
v 0.256752 -0.565431 -3.336558
v 0.263176 -0.511082 -3.339669
v 0.261092 -0.511082 -3.348478
v 0.267261 -0.565431 -3.328060
v 0.270446 -0.511082 -3.333790
v 0.281254 -0.565431 -3.327039
v 0.280128 -0.511082 -3.333084
v 0.293386 -0.565431 -3.333888
v 0.288522 -0.511082 -3.337821
v 0.280326 -0.489382 -3.327389
v 0.267646 -0.494377 -3.328547
v 0.258446 -0.498762 -3.336882
v 0.256240 -0.500860 -3.349209
v 0.256240 -0.500860 -3.349209
v 0.261871 -0.499872 -3.360820
v 0.273187 -0.496174 -3.367281
v 0.285867 -0.491179 -3.366123
v 0.295068 -0.486794 -3.357790
v 0.297274 -0.484696 -3.345463
v 0.291643 -0.485684 -3.333851
v 0.273187 -0.496174 -3.367281
v 0.261871 -0.499872 -3.360820
v 0.280326 -0.489382 -3.327389
v 0.291643 -0.485684 -3.333851
v -0.010889 -0.561650 -3.518364
v -0.017293 -0.561650 -3.506895
v -0.010571 -0.507076 -3.505800
v -0.006140 -0.507076 -3.513735
v -0.015274 -0.561650 -3.493474
v -0.009174 -0.507076 -3.496514
v -0.005604 -0.561650 -3.483228
v -0.002482 -0.507076 -3.489426
v 0.008025 -0.561650 -3.480072
v 0.006946 -0.507076 -3.487242
v 0.020405 -0.561650 -3.485210
v 0.015511 -0.507076 -3.490798
v 0.020405 -0.561650 -3.485210
v 0.026809 -0.561650 -3.496680
v 0.019942 -0.507076 -3.498733
v 0.015511 -0.507076 -3.490798
v 0.024789 -0.561650 -3.510100
v 0.018545 -0.507076 -3.508018
v 0.015119 -0.561650 -3.520346
v 0.011854 -0.507076 -3.515107
v 0.001491 -0.561650 -3.523503
v 0.002425 -0.507076 -3.517291
v 0.015569 -0.485286 -3.519458
v 0.024174 -0.490302 -3.510002
v 0.025335 -0.494704 -3.497590
v 0.018609 -0.496812 -3.486965
v 0.018609 -0.496812 -3.486965
v 0.006564 -0.495819 -3.482185
v -0.006198 -0.492106 -3.485075
v -0.014802 -0.487090 -3.494532
v -0.015964 -0.482687 -3.506943
v -0.009237 -0.480580 -3.517567
v 0.002807 -0.481573 -3.522348
v -0.006198 -0.492106 -3.485075
v 0.006564 -0.495819 -3.482185
v 0.015569 -0.485286 -3.519458
v 0.002807 -0.481573 -3.522348
v 0.245949 -0.719988 -3.277622
v 0.279877 -0.719988 -3.255589
v 0.297285 -0.538902 -3.244284
v 0.257367 -0.542985 -3.270208
v 0.257367 -0.542985 -3.270208
v 0.427627 -0.538902 -3.444993
v 0.387709 -0.542984 -3.470917
v 0.410219 -0.719988 -3.456299
v 0.376291 -0.719988 -3.478332
v 0.245949 -0.719988 -3.277622
v 0.257367 -0.542985 -3.270208
v 0.387709 -0.542984 -3.470917
v -0.051755 -0.719988 -3.470954
v -0.063174 -0.542985 -3.478369
v -0.103092 -0.538902 -3.504292
v -0.085683 -0.719988 -3.492987
v -0.063174 -0.542985 -3.478369
v 0.067168 -0.542984 -3.679078
v 0.027250 -0.538902 -3.705002
v 0.044659 -0.719988 -3.693696
v 0.078587 -0.719988 -3.671663
v 0.067168 -0.542984 -3.679078
v -0.063174 -0.542985 -3.478369
v -0.051755 -0.719988 -3.470954
v -0.048353 -0.560174 -3.501879
v 0.272342 -0.559556 -3.293618
v 0.387988 -0.559556 -3.471697
v 0.067293 -0.560174 -3.679959
v -0.038081 -0.719854 -3.495209
v 0.262898 -0.719854 -3.299750
v 0.000985 -0.703334 -3.168121
v -0.044507 -0.697343 -3.206179
v -0.028115 -0.635672 -3.230551
v 0.031491 -0.643521 -3.180684
v -0.103760 -0.692072 -3.210068
v -0.105754 -0.628765 -3.235647
v -0.154143 -0.689534 -3.178303
v -0.171769 -0.625439 -3.194026
v -0.176408 -0.690697 -3.123015
v -0.200944 -0.626963 -3.121583
v -0.162055 -0.695119 -3.065324
v -0.182137 -0.632757 -3.045991
v -0.116563 -0.701109 -3.027265
v -0.122530 -0.640606 -2.996124
v -0.057310 -0.706380 -3.023376
v -0.044891 -0.647513 -2.991027
v -0.006928 -0.708919 -3.055142
v 0.021123 -0.650839 -3.032649
v 0.015339 -0.707755 -3.110429
v 0.050299 -0.649314 -3.105092
v 0.000985 -0.703334 -3.168121
v 0.031491 -0.643521 -3.180684
v 0.038406 -0.519638 -3.171535
v -0.019170 -0.512056 -3.219704
v -0.029051 -0.512182 -3.195063
v 0.016005 -0.518115 -3.157368
v -0.094163 -0.505385 -3.224626
v -0.087738 -0.506961 -3.198915
v -0.157928 -0.502172 -3.184422
v -0.137638 -0.504447 -3.167453
v -0.186110 -0.503645 -3.114448
v -0.159692 -0.505599 -3.112694
v -0.167942 -0.509240 -3.041431
v -0.145475 -0.509978 -3.055554
v -0.110367 -0.516822 -2.993263
v -0.100418 -0.515911 -3.017859
v -0.035374 -0.523493 -2.988340
v -0.041732 -0.521132 -3.014007
v 0.028391 -0.526706 -3.028544
v 0.008168 -0.523646 -3.045469
v 0.056573 -0.525234 -3.098518
v 0.030223 -0.522494 -3.100229
v 0.038406 -0.519638 -3.171535
v 0.016005 -0.518115 -3.157368
v -0.031990 -0.548232 -3.196972
v 0.013276 -0.550714 -3.159141
v -0.090860 -0.546049 -3.200942
v -0.140849 -0.544997 -3.169538
v -0.162862 -0.545479 -3.114753
v -0.138656 -0.545377 -3.063594
v -0.098852 -0.547559 -3.030329
v -0.047086 -0.549479 -3.026837
v -0.003128 -0.550404 -3.054453
v 0.016229 -0.549980 -3.102627
v 0.013276 -0.550714 -3.159141
v -0.037870 -0.585396 -2.980817
v 0.031782 -0.588905 -3.024733
v -0.119787 -0.578108 -2.986194
v -0.182679 -0.569827 -3.038810
v -0.202523 -0.563714 -3.118566
v -0.171739 -0.562106 -3.195001
v -0.102087 -0.565615 -3.238916
v -0.020171 -0.572902 -3.233540
v 0.042722 -0.581184 -3.180924
v 0.062566 -0.587297 -3.101167
v 0.042722 -0.581184 -3.180924
v 0.242484 -0.723522 -3.236548
v 0.134490 -0.723522 -3.245709
v 0.134490 -0.658131 -3.245709
v 0.242484 -0.658131 -3.236548
v 0.236673 -0.650391 -3.231647
v 0.139393 -0.650391 -3.239898
v 0.128412 -0.650391 -3.192836
v 0.239570 -0.650391 -3.183407
v 0.233324 -0.658131 -3.128555
v 0.125330 -0.658131 -3.137715
v 0.125330 -0.723522 -3.137715
v 0.233324 -0.723522 -3.128555
v 0.122300 -0.723522 -3.193464
v 0.122300 -0.658131 -3.193464
v 0.245700 -0.723522 -3.182998
v 0.242484 -0.723522 -3.236548
v 0.242484 -0.658131 -3.236548
v 0.245700 -0.658131 -3.182998
v 0.139393 -0.650391 -3.239898
v 0.236673 -0.650391 -3.231647
v 0.128412 -0.650391 -3.192836
v 0.228422 -0.650391 -3.134366
v 0.131142 -0.650391 -3.142618
v 0.236673 -0.650391 -3.231647
v 0.239570 -0.650391 -3.183407
v 0.131142 -0.650391 -3.142618
v 0.228422 -0.650391 -3.134366
v 0.202799 -0.671651 -3.128352
v 0.142904 -0.671651 -3.166033
v 0.066195 -0.665596 -3.044104
v 0.126091 -0.665596 -3.006422
v 0.142904 -0.726205 -3.166033
v 0.066195 -0.726205 -3.044104
v 0.126091 -0.726205 -3.006422
v 0.202799 -0.726205 -3.128352
v 0.004734 -0.726205 -2.946409
v 0.004734 -0.671651 -2.946409
v 0.064630 -0.671651 -2.908728
v 0.064630 -0.726205 -2.908728
v -0.038621 -0.726205 -2.877496
v -0.038621 -0.671651 -2.877496
v 0.021275 -0.671651 -2.839815
v 0.021275 -0.726205 -2.839815
v -0.095690 -0.677012 -3.422127
v -0.134726 -0.677012 -3.363106
v -0.014575 -0.677012 -3.283640
v 0.024461 -0.677012 -3.342661
v -0.134726 -0.771239 -3.363106
v -0.014575 -0.771239 -3.283640
v 0.024461 -0.771239 -3.342661
v -0.095690 -0.771239 -3.422127
v 0.081694 -0.771239 -3.219968
v 0.081694 -0.661959 -3.219968
v 0.120730 -0.661959 -3.278989
v 0.120731 -0.771239 -3.278990
v 0.149601 -0.771239 -3.175055
v 0.149601 -0.677012 -3.175055
v 0.188637 -0.677012 -3.234076
v 0.188637 -0.771239 -3.234076
v -0.210009 -0.723522 -3.392710
v -0.132907 -0.723522 -3.316541
v -0.132907 -0.658131 -3.316541
v -0.210009 -0.658131 -3.392710
v -0.202406 -0.650391 -3.392756
v -0.132953 -0.650391 -3.324144
v -0.094391 -0.650391 -3.353269
v -0.173753 -0.650391 -3.431670
v -0.133840 -0.658131 -3.469812
v -0.056738 -0.658131 -3.393644
v -0.056738 -0.723522 -3.393644
v -0.133840 -0.723522 -3.469812
v -0.090098 -0.723522 -3.348875
v -0.090098 -0.658131 -3.348875
v -0.178199 -0.723522 -3.435910
v -0.210009 -0.723522 -3.392710
v -0.210009 -0.658131 -3.392710
v -0.178199 -0.658131 -3.435910
v -0.132953 -0.650391 -3.324144
v -0.202406 -0.650391 -3.392756
v -0.094391 -0.650391 -3.353269
v -0.133794 -0.650391 -3.462210
v -0.064341 -0.650391 -3.393597
v -0.202406 -0.650391 -3.392756
v -0.173753 -0.650391 -3.431670
v -0.064341 -0.650391 -3.393597
v -0.133794 -0.650391 -3.462210
v -0.373453 -0.671651 -3.119149
v -0.314107 -0.671651 -3.080609
v -0.235650 -0.663731 -3.201422
v -0.294997 -0.663731 -3.239962
v -0.314107 -0.726205 -3.080609
v -0.235650 -0.726205 -3.201422
v -0.294997 -0.726205 -3.239962
v -0.373453 -0.726205 -3.119149
v -0.172787 -0.726205 -3.298221
v -0.172787 -0.671651 -3.298221
v -0.232134 -0.671651 -3.336761
v -0.232134 -0.726205 -3.336761
v -0.128445 -0.726205 -3.366502
v -0.128445 -0.671651 -3.366502
v -0.187792 -0.671651 -3.405043
v -0.187792 -0.726205 -3.405043
v -0.373679 -0.723522 -2.983945
v -0.274028 -0.723522 -3.026558
v -0.274028 -0.658132 -3.026558
v -0.373679 -0.658132 -2.983945
v -0.370851 -0.650391 -2.991001
v -0.281084 -0.650391 -3.029388
v -0.293484 -0.650391 -3.076095
v -0.396056 -0.650391 -3.032233
v -0.416293 -0.658132 -3.083596
v -0.316641 -0.658132 -3.126210
v -0.316641 -0.723522 -3.126210
v -0.416293 -0.723522 -3.083596
v -0.287793 -0.723522 -3.078410
v -0.287793 -0.658132 -3.078410
v -0.401660 -0.723522 -3.029716
v -0.373679 -0.723522 -2.983945
v -0.373679 -0.658132 -2.983945
v -0.401660 -0.658132 -3.029716
v -0.281084 -0.650391 -3.029388
v -0.370851 -0.650391 -2.991001
v -0.293484 -0.650391 -3.076095
v -0.409237 -0.650391 -3.080767
v -0.319471 -0.650391 -3.119154
v -0.370851 -0.650391 -2.991001
v -0.396056 -0.650391 -3.032233
v -0.319471 -0.650391 -3.119154
v -0.409237 -0.650391 -3.080767
v -0.084320 -0.671651 -2.812674
v -0.044752 -0.671651 -2.871340
v -0.164178 -0.661304 -2.951890
v -0.203747 -0.661304 -2.893225
v -0.044752 -0.726205 -2.871340
v -0.164178 -0.715858 -2.951890
v -0.203747 -0.726205 -2.893225
v -0.084320 -0.726205 -2.812674
v -0.259867 -0.726205 -3.016431
v -0.259867 -0.671651 -3.016431
v -0.299435 -0.671651 -2.957765
v -0.299435 -0.726205 -2.957765
v -0.327365 -0.726205 -3.061957
v -0.327365 -0.671651 -3.061957
v -0.366933 -0.671651 -3.003291
v -0.366933 -0.726205 -3.003291
v 0.031811 -0.723522 -2.800367
v 0.008265 -0.723522 -2.906160
v 0.008265 -0.658132 -2.906160
v 0.031811 -0.658132 -2.800367
v 0.025395 -0.650391 -2.804447
v 0.004186 -0.650391 -2.899745
v -0.044006 -0.650391 -2.896153
v -0.019771 -0.650391 -2.787261
v -0.073983 -0.658132 -2.776822
v -0.097527 -0.658132 -2.882615
v -0.097527 -0.723522 -2.882615
v -0.073983 -0.723522 -2.776822
v -0.045233 -0.723522 -2.902173
v -0.045233 -0.658132 -2.902173
v -0.018329 -0.723522 -2.781289
v 0.031811 -0.723522 -2.800367
v 0.031811 -0.658132 -2.800367
v -0.018329 -0.658132 -2.781289
v 0.004186 -0.650391 -2.899745
v 0.025395 -0.650391 -2.804447
v -0.044006 -0.650391 -2.896153
v -0.069902 -0.650391 -2.783238
v -0.091112 -0.650391 -2.878535
v 0.025395 -0.650391 -2.804447
v -0.019771 -0.650391 -2.787261
v -0.091112 -0.650391 -2.878535
v -0.069902 -0.650391 -2.783238
v -0.336961 -0.725473 -3.062125
v -0.185014 -0.707014 -2.963450
v -0.086339 -0.677490 -3.115396
v -0.238286 -0.695949 -3.214071
v -0.033068 -0.725473 -2.864775
v 0.065607 -0.695949 -3.016721
v 0.012335 -0.707014 -3.267341
v -0.139611 -0.725473 -3.366016
v 0.164281 -0.725473 -3.168666
v -0.186004 -0.728977 -3.559309
v -0.176973 -0.728977 -3.618416
v -0.191649 -0.681847 -3.615486
v -0.200197 -0.681920 -3.564340
v -0.197311 -0.728977 -3.671019
v -0.208646 -0.682064 -3.661347
v -0.197311 -0.728977 -3.671019
v -0.240169 -0.728977 -3.714183
v -0.245285 -0.682503 -3.699298
v -0.208646 -0.682064 -3.661347
v -0.297539 -0.728977 -3.723497
v -0.294918 -0.683077 -3.708068
v -0.351136 -0.728977 -3.700500
v -0.341672 -0.683604 -3.688778
v -0.378813 -0.728977 -3.652308
v -0.366256 -0.683866 -3.647323
v -0.400110 -0.728977 -3.594064
v -0.385430 -0.684062 -3.597074
v -0.379489 -0.728977 -3.539725
v -0.368208 -0.683841 -3.549703
v -0.329917 -0.728977 -3.510132
v -0.325582 -0.683339 -3.523441
v -0.269561 -0.728977 -3.508794
v -0.273263 -0.682738 -3.521549
v -0.219560 -0.728977 -3.516583
v -0.229812 -0.682242 -3.527697
v -0.309080 -0.643228 -3.527948
v -0.350660 -0.644610 -3.544809
v -0.372992 -0.643703 -3.584082
v -0.363631 -0.640606 -3.631301
v -0.348171 -0.637552 -3.671559
v -0.309802 -0.634118 -3.695539
v -0.264669 -0.631639 -3.695165
v -0.226614 -0.631064 -3.667094
v -0.226614 -0.631064 -3.667094
v -0.204708 -0.631924 -3.629121
v -0.204554 -0.634450 -3.582687
v -0.225181 -0.637599 -3.545930
v -0.262611 -0.640321 -3.534047
v -0.363631 -0.640606 -3.631301
v -0.372992 -0.643703 -3.584082
v -0.262611 -0.640321 -3.534047
v -0.225181 -0.637599 -3.545930
v -0.348171 -0.637552 -3.671559
v -0.204554 -0.634450 -3.582687
v -0.309802 -0.634118 -3.695539
v -0.204708 -0.631924 -3.629121
v -0.226614 -0.631064 -3.667094
v -0.264669 -0.631639 -3.695165
v -0.350660 -0.644610 -3.544809
v -0.309080 -0.643228 -3.527948
v -0.184862 -0.666675 -3.711219
v -0.209118 -0.666477 -3.703984
v -0.160781 -0.677016 -3.591110
v -0.136523 -0.677213 -3.598344
v -0.213367 -0.710911 -3.703139
v -0.165029 -0.721450 -3.590265
v -0.213367 -0.710911 -3.703139
v -0.163340 -0.705495 -3.724262
v -0.115002 -0.716034 -3.611387
v -0.165029 -0.721450 -3.590265
v -0.163340 -0.705495 -3.724262
v -0.213367 -0.710911 -3.703139
v -0.209118 -0.666477 -3.703984
v -0.184862 -0.666675 -3.711219
v -0.160781 -0.677016 -3.591110
v -0.165029 -0.721450 -3.590265
v -0.115002 -0.716034 -3.611387
v -0.136523 -0.677213 -3.598344
v -0.232992 -0.676624 -3.480605
v -0.230892 -0.674223 -3.505716
v -0.354069 -0.674187 -3.501754
v -0.356170 -0.676589 -3.476643
v -0.234086 -0.717945 -3.514162
v -0.357262 -0.717909 -3.510201
v -0.234086 -0.717945 -3.514162
v -0.232144 -0.717848 -3.459624
v -0.355321 -0.717813 -3.455662
v -0.357262 -0.717909 -3.510201
v -0.232144 -0.717848 -3.459624
v -0.234086 -0.717945 -3.514162
v -0.230892 -0.674223 -3.505716
v -0.232992 -0.676624 -3.480605
v -0.354069 -0.674187 -3.501754
v -0.357262 -0.717909 -3.510201
v -0.355321 -0.717813 -3.455662
v -0.356170 -0.676589 -3.476643
v -0.138192 -0.442088 -3.608282
v -0.124398 -0.454082 -3.604148
v -0.135954 -0.462063 -3.602880
v -0.146512 -0.452462 -3.606073
v -0.121074 -0.458709 -3.587162
v -0.133464 -0.465795 -3.589640
v -0.131546 -0.451343 -3.574309
v -0.141532 -0.459926 -3.579593
v -0.145340 -0.439349 -3.578444
v -0.152090 -0.450324 -3.582786
v -0.148664 -0.434721 -3.595429
v -0.154580 -0.446593 -3.596026
v -0.148664 -0.434721 -3.595429
v -0.154580 -0.446593 -3.596026
v -0.121074 -0.458709 -3.587162
v -0.124398 -0.454082 -3.604148
v -0.145340 -0.439349 -3.578444
v -0.131546 -0.451343 -3.574309
v -0.138192 -0.442088 -3.608282
v -0.148664 -0.434721 -3.595429
v -0.297645 -0.580705 -3.633145
v -0.290063 -0.593297 -3.630459
v -0.289001 -0.598547 -3.617723
v -0.295521 -0.591205 -3.607672
v -0.303103 -0.578613 -3.610359
v -0.304164 -0.573363 -3.623096
v -0.278194 -0.583433 -3.616179
v -0.282498 -0.578587 -3.609544
v -0.295521 -0.591205 -3.607672
v -0.289001 -0.598547 -3.617723
v -0.278895 -0.579968 -3.624586
v -0.290063 -0.593297 -3.630459
v -0.283900 -0.571656 -3.626358
v -0.297645 -0.580705 -3.633145
v -0.288203 -0.566810 -3.619725
v -0.304164 -0.573363 -3.623096
v -0.287502 -0.570276 -3.611318
v -0.303103 -0.578613 -3.610359
v -0.287502 -0.570276 -3.611318
v -0.303103 -0.578613 -3.610359
v -0.233505 -0.557014 -3.607300
v -0.241781 -0.547695 -3.594543
v -0.282146 -0.581307 -3.603326
v -0.274643 -0.589755 -3.614891
v -0.234852 -0.550350 -3.623466
v -0.233505 -0.557014 -3.607300
v -0.274643 -0.589755 -3.614891
v -0.275865 -0.583714 -3.629547
v -0.244476 -0.534367 -3.626876
v -0.284590 -0.569223 -3.632638
v -0.252751 -0.525048 -3.614119
v -0.292093 -0.560775 -3.621074
v -0.251404 -0.531712 -3.597953
v -0.290870 -0.566817 -3.606418
v -0.237057 -0.550692 -3.608587
v -0.242133 -0.544975 -3.600762
v -0.282498 -0.578587 -3.609544
v -0.278194 -0.583433 -3.616179
v -0.237883 -0.546604 -3.618504
v -0.237057 -0.550692 -3.608587
v -0.278194 -0.583433 -3.616179
v -0.278895 -0.579968 -3.624586
v -0.243787 -0.536799 -3.620596
v -0.283900 -0.571656 -3.626358
v -0.248863 -0.531083 -3.612771
v -0.288203 -0.566810 -3.619725
v -0.248036 -0.535171 -3.602854
v -0.287502 -0.570276 -3.611318
v -0.173643 -0.492715 -3.586027
v -0.182612 -0.483044 -3.588843
v -0.218971 -0.515226 -3.596465
v -0.211798 -0.524975 -3.594074
v -0.166597 -0.498532 -3.595315
v -0.205904 -0.530733 -3.602505
v -0.168519 -0.494678 -3.607419
v -0.207185 -0.526742 -3.613328
v -0.177487 -0.485008 -3.610236
v -0.214359 -0.516993 -3.615721
v -0.184533 -0.479191 -3.600948
v -0.220252 -0.511235 -3.607289
v -0.184533 -0.479191 -3.600948
v -0.220252 -0.511235 -3.607289
v -0.248036 -0.535171 -3.602854
v -0.242133 -0.544975 -3.600762
v -0.237057 -0.550692 -3.608587
v -0.237883 -0.546604 -3.618504
v -0.243787 -0.536799 -3.620596
v -0.248863 -0.531083 -3.612771
v -0.248863 -0.531083 -3.612771
v -0.256854 -0.600172 -3.599672
v -0.270654 -0.570969 -3.608232
v -0.280313 -0.579164 -3.609979
v -0.270978 -0.613440 -3.602138
v -0.233427 -0.646104 -3.601617
v -0.244101 -0.627489 -3.594728
v -0.206002 -0.628615 -3.596256
v -0.219917 -0.610461 -3.590112
v -0.237676 -0.583854 -3.596205
v -0.258363 -0.560458 -3.606014
v -0.217962 -0.567083 -3.592643
v -0.241961 -0.546511 -3.603049
v -0.252021 -0.602023 -3.619849
v -0.266145 -0.615292 -3.622315
v -0.276937 -0.580457 -3.624071
v -0.267279 -0.572263 -3.622324
v -0.265172 -0.643258 -3.620149
v -0.239268 -0.629341 -3.614906
v -0.215085 -0.612313 -3.610290
v -0.232842 -0.585707 -3.616382
v -0.254987 -0.561751 -3.620107
v -0.188571 -0.577596 -3.606338
v -0.213128 -0.568935 -3.612819
v -0.238585 -0.547805 -3.617141
v -0.276937 -0.580457 -3.624071
v -0.266145 -0.615292 -3.622315
v -0.213128 -0.568935 -3.612819
v -0.238585 -0.547805 -3.617141
v 0.185804 -0.234219 -3.670571
v 0.181432 -0.229201 -3.658084
v 0.199789 -0.236065 -3.649078
v 0.204444 -0.241408 -3.662370
v 0.174303 -0.233491 -3.646712
v 0.192201 -0.240633 -3.636970
v 0.167141 -0.245453 -3.640798
v 0.184576 -0.253367 -3.630675
v 0.162681 -0.260516 -3.642602
v 0.179829 -0.269402 -3.632596
v 0.162626 -0.272928 -3.651434
v 0.179770 -0.282614 -3.641999
v 0.166999 -0.277947 -3.663922
v 0.184425 -0.287957 -3.655291
v 0.174128 -0.273655 -3.675293
v 0.192013 -0.283389 -3.667397
v 0.181289 -0.261694 -3.681207
v 0.199638 -0.270656 -3.673694
v 0.185750 -0.246631 -3.679403
v 0.204386 -0.254620 -3.671773
v 0.185750 -0.246631 -3.679403
v 0.204386 -0.254620 -3.671773
v 0.174303 -0.233491 -3.646712
v 0.181432 -0.229201 -3.658084
v 0.181289 -0.261694 -3.681207
v 0.174128 -0.273655 -3.675293
v 0.167141 -0.245453 -3.640798
v 0.166999 -0.277947 -3.663922
v 0.162681 -0.260516 -3.642602
v 0.162626 -0.272928 -3.651434
v 0.185804 -0.234219 -3.670571
v 0.185750 -0.246631 -3.679403
v 0.166053 -0.223536 -3.672199
v 0.165328 -0.221848 -3.662132
v 0.182375 -0.233245 -3.658161
v 0.186096 -0.237516 -3.668789
v 0.160545 -0.225403 -3.653668
v 0.176307 -0.236897 -3.648482
v 0.153533 -0.232843 -3.650040
v 0.170212 -0.247077 -3.643449
v 0.146967 -0.241326 -3.652635
v 0.166416 -0.259897 -3.644985
v 0.143358 -0.247613 -3.660460
v 0.166370 -0.270461 -3.652502
v 0.144083 -0.249301 -3.670527
v 0.170090 -0.274732 -3.663129
v 0.148865 -0.245746 -3.678991
v 0.176157 -0.271080 -3.672808
v 0.155877 -0.238305 -3.682619
v 0.182253 -0.260900 -3.677842
v 0.162442 -0.229822 -3.680025
v 0.186049 -0.248079 -3.676306
v 0.162442 -0.229822 -3.680025
v 0.186049 -0.248079 -3.676306
v 0.144884 -0.200970 -3.671115
v 0.146376 -0.202920 -3.664032
v 0.143427 -0.205901 -3.657717
v 0.137163 -0.208774 -3.654583
v 0.129978 -0.210442 -3.655826
v 0.124615 -0.210266 -3.660973
v 0.123123 -0.208316 -3.668056
v 0.126073 -0.205335 -3.674370
v 0.132335 -0.202462 -3.677505
v 0.139521 -0.200794 -3.676262
v 0.139521 -0.200794 -3.676262
v 0.138338 -0.179775 -3.662158
v 0.139546 -0.182286 -3.658208
v 0.137884 -0.184438 -3.654264
v 0.133989 -0.185409 -3.651832
v 0.129348 -0.184828 -3.651841
v 0.125732 -0.182917 -3.654285
v 0.124524 -0.180406 -3.658235
v 0.126186 -0.178255 -3.662179
v 0.130081 -0.177284 -3.664610
v 0.134723 -0.177865 -3.664603
v 0.134723 -0.177865 -3.664603
v 0.137523 -0.161488 -3.649054
v 0.136692 -0.162564 -3.647082
v 0.139075 -0.190475 -3.651755
v 0.143384 -0.184892 -3.661989
v 0.134546 -0.161932 -3.646345
v 0.127148 -0.190512 -3.649621
v 0.134546 -0.161932 -3.646345
v 0.133230 -0.160225 -3.647579
v 0.119533 -0.184964 -3.657722
v 0.127148 -0.190512 -3.649621
v 0.134061 -0.159150 -3.649550
v 0.123843 -0.179381 -3.667956
v 0.136207 -0.159781 -3.650288
v 0.135769 -0.179345 -3.670090
v 0.134061 -0.159150 -3.649550
v 0.133230 -0.160225 -3.647579
v 0.134546 -0.161932 -3.646345
v 0.136207 -0.159781 -3.650288
v 0.136692 -0.162564 -3.647082
v 0.137523 -0.161488 -3.649054
v 0.127148 -0.190512 -3.649621
v 0.119533 -0.184964 -3.657722
v 0.123843 -0.179381 -3.667956
v 0.135769 -0.179345 -3.670090
v 0.143384 -0.184892 -3.661989
v 0.139075 -0.190475 -3.651755
v 0.329773 -0.239520 -3.581371
v 0.314700 -0.246708 -3.595064
v 0.304450 -0.241366 -3.585405
v 0.320144 -0.234501 -3.572298
v 0.296477 -0.245934 -3.573549
v 0.312655 -0.238792 -3.561160
v 0.293827 -0.258667 -3.564023
v 0.310166 -0.250754 -3.552212
v 0.297512 -0.274703 -3.560467
v 0.313627 -0.265817 -3.548871
v 0.306125 -0.287915 -3.564238
v 0.321718 -0.278228 -3.552414
v 0.316375 -0.293258 -3.573896
v 0.331347 -0.283247 -3.561487
v 0.324349 -0.288689 -3.585754
v 0.338838 -0.278956 -3.572624
v 0.326999 -0.275956 -3.595279
v 0.341327 -0.266994 -3.581573
v 0.323313 -0.259921 -3.598835
v 0.337864 -0.251931 -3.584914
v 0.337864 -0.251931 -3.584914
v 0.323313 -0.259921 -3.598835
v 0.312655 -0.238792 -3.561160
v 0.338838 -0.278956 -3.572624
v 0.341327 -0.266994 -3.581573
v 0.320144 -0.234501 -3.572298
v 0.310166 -0.250754 -3.552212
v 0.331347 -0.283247 -3.561487
v 0.313627 -0.265817 -3.548871
v 0.321718 -0.278228 -3.552414
v 0.337864 -0.251931 -3.584914
v 0.329773 -0.239520 -3.581371
v 0.339294 -0.228836 -3.563990
v 0.328027 -0.242817 -3.580913
v 0.319832 -0.238545 -3.573191
v 0.330393 -0.227148 -3.559233
v 0.313457 -0.242197 -3.563712
v 0.324605 -0.230704 -3.551421
v 0.311338 -0.252378 -3.556096
v 0.324144 -0.238143 -3.543540
v 0.314286 -0.265198 -3.553252
v 0.329185 -0.246627 -3.538597
v 0.321171 -0.275761 -3.556268
v 0.337801 -0.252913 -3.538483
v 0.329367 -0.280033 -3.563990
v 0.346703 -0.254601 -3.543240
v 0.335741 -0.276381 -3.573469
v 0.352490 -0.251046 -3.551051
v 0.337860 -0.266200 -3.581085
v 0.352953 -0.243606 -3.558933
v 0.334913 -0.253380 -3.583929
v 0.347912 -0.235123 -3.563875
v 0.347912 -0.235123 -3.563875
v 0.334913 -0.253380 -3.583929
v 0.339837 -0.208221 -3.542691
v 0.346914 -0.206270 -3.544210
v 0.335267 -0.211202 -3.537429
v 0.334951 -0.214075 -3.530432
v 0.339010 -0.215742 -3.524375
v 0.345893 -0.215567 -3.521568
v 0.352970 -0.213616 -3.523086
v 0.357539 -0.210635 -3.528350
v 0.357856 -0.207762 -3.535345
v 0.353797 -0.206095 -3.541404
v 0.353797 -0.206095 -3.541404
v 0.337295 -0.187587 -3.534084
v 0.341393 -0.185076 -3.534587
v 0.334367 -0.189738 -3.530962
v 0.333730 -0.190709 -3.526414
v 0.335625 -0.190128 -3.522177
v 0.339330 -0.188218 -3.519870
v 0.343429 -0.185707 -3.520372
v 0.346355 -0.183555 -3.523494
v 0.346993 -0.182584 -3.528042
v 0.345099 -0.183165 -3.532279
v 0.345099 -0.183165 -3.532279
v 0.329754 -0.166788 -3.528512
v 0.339188 -0.190192 -3.539129
v 0.331591 -0.195776 -3.531030
v 0.328291 -0.167864 -3.526951
v 0.334492 -0.195812 -3.519266
v 0.328490 -0.167233 -3.524691
v 0.328490 -0.167233 -3.524691
v 0.334492 -0.195812 -3.519266
v 0.344990 -0.190265 -3.515603
v 0.330153 -0.165526 -3.523992
v 0.352586 -0.184681 -3.523703
v 0.331616 -0.164450 -3.525552
v 0.349685 -0.184646 -3.535466
v 0.331417 -0.165081 -3.527812
v 0.331616 -0.164450 -3.525552
v 0.331417 -0.165081 -3.527812
v 0.328490 -0.167233 -3.524691
v 0.330153 -0.165526 -3.523992
v 0.328291 -0.167864 -3.526951
v 0.329754 -0.166788 -3.528512
v 0.334492 -0.195812 -3.519266
v 0.349685 -0.184646 -3.535466
v 0.352586 -0.184681 -3.523703
v 0.344990 -0.190265 -3.515603
v 0.331591 -0.195776 -3.531030
v 0.339188 -0.190192 -3.539129
v 0.676916 -0.139786 -3.064367
v 0.678284 -0.106531 -3.063754
v 0.624305 -0.118802 -3.066828
v 0.649520 -0.162772 -3.066200
v 0.660365 -0.075137 -3.064197
v 0.638168 -0.067011 -3.065246
v 0.676858 -0.139804 -3.063281
v 0.649463 -0.162790 -3.065123
v 0.624246 -0.118821 -3.065711
v 0.678225 -0.106549 -3.062644
v 0.638107 -0.067030 -3.064096
v 0.660304 -0.075156 -3.063059
v -0.359768 -0.150301 -3.696705
v -0.360049 -0.123193 -3.696461
v -0.326285 -0.134431 -3.724250
v -0.342925 -0.169648 -3.710574
v -0.348221 -0.098048 -3.706182
v -0.334107 -0.091944 -3.717794
v -0.360331 -0.150301 -3.697389
v -0.343483 -0.169648 -3.711253
v -0.326864 -0.134431 -3.724954
v -0.360625 -0.123193 -3.697160
v -0.334705 -0.091944 -3.718518
v -0.348812 -0.098048 -3.706898
v 0.264795 -0.483833 -3.348035
v 0.264575 -0.467701 -3.348050
v 0.290516 -0.474389 -3.345998
v 0.277739 -0.495346 -3.347011
v 0.264699 -0.483833 -3.346826
v 0.277643 -0.495346 -3.345801
v 0.290421 -0.474389 -3.344797
v 0.264479 -0.467701 -3.346847
v 0.013494 -0.485692 -3.500120
v 0.013653 -0.474090 -3.500111
v -0.005020 -0.478900 -3.501383
v 0.004178 -0.493972 -3.500755
v 0.013554 -0.485692 -3.500990
v 0.004237 -0.493972 -3.501626
v -0.004960 -0.478900 -3.502248
v 0.013712 -0.474090 -3.500977
v -0.497148 -0.574688 -3.358601
v -0.498658 -0.574688 -3.372732
v -0.512790 -0.574688 -3.371223
v -0.511280 -0.574688 -3.357091
v -0.304917 -0.717989 -4.072338
v -0.304917 -0.717989 -4.072338
v -0.555911 -0.717989 -3.685840
v -0.792188 -0.717989 -3.322006
v -1.022422 -0.717989 -2.967476
v -1.022422 -0.717989 -2.967476
v -0.864615 -0.579168 -3.195279
v -0.453493 -0.579065 -3.828352
v -0.973487 -0.579065 -3.027630
v -0.782043 -0.579168 -3.161614
v -0.389154 -0.579065 -3.766610
v -0.909148 -0.579065 -2.965889
v -0.431423 -0.455150 -3.690013
v -0.428443 -0.405374 -3.689857
v -0.350120 -0.473646 -3.809896
v -0.350120 -0.403229 -3.809896
v -0.571013 -0.471434 -3.468863
v -0.571850 -0.420755 -3.465069
v -0.722176 -0.405256 -3.228248
v -0.716193 -0.457154 -3.236945
v -0.801722 -0.476305 -3.100218
v -0.801722 -0.397478 -3.100218
v -0.565340 -0.612565 -3.452510
v -0.565340 -0.567212 -3.452510
v -0.565340 -0.567212 -3.452510
v -0.635016 -0.566993 -3.335450
v -0.673533 0.111669 -3.275658
v -0.350070 0.131934 -3.773747
v -0.545368 0.131934 -3.473016
v -0.771778 0.131934 -3.124374
v -0.428081 0.116735 -3.653621
v -0.613477 -0.566993 -3.362257
v -0.613477 -0.566993 -3.362257
v -0.591672 -0.559618 -3.391828
v -0.572532 -0.567212 -3.418870
v -0.572532 -0.567212 -3.418870
v -0.542171 -0.567212 -3.464215
v -0.568649 -0.559618 -3.415444
v -0.568649 -0.559618 -3.415444
v -0.329187 -0.353194 -3.777873
v -0.325917 -0.221995 -3.782909
v -0.633090 -0.566993 -3.306195
v -0.633090 -0.566993 -3.306195
v -0.600176 -0.559618 -3.355644
v -0.600176 -0.559618 -3.355644
v -0.312179 -0.111603 -3.789889
v -0.557960 -0.575140 -3.409367
v -0.655497 -0.721439 -3.253637
v -0.645243 -0.662215 -3.264950
v -0.518210 -0.575140 -3.458349
v -0.220062 -0.579065 -3.915676
v -0.329451 -0.579065 -3.747232
v -0.740057 -0.579065 -3.114955
v -0.849446 -0.579065 -2.946510
v -0.375876 -0.371194 -3.672309
v -0.563982 -0.565318 -3.381079
v -0.639346 -0.721439 -3.262398
v -0.546879 -0.570734 -3.404313
v -0.536347 -0.569749 -3.419542
v -0.652750 -0.662215 -3.239450
v -0.624181 -0.662215 -3.281170
v -0.358961 -0.389174 -3.688401
v -0.580421 -0.575013 -3.345353
v -0.585171 -0.562909 -3.335829
v -0.499309 -0.555248 -3.466571
v -0.499309 -0.555248 -3.466571
v -0.578544 -0.570734 -3.344412
v -0.640543 -0.675182 -3.248919
v -0.646736 -0.721439 -3.237486
v -0.631485 -0.675182 -3.253834
v -0.612155 -0.721439 -3.279584
v -0.533261 -0.591127 -3.400008
v -0.731636 -0.290550 -3.094403
v -0.731636 -0.153528 -3.094403
v -0.826271 -0.290550 -2.948370
v -0.826271 -0.153528 -2.948370
v -0.635629 -0.675182 -3.239862
v -0.603110 -0.575013 -3.289474
v -0.312055 0.009436 -3.737061
v -0.533150 -0.724305 -3.393869
v -0.606187 -0.553598 -3.280907
v -0.606187 -0.553598 -3.280907
v -0.348171 -0.637552 -3.671559
v -0.609881 -0.675182 -3.268061
v -0.596222 -0.721439 -3.288737
v -0.643833 -0.662215 -3.214407
v -0.718953 -0.267449 -3.096763
v -0.718953 -0.176629 -3.096763
v -0.823351 -0.267449 -2.935664
v -0.823351 -0.176629 -2.935664
v -0.597609 -0.662215 -3.281911
v -0.600945 -0.675182 -3.273194
v -0.219479 -0.579065 -3.859842
v -0.278207 -0.579065 -3.769410
v -0.739474 -0.579065 -3.059121
v -0.798201 -0.579065 -2.968689
v -0.493535 -0.591127 -3.437494
v -0.500633 -0.724305 -3.424528
v -0.568334 -0.724305 -3.319874
v -0.331263 -0.389174 -3.683786
v -0.209565 -0.353194 -3.870502
v -0.287360 -0.353194 -3.750709
v -0.536125 -0.565318 -3.366295
v -0.510131 -0.569749 -3.404144
v -0.244023 -0.579065 -3.811496
v -0.764018 -0.579065 -3.010775
v -0.573319 -0.591127 -3.303903
v -0.633820 -0.721439 -3.209233
v -0.360036 -0.416819 -3.629448
v -0.518440 -0.724305 -3.385116
v -0.595813 -0.675182 -3.264258
v -0.356966 -0.421434 -3.631404
v -0.514778 -0.591127 -3.388052
v -0.624852 -0.675182 -3.217146
v -0.524834 -0.538153 -3.370759
v -0.587070 -0.721439 -3.272805
v -0.514882 -0.538153 -3.383093
v -0.555431 -0.562909 -3.319891
v -0.351630 -0.421434 -3.630515
v -0.537157 -0.591127 -3.344758
v -0.352429 -0.412205 -3.625715
v -0.337394 -0.353213 -3.646989
v -0.531814 -0.724305 -3.346908
v -0.349361 -0.416819 -3.627669
v -0.620541 -0.675182 -3.207786
v -0.280295 -0.290550 -3.730272
v -0.280295 -0.153528 -3.730272
v -0.523151 -0.538153 -3.355000
v -0.523151 -0.538153 -3.355000
v -0.372992 -0.643703 -3.584082
v -0.464196 -0.555248 -3.442531
v -0.464196 -0.555248 -3.442531
v -0.621900 -0.662215 -3.199388
v -0.559369 -0.591127 -3.295601
v -0.626133 -0.721439 -3.192544
v -0.320479 -0.371194 -3.663079
v -0.499122 -0.538153 -3.384777
v -0.575676 -0.662215 -3.266891
v -0.611181 -0.675182 -3.212097
v -0.548846 -0.724305 -3.307268
v -0.277374 -0.267449 -3.717567
v -0.277374 -0.176629 -3.717567
v -0.586031 -0.675182 -3.240278
v -0.573591 -0.553598 -3.258877
v -0.573591 -0.553598 -3.258877
v -0.188097 -0.273030 -3.850735
v -0.188097 -0.273030 -3.850735
v -0.256020 -0.273030 -3.746143
v -0.256020 -0.273030 -3.746143
v -0.609444 -0.721439 -3.200231
v -0.590145 -0.675182 -3.226298
v -0.510817 -0.538153 -3.345046
v -0.574977 -0.721439 -3.242513
v -0.581097 -0.675182 -3.231231
v -0.486788 -0.538153 -3.374824
v -0.595327 -0.662215 -3.200130
v -0.566759 -0.662215 -3.241849
v -0.582315 -0.721439 -3.217586
v -0.495057 -0.538153 -3.346731
v -0.485104 -0.538153 -3.359065
v -0.264669 -0.631639 -3.695165
v -0.574265 -0.662215 -3.216348
v -0.566183 -0.721439 -3.226381
v -0.297645 -0.580705 -3.633145
v -0.304164 -0.573363 -3.623096
v -0.350660 -0.644610 -3.544809
v -0.275697 0.112512 -3.658317
v -0.275697 0.112512 -3.658317
v -0.290063 -0.593297 -3.630459
v -0.475992 -0.564321 -3.338569
v -0.460752 -0.581600 -3.361481
v -0.284590 -0.569223 -3.632638
v -0.284590 -0.569223 -3.632638
v -0.292093 -0.560775 -3.621074
v -0.292093 -0.560775 -3.621074
v -0.165975 -0.404685 -3.814487
v -0.208444 -0.329671 -3.749090
v -0.169865 -0.325380 -3.808497
v -0.459899 -0.586006 -3.360457
v -0.283900 -0.571656 -3.626358
v -0.288203 -0.566810 -3.619725
v -0.289001 -0.598547 -3.617723
v -0.295521 -0.591205 -3.607672
v -0.492309 -0.581600 -3.300658
v -0.422915 -0.586006 -3.406040
v -0.483736 -0.564321 -3.312263
v -0.454319 -0.562787 -3.355316
v -0.275865 -0.583714 -3.629547
v -0.275865 -0.583714 -3.629547
v -0.290870 -0.566817 -3.606418
v -0.290870 -0.566817 -3.606418
v -0.278895 -0.579968 -3.624586
v -0.354069 -0.674187 -3.501754
v -0.486647 -0.585879 -3.296745
v -0.278194 -0.583433 -3.616179
v -0.282498 -0.578587 -3.609544
v -0.280313 -0.579164 -3.609979
v -0.274643 -0.589755 -3.614891
v -0.274643 -0.589755 -3.614891
v -0.282146 -0.581307 -3.603326
v -0.282146 -0.581307 -3.603326
v -0.209118 -0.666477 -3.703984
v -0.356170 -0.676589 -3.476643
v -0.510295 -0.585879 -3.239299
v -0.144601 -0.404685 -3.800607
v -0.187071 -0.329671 -3.735209
v -0.148491 -0.325380 -3.794617
v -0.455857 -0.554813 -3.321151
v -0.266959 -0.660441 -3.608657
v -0.266959 -0.660441 -3.608657
v -0.270978 -0.613440 -3.602138
v -0.249097 0.071642 -3.634832
v -0.474591 -0.562787 -3.286445
v -0.458063 -0.560749 -3.310722
v -0.270006 -0.641406 -3.599972
v -0.426992 -0.560304 -3.356106
v -0.447681 -0.544988 -3.321930
v -0.453323 -0.563566 -3.311828
v -0.244476 -0.534367 -3.626876
v -0.244476 -0.534367 -3.626876
v -0.252751 -0.525048 -3.614119
v -0.252751 -0.525048 -3.614119
v -0.355321 -0.717813 -3.455662
v -0.446450 -0.538281 -3.311175
v -0.452093 -0.556860 -3.301073
v -0.243787 -0.536799 -3.620596
v -0.184862 -0.666675 -3.711219
v -0.441711 -0.541098 -3.312280
v -0.549227 -0.722571 -3.144725
v -0.443916 -0.547035 -3.301851
v -0.234852 -0.550350 -3.623466
v -0.234852 -0.550350 -3.623466
v -0.251404 -0.531712 -3.597953
v -0.251404 -0.531712 -3.597953
v -0.237883 -0.546604 -3.618504
v -0.248036 -0.535171 -3.602854
v -0.435093 -0.544252 -3.314463
v -0.533965 -0.634417 -3.161565
v -0.438871 -0.549653 -3.301624
v -0.163340 -0.705495 -3.724262
v -0.241961 -0.546511 -3.603049
v -0.237057 -0.550692 -3.608587
v -0.242133 -0.544975 -3.600762
v -0.452050 -0.560304 -3.270976
v -0.233505 -0.557014 -3.607300
v -0.233505 -0.557014 -3.607300
v -0.241781 -0.547695 -3.594543
v -0.241781 -0.547695 -3.594543
v -0.525188 -0.722571 -3.157764
v -0.421421 -0.541551 -3.317415
v -0.422510 -0.535486 -3.313715
v -0.404451 -0.557821 -3.340637
v -0.545139 -0.634417 -3.123607
v -0.233427 -0.646104 -3.601617
v -0.502615 -0.634417 -3.185706
v -0.427891 -0.558418 -3.295435
v -0.428980 -0.552353 -3.291735
v -0.526970 -0.653717 -3.137703
v -0.536187 -0.722571 -3.120685
v -0.214359 -0.516993 -3.615721
v -0.358108 -0.565079 -3.392025
v -0.358108 -0.565079 -3.392025
v -0.411530 -0.544252 -3.307528
v -0.109279 -0.235357 -3.767921
v -0.513487 -0.653717 -3.145017
v -0.415309 -0.549653 -3.294688
v -0.218971 -0.515226 -3.596465
v -0.385740 -0.571484 -3.339250
v -0.116221 -0.263313 -3.754143
v -0.207185 -0.526742 -3.613328
v -0.484713 -0.722571 -3.183347
v -0.104442 -0.202760 -3.767512
v -0.217962 -0.567083 -3.592643
v -0.424723 -0.557821 -3.271766
v -0.519656 -0.653717 -3.124220
v -0.395306 -0.556287 -3.314819
v -0.406201 -0.567276 -3.295817
v -0.211798 -0.524975 -3.594074
v -0.123409 -0.279137 -3.729871
v -0.205904 -0.530733 -3.602505
v -0.386043 -0.591127 -3.324299
v -0.206002 -0.628615 -3.596256
v -0.385832 -0.724305 -3.318131
v -0.103008 -0.174256 -3.753026
v -0.426937 -0.564988 -3.254018
v -0.403049 -0.556287 -3.288512
v -0.481330 -0.653717 -3.166193
v -0.460999 -0.722571 -3.196970
v -0.531867 -0.634417 -3.086332
v -0.230446 0.180906 -3.548364
v -0.230446 0.180906 -3.548364
v -0.151479 -0.223190 -3.667427
v -0.128917 -0.278589 -3.701607
v -0.128917 -0.278589 -3.701607
v -0.463064 -0.634417 -3.186810
v -0.346132 -0.591127 -3.361730
v -0.468030 -0.653717 -3.173834
v -0.421188 -0.724305 -3.244187
v -0.225181 -0.637599 -3.545930
v -0.352593 -0.724305 -3.348577
v -0.143539 -0.244845 -3.670249
v -0.451083 -0.562115 -3.196456
v -0.451083 -0.562115 -3.196456
v -0.105360 -0.157484 -3.728345
v -0.073073 -0.279658 -3.776038
v -0.140996 -0.279658 -3.671445
v -0.426422 -0.591127 -3.228288
v -0.193404 -0.575744 -3.586161
v -0.177487 -0.485008 -3.610236
v -0.357524 -0.571484 -3.330818
v -0.140849 -0.218632 -3.663859
v -0.336575 -0.575140 -3.362318
v -0.370592 -0.724305 -3.309222
v -0.131268 -0.261817 -3.676927
v -0.367418 -0.591127 -3.312301
v -0.218738 0.128184 -3.540761
v -0.327213 -0.565079 -3.373324
v -0.327213 -0.565079 -3.373324
v -0.516963 -0.722571 -3.078630
v -0.132908 -0.240287 -3.666682
v -0.110868 -0.156936 -3.700082
v -0.182612 -0.483044 -3.588843
v -0.377963 -0.567276 -3.287488
v -0.460389 -0.653717 -3.160534
v -0.389518 -0.591127 -3.268926
v -0.168519 -0.494678 -3.607419
v -0.503615 -0.653717 -3.090408
v -0.384486 -0.724305 -3.271166
v -0.359292 -0.570734 -3.309396
v -0.129835 -0.233313 -3.662441
v -0.447376 -0.722571 -3.173255
v -0.175086 -0.582278 -3.592053
v -0.175086 -0.582278 -3.592053
v -0.230892 -0.674223 -3.505716
v -0.134943 -0.246661 -3.652963
v -0.138686 -0.232505 -3.644750
v -0.118056 -0.172760 -3.675810
v -0.129160 -0.240925 -3.656328
v -0.124998 -0.200716 -3.662032
v -0.411967 -0.591127 -3.219838
v -0.173643 -0.492715 -3.586027
v -0.396309 -0.564988 -3.243111
v -0.132902 -0.226770 -3.648115
v -0.166597 -0.498532 -3.595315
v -0.321617 -0.570024 -3.355548
v -0.321617 -0.570024 -3.355548
v -0.353120 -0.575140 -3.306127
v -0.401552 -0.724305 -3.231537
v -0.135464 -0.245537 -3.635382
v -0.135464 -0.245537 -3.635382
v -0.132686 -0.243362 -3.638466
v -0.127908 -0.255877 -3.645512
v -0.127908 -0.255877 -3.645512
v -0.497197 -0.653717 -3.076476
v -0.127691 -0.249860 -3.644311
v -0.131552 -0.236268 -3.637042
v -0.232992 -0.676624 -3.480605
v -0.133692 -0.234132 -3.633129
v -0.133692 -0.234132 -3.633129
v -0.160781 -0.677016 -3.591110
v -0.384089 -0.570734 -3.244812
v -0.121901 -0.244641 -3.646995
v -0.118984 -0.247019 -3.650384
v -0.118984 -0.247019 -3.650384
v -0.125761 -0.231048 -3.639725
v -0.382286 -0.575013 -3.244107
v -0.499220 -0.634417 -3.063976
v -0.505521 -0.722571 -3.053790
v -0.146512 -0.452462 -3.606073
v -0.124769 -0.225289 -3.638055
v -0.124769 -0.225289 -3.638055
v -0.117440 -0.231980 -3.646718
v -0.117440 -0.231980 -3.646718
v -0.430415 -0.634417 -3.164454
v -0.483265 -0.653717 -3.082894
v -0.322433 -0.570024 -3.328116
v -0.138192 -0.442088 -3.608282
v -0.406695 -0.575013 -3.194173
v -0.410807 -0.562115 -3.185421
v -0.410807 -0.562115 -3.185421
v -0.232144 -0.717848 -3.459624
v -0.152090 -0.450324 -3.582786
v -0.335210 -0.570024 -3.299597
v -0.335210 -0.570024 -3.299597
v -0.135954 -0.462063 -3.602880
v -0.114810 -0.259402 -3.635061
v -0.445829 -0.653717 -3.124841
v -0.110041 -0.250388 -3.641604
v -0.136523 -0.677213 -3.598344
v -0.040597 -0.246206 -3.743942
v -0.480680 -0.722571 -3.065231
v -0.117936 -0.251378 -3.623610
v -0.329039 -0.563561 -3.297383
v -0.329039 -0.563561 -3.297383
v -0.046220 -0.268891 -3.732814
v -0.113514 -0.231454 -3.628777
v -0.145340 -0.439349 -3.578444
v -0.116785 -0.240823 -3.621788
v -0.036675 -0.219740 -3.743587
v -0.451954 -0.653717 -3.104032
v -0.141532 -0.459926 -3.579593
v -0.363544 -0.569838 -3.237182
v -0.363544 -0.569838 -3.237182
v -0.124398 -0.454082 -3.604148
v -0.133464 -0.465795 -3.589640
v -0.052037 -0.281717 -3.713188
v -0.429377 -0.722571 -3.128167
v -0.115002 -0.716034 -3.611387
v -0.438487 -0.653717 -3.111373
v -0.035505 -0.196586 -3.731846
v -0.388760 -0.569838 -3.187254
v -0.388760 -0.569838 -3.187254
v -0.093284 -0.253600 -3.638968
v -0.334226 -0.563561 -3.265508
v -0.370289 -0.569838 -3.209857
v -0.354317 -0.563561 -3.233843
v -0.354317 -0.563561 -3.233843
v -0.056489 -0.281248 -3.690320
v -0.056489 -0.281248 -3.690320
v -0.131546 -0.451343 -3.574309
v -0.093717 -0.263800 -3.631756
v -0.121074 -0.458709 -3.587162
v -0.459667 -0.634417 -3.065079
v -0.417144 -0.634417 -3.127178
v -0.037400 -0.182947 -3.711865
v -0.440298 -0.722571 -3.091063
v -0.096259 -0.255734 -3.619262
v -0.092701 -0.235378 -3.624702
v -0.076805 -0.256292 -3.642786
v -0.076805 -0.256292 -3.642786
v -0.058384 -0.267609 -3.670338
v -0.015331 -0.250593 -3.736628
v -0.020658 -0.272087 -3.726085
v -0.075062 -0.239304 -3.638644
v -0.075062 -0.239304 -3.638644
v -0.011614 -0.225517 -3.736291
v -0.075219 -0.254698 -3.637930
v -0.041852 -0.182478 -3.688996
v -0.428317 -0.634417 -3.089220
v -0.074279 -0.268969 -3.634031
v -0.074279 -0.268969 -3.634031
v -0.026169 -0.284240 -3.707489
v -0.057215 -0.244454 -3.658597
v -0.416286 -0.722571 -3.104154
v -0.073104 -0.262645 -3.632504
v -0.052873 -0.250146 -3.663304
v -0.047670 -0.195304 -3.669369
v -0.010505 -0.203579 -3.725167
v -0.053292 -0.217989 -3.658242
v -0.013972 -0.404685 -3.715776
v -0.056442 -0.329671 -3.650378
v -0.017863 -0.325380 -3.709785
v -0.070932 -0.241075 -3.627345
v -0.058428 -0.252929 -3.645571
v -0.058428 -0.252929 -3.645571
v -0.070752 -0.234599 -3.625653
v -0.070752 -0.234599 -3.625653
v -0.045829 -0.256632 -3.663021
v -0.030388 -0.283795 -3.685821
v -0.030388 -0.283795 -3.685821
v -0.057617 -0.245029 -3.643645
v -0.069397 -0.257289 -3.623265
v -0.068844 -0.249006 -3.621886
v -0.054240 -0.258649 -3.643001
v -0.069355 -0.260333 -3.619144
v -0.069355 -0.260333 -3.619144
v -0.043787 -0.236741 -3.658173
v -0.012301 -0.190655 -3.706234
v -0.416293 -0.723522 -3.083596
v -0.416293 -0.658132 -3.083596
v -0.068296 -0.247253 -3.616854
v -0.052541 -0.242835 -3.639074
v -0.032184 -0.270872 -3.666889
v -0.036741 -0.243228 -3.657890
v -0.036082 -0.248434 -3.658872
v -0.048684 -0.254630 -3.637750
v -0.409237 -0.650391 -3.080767
v -0.048361 -0.248538 -3.636454
v -0.016519 -0.190211 -3.684567
v -0.031075 -0.248934 -3.655764
v -0.022031 -0.202364 -3.665971
v -0.027359 -0.223858 -3.655428
v -0.187792 -0.671651 -3.405043
v -0.232134 -0.671651 -3.336761
v -0.373453 -0.671651 -3.119149
v -0.294997 -0.663731 -3.239962
v 0.007400 -0.404685 -3.701896
v -0.035069 -0.329671 -3.636498
v 0.003510 -0.325380 -3.695906
v 0.016840 -0.063738 -3.710936
v 0.000384 -0.063738 -3.685596
v 0.000384 -0.063738 -3.685596
v -0.133840 -0.723522 -3.469812
v -0.133840 -0.658131 -3.469812
v 0.005476 -0.070248 -3.682289
v 0.023455 0.017407 -3.707754
v 0.003244 0.017407 -3.676632
v -0.133794 -0.650391 -3.462210
v 0.008082 -0.002293 -3.680597
v 0.027250 -0.538902 -3.705002
v -0.103092 -0.538902 -3.504292
v -0.103092 -0.538902 -3.504292
v 0.044146 -0.273055 -3.699914
v 0.044146 -0.273055 -3.699914
v -0.023777 -0.273055 -3.595322
v -0.023777 -0.273055 -3.595322
v -0.085683 -0.719988 -3.492987
v -0.316641 -0.723522 -3.126210
v -0.316641 -0.658132 -3.126210
v -0.319471 -0.650391 -3.119154
v 0.034239 -0.035734 -3.663611
v 0.039645 -0.272496 -3.650376
v 0.062225 -0.111267 -3.682576
v 0.042014 -0.111267 -3.651455
v 0.042960 -0.376496 -3.647466
v -0.048353 -0.560174 -3.501879
v -0.134726 -0.677012 -3.363106
v -0.095690 -0.677012 -3.422127
v -0.366933 -0.671651 -3.003291
v -0.327365 -0.671651 -3.061957
v -0.128445 -0.671651 -3.366502
v -0.172787 -0.671651 -3.298221
v -0.314107 -0.671651 -3.080609
v -0.235650 -0.663731 -3.201422
v 0.056948 -0.563913 -3.650556
v 0.058822 -0.100465 -3.649339
v 0.060365 -0.314444 -3.648337
v 0.022139 -0.390784 -3.576096
v 0.022139 -0.390784 -3.576096
v 0.085105 -0.020266 -3.667717
v 0.064895 -0.020266 -3.636596
v 0.024826 -0.426058 -3.574351
v 0.154337 -0.090526 -3.771901
v 0.085424 -0.090526 -3.665784
v 0.087293 -0.049870 -3.666296
v 0.067083 -0.049870 -3.635175
v -0.132953 -0.650391 -3.324144
v 0.094156 -0.298752 -3.670920
v 0.091031 0.052937 -3.663869
v 0.070820 0.052937 -3.632748
v -0.132907 -0.723522 -3.316541
v -0.132907 -0.658131 -3.316541
v 0.096693 -0.346319 -3.669272
v 0.030293 -0.393825 -3.563502
v 0.036828 -0.460004 -3.566557
v 0.166224 -0.720066 -3.764181
v 0.053613 -0.346673 -3.576740
v 0.034492 -0.346673 -3.547296
v 0.088425 -0.312518 -3.630115
v -0.064341 -0.650391 -3.393597
v 0.086282 -0.369509 -3.619333
v 0.093298 -0.564312 -3.626950
v 0.093453 -0.096031 -3.626850
v 0.056746 -0.398152 -3.568459
v 0.043191 -0.398152 -3.547586
v 0.043191 -0.398152 -3.547586
v -0.056738 -0.723522 -3.393644
v -0.056738 -0.658131 -3.393644
v 0.123843 -0.179381 -3.667956
v 0.061915 -0.324788 -3.571349
v 0.042794 -0.324788 -3.541904
v 0.052435 -0.475594 -3.556421
v 0.113213 -0.001151 -3.649464
v 0.093003 -0.001151 -3.618342
v 0.061679 -0.405651 -3.569471
v 0.044273 -0.405651 -3.542668
v 0.044273 -0.405651 -3.542668
v 0.119533 -0.184964 -3.657722
v 0.062723 -0.353458 -3.568909
v 0.045352 -0.353458 -3.542158
v 0.093524 -0.279852 -3.615386
v 0.056505 -0.313845 -3.553931
v -0.281084 -0.650391 -3.029388
v 0.135769 -0.179345 -3.670090
v 0.068925 -0.332944 -3.564882
v 0.051553 -0.332944 -3.538131
v 0.063340 -0.322687 -3.549492
v -0.274028 -0.723522 -3.026558
v -0.274028 -0.658132 -3.026558
v 0.096151 -0.504363 -3.596054
v 0.096151 -0.504363 -3.596054
v 0.031436 -0.504363 -3.494441
v 0.031436 -0.504363 -3.494441
v 0.134061 -0.159150 -3.649550
v 0.133230 -0.160225 -3.647579
v 0.128555 -0.058721 -3.639501
v 0.108345 -0.058721 -3.608379
v 0.143384 -0.184892 -3.661989
v 0.136207 -0.159781 -3.650288
v 0.062163 -0.504363 -3.535873
v 0.068905 -0.374358 -3.545878
v 0.068905 -0.374358 -3.545878
v 0.139075 -0.190475 -3.651755
v 0.137523 -0.161488 -3.649054
v 0.078547 -0.363868 -3.557700
v 0.078547 -0.363868 -3.557700
v 0.062027 -0.363868 -3.532263
v 0.062027 -0.363868 -3.532263
v 0.136692 -0.162564 -3.647082
v 0.075862 -0.359775 -3.552388
v 0.065788 -0.359776 -3.536875
v 0.068438 -0.372071 -3.537891
v 0.077548 -0.346979 -3.551294
v 0.067474 -0.346979 -3.535780
v 0.072820 -0.485069 -3.543183
v 0.081309 -0.342887 -3.555906
v 0.081309 -0.342887 -3.555906
v 0.064790 -0.342887 -3.530468
v 0.064790 -0.342887 -3.530468
v 0.073353 -0.340581 -3.542990
v 0.074431 -0.332396 -3.542289
v 0.074431 -0.332396 -3.542289
v -0.157928 -0.502172 -3.184422
v -0.299435 -0.671651 -2.957765
v -0.259867 -0.671651 -3.016431
v 0.099075 -0.386920 -3.554590
v 0.073218 -0.386920 -3.514775
v -0.186110 -0.503645 -3.114448
v 0.096132 -0.342606 -3.535498
v 0.089784 -0.342606 -3.525722
v 0.100361 -0.317982 -3.536990
v 0.090140 -0.317982 -3.521253
v -0.137638 -0.504447 -3.167453
v 0.098816 -0.480131 -3.526302
v 0.112341 -0.349882 -3.545975
v 0.086484 -0.349882 -3.506159
v 0.108649 -0.426947 -3.538969
v 0.091243 -0.426947 -3.512165
v 0.091243 -0.426947 -3.512165
v 0.094540 -0.348290 -3.515684
v 0.127553 -0.520246 -3.566484
v 0.069959 -0.520246 -3.477797
v -0.094163 -0.505385 -3.224626
v 0.094472 -0.513010 -3.514892
v -0.162862 -0.545479 -3.114753
v 0.101981 -0.394798 -3.516108
v 0.070660 -0.513010 -3.467763
v 0.070660 -0.513010 -3.467763
v -0.159692 -0.505599 -3.112694
v -0.159692 -0.505599 -3.112694
v 0.106667 -0.402175 -3.521356
v 0.106667 -0.402175 -3.521356
v 0.098288 -0.325707 -3.504774
v 0.101645 -0.444771 -3.509625
v 0.111994 -0.353974 -3.525197
v 0.105646 -0.353974 -3.515421
v 0.140175 -0.513010 -3.568268
v 0.140175 -0.513010 -3.568268
v 0.103054 -0.393638 -3.505619
v 0.103054 -0.393638 -3.505619
v 0.119574 -0.393638 -3.531057
v 0.119574 -0.393638 -3.531057
v 0.118164 -0.390307 -3.524917
v 0.108089 -0.390307 -3.509403
v -0.147819 -0.451929 -3.114961
v -0.087738 -0.506961 -3.198915
v -0.157690 -0.452742 -3.089446
v 0.123832 -0.379894 -3.521237
v 0.113757 -0.379894 -3.505723
v 0.123173 -0.453582 -3.517781
v 0.116506 -0.453582 -3.507515
v 0.116506 -0.453582 -3.507515
v 0.128868 -0.376563 -3.525022
v 0.128868 -0.376563 -3.525022
v 0.112348 -0.376563 -3.499584
v 0.112348 -0.376563 -3.499584
v 0.126875 -0.333431 -3.519772
v 0.116655 -0.333431 -3.504034
v 0.121628 -0.374687 -3.511639
v 0.123915 -0.467905 -3.510002
v 0.123915 -0.467905 -3.510002
v 0.116655 -0.449721 -3.497467
v 0.116655 -0.449721 -3.497467
v 0.125255 -0.368026 -3.509284
v 0.125255 -0.368026 -3.509284
v 0.118027 -0.418015 -3.496576
v 0.118027 -0.418015 -3.496576
v 0.118422 -0.528453 -3.495015
v 0.123254 -0.442372 -3.497212
v -0.014575 -0.677012 -3.283640
v -0.121329 -0.446515 -3.119221
v 0.024461 -0.677012 -3.342661
v 0.126006 -0.488573 -3.495397
v -0.167942 -0.509240 -3.041431
v 0.143558 -0.414132 -3.510303
v 0.131769 -0.414132 -3.492149
v -0.141072 -0.448140 -3.068190
v -0.145475 -0.509978 -3.055554
v 0.148678 -0.400639 -3.506978
v 0.136888 -0.400639 -3.488824
v 0.138385 -0.489504 -3.487358
v 0.145342 -0.393892 -3.496240
v -0.112505 -0.567956 -3.099029
v 0.200430 -0.282271 -3.575957
v -0.118477 -0.568448 -3.083591
v 0.207314 -0.235697 -3.584156
v 0.272736 -0.234916 -3.684202
v 0.143085 -0.442372 -3.484333
v 0.210489 -0.211999 -3.585950
v 0.272184 -0.211075 -3.680302
v 0.200304 -0.325867 -3.566712
v 0.200304 -0.325867 -3.566712
v 0.143830 -0.530668 -3.478514
v 0.216418 -0.190302 -3.589198
v 0.271249 -0.189493 -3.673066
v 0.146073 -0.444924 -3.478362
v 0.146073 -0.444924 -3.478362
v -0.096477 -0.564680 -3.101607
v 0.223938 -0.171178 -3.594876
v 0.268775 -0.170461 -3.663436
v -0.019170 -0.512056 -3.219704
v -0.114582 -0.442726 -3.072450
v 0.232139 -0.155712 -3.603312
v 0.264155 -0.155141 -3.652260
v 0.181468 -0.528764 -3.524419
v 0.240290 -0.145717 -3.613828
v 0.257318 -0.145059 -3.639799
v 0.248948 -0.141772 -3.626436
v 0.150914 -0.430926 -3.475219
v 0.150914 -0.430926 -3.475219
v -0.029051 -0.512182 -3.195063
v -0.108423 -0.565664 -3.070730
v 0.129637 -0.528764 -3.433491
v 0.169754 -0.425551 -3.491372
v 0.159719 -0.425551 -3.475919
v 0.220062 -0.338324 -3.568209
v 0.212863 -0.335862 -3.556760
v 0.212863 -0.335862 -3.556760
v 0.172631 -0.413372 -3.489503
v 0.162596 -0.413372 -3.474051
v 0.169052 -0.407283 -3.480842
v 0.230226 -0.032649 -3.573475
v 0.210016 -0.032649 -3.542353
v 0.082554 0.200287 -3.345099
v 0.230994 0.034437 -3.572976
v 0.210783 0.034437 -3.541855
v -0.092395 -0.562388 -3.073308
v 0.300082 -0.006164 -3.677253
v 0.231169 -0.006164 -3.571136
v 0.264217 -0.142312 -3.615303
v 0.255981 -0.146272 -3.602387
v 0.272970 -0.145613 -3.628386
v 0.249207 -0.156316 -3.590868
v -0.203747 -0.661304 -2.893225
v 0.281230 -0.155745 -3.639810
v -0.164178 -0.661304 -2.951890
v 0.244099 -0.171891 -3.580175
v 0.288952 -0.171175 -3.648724
v 0.241065 -0.191174 -3.571227
v 0.295938 -0.190367 -3.655064
v 0.227625 -0.326792 -3.549515
v 0.227625 -0.326792 -3.549515
v 0.239528 -0.213026 -3.564776
v 0.301258 -0.212104 -3.659104
v 0.238235 -0.236791 -3.561610
v 0.303682 -0.236011 -3.661638
v 0.237538 -0.283527 -3.552601
v 0.193161 -0.434452 -3.479393
v 0.180183 -0.434452 -3.459408
v 0.195303 -0.417962 -3.478002
v 0.182325 -0.417962 -3.458017
v 0.189884 -0.409717 -3.467313
v -0.100418 -0.515911 -3.017859
v -0.110367 -0.516822 -2.993263
v 0.170939 -0.529845 -3.413281
v 0.233424 -0.529845 -3.497730
v 0.199658 -0.475051 -3.443564
v 0.199658 -0.475051 -3.443564
v 0.201187 -0.450982 -3.442571
v 0.201187 -0.450982 -3.442571
v 0.016005 -0.518115 -3.157368
v 0.016005 -0.518115 -3.157368
v 0.202307 -0.529601 -3.440539
v 0.204782 -0.468373 -3.444267
v 0.218176 -0.438683 -3.461264
v 0.206919 -0.438683 -3.443929
v 0.213431 -0.452388 -3.452022
v 0.213431 -0.452388 -3.452022
v 0.220034 -0.424379 -3.460057
v 0.208777 -0.424379 -3.442722
v 0.222556 -0.442234 -3.463502
v 0.222556 -0.442234 -3.463502
v 0.206655 -0.442234 -3.439018
v 0.206655 -0.442234 -3.439018
v 0.215335 -0.417227 -3.450786
v 0.224879 -0.421993 -3.461945
v 0.224879 -0.421993 -3.461945
v 0.209023 -0.421993 -3.437528
v 0.209023 -0.421993 -3.437528
v 0.218121 -0.411924 -3.448977
v 0.218121 -0.411924 -3.448977
v 0.038406 -0.519638 -3.171535
v 0.038406 -0.519638 -3.171535
v 0.213586 -0.495763 -3.438521
v 0.081694 -0.661959 -3.219968
v 0.120730 -0.661959 -3.278989
v 0.227644 -0.496324 -3.429392
v -0.041732 -0.521132 -3.014007
v 0.226291 -0.525643 -3.424964
v 0.231498 -0.470725 -3.426917
v 0.205468 -0.513010 -3.379816
v 0.205468 -0.513010 -3.379816
v 0.272157 -0.513010 -3.480547
v 0.272157 -0.513010 -3.480547
v 0.235323 -0.457578 -3.420403
v 0.235323 -0.457578 -3.420403
v 0.236399 -0.472851 -3.419704
v 0.236399 -0.472851 -3.419704
v 0.241142 -0.513010 -3.426247
v 0.271562 -0.520736 -3.472963
v 0.213968 -0.520736 -3.384276
v 0.030223 -0.522494 -3.100229
v 0.254644 -0.448644 -3.439790
v 0.241369 -0.448644 -3.419348
v 0.243383 -0.431750 -3.418073
v 0.256628 -0.431750 -3.438469
v -0.035374 -0.523493 -2.988340
v 0.251003 -0.423339 -3.427622
v 0.134490 -0.723522 -3.245709
v 0.134490 -0.658131 -3.245709
v 0.008168 -0.523646 -3.045469
v -0.097527 -0.723522 -2.882615
v -0.097527 -0.658132 -2.882615
v 0.139393 -0.650391 -3.239898
v 0.328291 -0.167864 -3.526951
v 0.329754 -0.166788 -3.528512
v 0.331591 -0.195776 -3.531030
v -0.091112 -0.650391 -2.878535
v 0.331417 -0.165081 -3.527812
v 0.339188 -0.190192 -3.539129
v 0.330153 -0.165526 -3.523992
v 0.331616 -0.164450 -3.525552
v 0.056573 -0.525234 -3.098518
v 0.268498 -0.506885 -3.411295
v 0.349685 -0.184646 -3.535466
v 0.332577 -0.067910 -3.507007
v 0.312366 -0.067910 -3.475886
v 0.307601 -0.506885 -3.462353
v 0.307601 -0.506885 -3.462353
v 0.314619 -0.279735 -3.471806
v 0.028391 -0.526706 -3.028544
v 0.242314 -0.506885 -3.357897
v 0.242314 -0.506885 -3.357897
v 0.344990 -0.190265 -3.515603
v 0.352586 -0.184681 -3.523703
v 0.280076 -0.476241 -3.408742
v 0.280076 -0.476241 -3.408742
v 0.292616 -0.462375 -3.424407
v 0.292616 -0.462375 -3.424407
v 0.270866 -0.462376 -3.390916
v 0.270866 -0.462376 -3.390916
v 0.327185 -0.561793 -3.477319
v 0.321170 -0.369392 -3.466794
v 0.282752 -0.467735 -3.407004
v 0.344285 0.009778 -3.499404
v 0.324074 0.009778 -3.468283
v 0.291359 -0.458348 -3.417588
v 0.276584 -0.458348 -3.394837
v 0.274214 -0.434705 -3.388788
v 0.274214 -0.434705 -3.388788
v 0.295922 -0.434705 -3.422215
v 0.295922 -0.434705 -3.422215
v 0.293798 -0.439574 -3.416004
v 0.279023 -0.439574 -3.393253
v 0.286727 -0.420919 -3.404423
v 0.286727 -0.420919 -3.404423
v 0.332422 -0.096031 -3.473918
v 0.336295 -0.319263 -3.471403
v 0.142904 -0.671651 -3.166033
v 0.125330 -0.723522 -3.137715
v 0.125330 -0.658131 -3.137715
v 0.149601 -0.677012 -3.175055
v 0.188637 -0.677012 -3.234076
v -0.084320 -0.671651 -2.812674
v 0.066195 -0.665596 -3.044104
v 0.296826 -0.481398 -3.397865
v 0.296826 -0.481398 -3.397865
v 0.296826 -0.481398 -3.397865
v 0.131142 -0.650391 -3.142618
v -0.044752 -0.671651 -2.871340
v 0.425758 -0.720066 -3.595638
v 0.004734 -0.671651 -2.946409
v -0.038621 -0.671651 -2.877496
v 0.309624 -0.467440 -3.413603
v 0.309624 -0.467440 -3.413603
v 0.309624 -0.467440 -3.413603
v 0.287654 -0.467440 -3.379771
v 0.287654 -0.467440 -3.379771
v 0.287654 -0.467440 -3.379771
v 0.313251 -0.439523 -3.411248
v 0.313251 -0.439523 -3.411248
v 0.313251 -0.439523 -3.411248
v 0.291280 -0.439523 -3.377416
v 0.291280 -0.439523 -3.377416
v 0.291280 -0.439523 -3.377416
v 0.368157 -0.334661 -3.492981
v 0.304079 -0.425564 -3.393155
v 0.304079 -0.425564 -3.393155
v 0.368816 -0.303882 -3.492553
v 0.306287 -0.475296 -3.391721
v 0.315344 -0.465419 -3.402858
v 0.299796 -0.465419 -3.378917
v 0.436738 -0.100831 -3.588507
v 0.367825 -0.100831 -3.482390
v 0.317910 -0.445664 -3.401191
v 0.302363 -0.445664 -3.377251
v 0.371986 -0.049357 -3.481415
v 0.351776 -0.049357 -3.450294
v 0.373516 -0.020813 -3.480421
v 0.353305 -0.020813 -3.449300
v 0.359065 -0.321458 -3.456616
v 0.008265 -0.723522 -2.906160
v 0.008265 -0.658132 -2.906160
v 0.363802 -0.561394 -3.453540
v 0.004186 -0.650391 -2.899745
v -0.069902 -0.650391 -2.783238
v -0.073983 -0.723522 -2.776822
v -0.073983 -0.658132 -2.776822
v 0.367053 -0.100465 -3.451429
v 0.384777 0.055327 -3.473109
v 0.364566 0.055327 -3.441987
v 0.364492 -0.376378 -3.438661
v 0.272342 -0.559556 -3.293618
v 0.368499 -0.272379 -3.436816
v 0.400279 -0.105174 -3.463041
v 0.380068 -0.105174 -3.431920
v 0.279877 -0.719988 -3.255589
v 0.395138 -0.027263 -3.429240
v 0.202799 -0.671651 -3.128352
v 0.126091 -0.665596 -3.006422
v 0.064630 -0.671651 -2.908728
v 0.021275 -0.671651 -2.839815
v 0.427430 -0.280292 -3.451007
v 0.427430 -0.280292 -3.451007
v 0.359507 -0.280292 -3.346415
v 0.359507 -0.280292 -3.346415
v 0.427627 -0.538902 -3.444993
v 0.297285 -0.538902 -3.244284
v 0.297285 -0.538902 -3.244284
v 0.228422 -0.650391 -3.134366
v 0.233324 -0.723522 -3.128555
v 0.233324 -0.658131 -3.128555
v 0.421294 0.006178 -3.412254
v 0.396876 -0.179937 -3.370642
v 0.433059 -0.388911 -3.425470
v 0.390590 -0.327023 -3.360072
v 0.429169 -0.323483 -3.419480
v 0.440714 0.027164 -3.436782
v 0.420504 0.027164 -3.405661
v 0.392725 -0.617264 -3.362829
v 0.423900 -0.061777 -3.410562
v 0.445448 -0.055267 -3.432594
v 0.428992 -0.055267 -3.407255
v 0.428992 -0.055267 -3.407255
v 0.413734 -0.117410 -3.382432
v 0.419168 -0.181906 -3.374232
v 0.412525 -0.174437 -3.362164
v 0.436085 -0.134468 -3.385608
v 0.408688 -0.216889 -3.340599
v 0.433139 -0.127127 -3.376826
v 0.456003 -0.388911 -3.410571
v 0.413533 -0.327023 -3.345173
v 0.452112 -0.323483 -3.404580
v 0.427065 -0.216282 -3.355760
v 0.423886 -0.205080 -3.344168
v 0.128916 -0.711423 -2.884323
v 0.418314 -0.246368 -3.322411
v 0.476362 -0.617264 -3.410682
v 0.467744 -0.067683 -3.397011
v 0.463724 -0.070350 -3.377047
v 0.463724 -0.070350 -3.377047
v 0.436396 -0.242517 -3.331895
v 0.429754 -0.235048 -3.319827
v 0.472969 -0.093521 -3.379479
v 0.472969 -0.093521 -3.379479
v 0.466326 -0.086052 -3.367411
v 0.466326 -0.086052 -3.367411
v 0.186715 -0.664553 -2.907671
v 0.186715 -0.664553 -2.907671
v 0.492418 -0.067383 -3.360396
v 0.198450 -0.568755 -2.904511
v 0.198450 -0.568755 -2.904511
v 0.455395 -0.274609 -3.294450
v 0.500592 -0.093142 -3.359540
v 0.469675 -0.261662 -3.311158
v 0.493949 -0.085673 -3.347472
v 0.463033 -0.254193 -3.299091
v 0.213778 -0.665473 -2.911432
v 0.213778 -0.588358 -2.911432
v 0.383847 0.128184 -3.149437
v 0.536393 -0.285761 -3.380246
v 0.468470 -0.285761 -3.275653
v 0.516310 -0.078525 -3.341484
v 0.516310 -0.078525 -3.341484
v 0.517124 -0.056676 -3.342648
v 0.517124 -0.056676 -3.342648
v 0.526257 -0.080202 -3.352305
v 0.526257 -0.080202 -3.352305
v 0.535177 -0.059720 -3.362287
v 0.500854 -0.177853 -3.304364
v 0.395554 0.180906 -3.141834
v 0.395554 0.180906 -3.141834
v 0.505534 -0.166105 -3.306610
v 0.465412 -0.664553 -3.203625
v 0.465412 -0.664553 -3.203625
v 0.513271 -0.248976 -3.273675
v 0.506629 -0.241507 -3.261607
v 0.470374 -0.568755 -3.193273
v 0.470374 -0.568755 -3.193273
v 0.468070 -0.665472 -3.181471
v 0.468070 -0.588358 -3.181471
v 0.512173 -0.259648 -3.248658
v 0.559177 -0.101528 -3.313813
v 0.552535 -0.094059 -3.301745
v 0.563433 -0.080690 -3.300563
v 0.588127 -0.388911 -3.324768
v 0.545657 -0.327023 -3.259370
v 0.584237 -0.323483 -3.318778
v 0.548557 -0.220816 -3.262361
v 0.541913 -0.213347 -3.250293
v 0.569360 -0.134082 -3.290408
v 0.562719 -0.126614 -3.278341
v 0.440448 -0.543565 -3.083146
v 0.440448 -0.543565 -3.083146
v 0.493465 0.064320 -3.157249
v 0.567957 -0.175468 -3.268514
v 0.550203 -0.223267 -3.239450
v 0.561314 -0.167999 -3.256447
v 0.576494 -0.122441 -3.270546
v 0.501348 -0.526467 -3.147816
v 0.501348 -0.526467 -3.147816
v 0.611064 -0.388911 -3.309873
v 0.568594 -0.327023 -3.244475
v 0.607173 -0.323483 -3.303882
v 0.573980 -0.169567 -3.246605
v 0.523663 0.105189 -3.139305
v 0.523663 0.105189 -3.139305
v 0.647435 -0.280313 -3.308134
v 0.647435 -0.280313 -3.308134
v 0.579512 -0.280313 -3.203542
v 0.579512 -0.280313 -3.203542
v 0.569057 -0.267449 -3.167538
v 0.569057 -0.176629 -3.167538
v 0.581851 -0.290550 -3.170038
v 0.581851 -0.153528 -3.170038
v 0.641460 -0.579065 -3.236456
v 0.681350 -0.353194 -3.291935
v 0.603555 -0.353194 -3.172143
v 0.675644 -0.579065 -3.278543
v 0.616917 -0.579065 -3.188110
v 0.601131 0.009436 -3.144030
v 0.726888 -0.579065 -3.300720
v 0.617499 -0.579065 -3.132276
v 0.364532 -0.568755 -2.739199
v 0.364532 -0.568755 -2.739199
v 0.397802 -0.645824 -2.789070
v 0.532733 -0.543565 -2.991289
v 0.532733 -0.543565 -2.991289
v 0.649442 -0.111603 -3.165405
v 0.370775 -0.664553 -2.724465
v 0.370775 -0.664553 -2.724465
v 0.645383 -0.353194 -3.144979
v 0.648653 -0.221995 -3.150015
v 0.593633 -0.526467 -3.055960
v 0.593633 -0.526467 -3.055960
v 0.602521 -0.371194 -3.064312
v 0.578913 -0.416819 -3.025189
v 0.582356 -0.421434 -3.024011
v 0.501420 -0.645824 -2.899105
v 0.580741 -0.412205 -3.016915
v 0.584992 -0.421434 -3.019286
v 0.584184 -0.416819 -3.015738
v 0.625649 -0.389174 -3.061136
v 0.606747 -0.353213 -3.018443
v 0.659485 -0.579065 -3.085617
v 0.623383 -0.665472 -3.026878
v 0.623383 -0.588358 -3.026878
v 0.639327 -0.389174 -3.036613
v 0.453383 -0.661849 -2.748807
v 0.636455 -0.568755 -3.027961
v 0.636455 -0.568755 -3.027961
v 0.460121 -0.723026 -2.755963
v 0.629876 -0.371194 -3.015265
v 0.452958 -0.643540 -2.734169
v 0.452958 -0.643540 -2.734169
v 0.649472 -0.664553 -3.020420
v 0.649472 -0.664553 -3.020420
v 0.535623 -0.723026 -2.836138
v 0.542362 -0.661849 -2.843295
v 0.556577 -0.643540 -2.844204
v 0.556577 -0.643540 -2.844204
v 0.752416 -0.381465 -3.091372
v 0.747393 -0.579065 -3.082717
v 0.735015 0.201189 -3.061391
v 0.850930 -0.579168 -3.219601
v 0.742057 -0.579065 -3.051952
v 0.742057 -0.579065 -3.051952
v 0.920027 -0.717989 -3.276850
v 0.920027 -0.717989 -3.276850
v 0.669032 -0.717989 -2.890352
v 0.432756 -0.717989 -2.526518
v 0.202522 -0.717989 -2.171988
v 0.202522 -0.717989 -2.171988
s 1
f 1 2 3
f 4 5 1
f 1 5 2
f 44 45 46
f 50 51 52
f 53 54 55
f 56 57 58
f 59 60 61
f 98 99 100
f 101 102 103
f 224 225 226
f 227 228 229
f 230 231 232
f 233 234 235
f 236 235 237
f 238 239 240
f 241 238 242
f 243 244 245
f 246 245 247
f 248 249 250
f 251 248 252
f 253 254 255
f 256 257 254
f 258 259 260
f 261 262 258
f 263 264 265
f 266 267 268
f 269 270 271
f 272 273 274
f 275 276 277
f 278 279 280
f 281 282 283
f 284 285 286
f 287 288 289
f 290 291 292
f 293 294 295
f 296 297 298
f 313 314 315
f 328 329 330
f 334 335 336
f 337 338 339
f 344 4311 4310
f 344 4310 345
f 346 4476 4475
f 346 4475 347
f 4106 348 349
f 4106 349 4105
f 350 351 352
f 350 352 353
f 354 355 356
f 354 357 360
f 354 360 361
f 362 354 361
f 362 361 363
f 353 352 364
f 352 362 363
f 352 363 364
f 366 367 368
f 366 368 369
f 3602 398 399
f 3602 399 3599
f 3599 399 404
f 3599 404 3601
f 3601 404 409
f 3601 409 3603
f 3603 414 3600
f 4193 4191 423
f 4193 423 424
f 4240 4218 4217
f 4240 4217 4239
f 429 431 432
f 429 432 433
f 429 433 434
f 4200 4234 447
f 4199 458 4232
f 462 463 4138
f 462 4138 4174
f 4137 465 4127
f 4137 4127 4139
f 466 467 468
f 470 4456 4473
f 472 4448 4472
f 472 4472 473
f 474 4459 4474
f 474 4474 475
f 476 4465 4478
f 476 4478 477
f 4462 478 479
f 4462 479 4477
f 480 481 482
f 480 482 483
f 484 482 481
f 484 481 485
f 4238 558 559
f 4238 559 4246
f 560 561 562
f 560 562 563
f 4238 564 558
f 563 562 565
f 563 565 566
f 4222 4213 567
f 4222 567 564
f 568 570 571
f 4214 4224 572
f 4214 572 573
f 571 570 574
f 571 574 575
f 4224 4236 576
f 575 574 577
f 575 577 578
f 4236 4247 579
f 4236 579 576
f 560 580 581
f 560 581 561
f 589 4460 4466
f 4430 591 4449
f 4430 4449 4461
f 4426 592 4457
f 4426 4457 4450
f 4429 593 4463
f 4429 4463 4458
f 4435 4469 4464
f 595 4436 4467
f 627 628 629
f 627 629 624
f 638 639 640
f 644 645 646
f 644 646 647
f 654 655 656
f 654 656 657
f 660 662 663
f 682 683 684
f 4248 4291 686
f 4248 686 687
f 688 689 4278
f 688 4278 4244
f 692 4245 4249
f 692 4249 693
f 694 695 696
f 694 696 697
f 4341 4377 698
f 4341 698 699
f 700 701 4379
f 700 4379 4339
f 4380 702 703
f 4380 703 4378
f 704 4342 705
f 722 723 724
f 722 724 725
f 726 727 4494
f 726 4494 4425
f 740 741 742
f 740 742 743
f 743 742 748
f 743 748 749
f 752 753 754
f 753 760 761
f 764 765 766
f 764 766 767
f 4110 4471 768
f 4110 768 769
f 770 771 4468
f 770 4468 4115
f 776 777 778
f 776 778 779
f 780 4123 4087
f 780 4087 781
f 46 45 48
f 46 48 47
f 822 823 4670
f 822 4670 4672
f 824 822 4672
f 824 4672 4673
f 825 824 4673
f 825 4673 4674
f 826 827 3575
f 826 3575 3573
f 827 828 3576
f 827 3576 3575
f 828 3577 3576
f 44 50 52
f 49 48 54
f 49 54 53
f 830 3574 4671
f 830 4671 831
f 3578 832 833
f 3578 833 4675
f 54 52 51
f 54 51 55
f 834 835 836
f 834 836 837
f 4525 838 839
f 4525 839 840
f 841 4523 4500
f 841 4500 842
f 843 4515 4526
f 843 4526 4524
f 844 845 846
f 844 846 847
f 4063 848 849
f 4063 849 850
f 851 852 4083
f 851 4083 4067
f 853 4062 4064
f 853 4064 4071
f 854 855 856
f 854 856 857
f 56 58 855
f 56 858 859
f 56 859 57
f 57 860 861
f 862 863 864
f 862 864 865
f 59 862 865
f 59 865 60
f 59 61 866
f 61 60 868
f 61 868 869
f 857 856 870
f 864 863 871
f 864 871 870
f 872 873 874
f 872 874 875
f 880 4479 4480
f 880 4480 881
f 886 887 888
f 886 888 889
f 4492 894 895
f 4492 895 4493
f 4427 4481 4482
f 4427 4482 4428
f 4408 896 897
f 4408 897 4409
f 904 905 906
f 904 906 907
f 4068 916 917
f 4068 917 4069
f 4102 920 921
f 4102 921 4103
f 4135 922 923
f 4135 923 4136
f 924 925 926
f 924 926 927
f 925 929 926
f 930 931 4299
f 930 4299 4273
f 4298 932 4323
f 4298 4323 4300
f 4324 933 934
f 4324 934 4329
f 935 4274 4266
f 935 4266 936
f 1051 1053 1054
f 1054 1055 1056
f 1054 1056 1051
f 1052 102 101
f 1052 101 1053
f 1055 100 99
f 1055 99 1056
f 1134 1135 1136
f 1134 1136 1137
f 1179 1180 1181
f 1179 1181 1182
f 1230 1231 1232
f 1230 1232 1233
f 1230 1233 1234
f 1230 1234 1235
f 1270 1271 1272
f 1270 1272 1273
f 1270 1273 1274
f 1270 1274 1275
f 1342 4026 4009
f 1342 4009 1343
f 1489 1490 1491
f 1489 1491 1492
f 1490 1493 1494
f 1490 1494 1491
f 1492 1495 1496
f 1497 1496 1495
f 1494 1493 1499
f 1494 1499 1500
f 1501 1502 1503
f 4280 1505 1506
f 4280 1506 4253
f 4265 1507 1508
f 4265 1508 4227
f 4294 1511 1512
f 4294 1512 4259
f 4309 1513 1514
f 4309 1514 4284
f 1515 1516 1517
f 1515 1517 1518
f 1515 1518 1519
f 1515 1519 1520
f 1521 1522 1523
f 1521 1523 1524
f 4595 1525 1526
f 4602 4636 1527
f 4602 1527 1528
f 1529 1530 4637
f 1529 4637 4630
f 1531 1532 4596
f 1531 4596 4603
f 1533 1534 1535
f 1533 1535 1536
f 1537 1538 1539
f 1537 1539 1540
f 4648 4582 4583
f 4648 4583 4649
f 1543 1544 1545
f 1543 1545 1546
f 4662 4656 1547
f 4662 1547 1548
f 1549 1550 1551
f 1549 1551 1552
f 1553 1554 4657
f 1553 4657 4628
f 1557 1558 1559
f 1557 1559 1560
f 1561 1562 1563
f 1561 1563 1564
f 1565 4654 4651
f 1565 4651 1566
f 4660 1567 1568
f 4660 1568 4661
f 1569 1570 1571
f 1569 1571 1572
f 4576 4550 1573
f 4576 1573 1574
f 4658 4632 1575
f 1577 1578 4633
f 1577 4633 4551
f 1579 1580 4577
f 1579 4577 4659
f 1581 1582 1583
f 4580 4553 1585
f 4580 1585 1586
f 4652 4626 1587
f 4652 1587 1588
f 1589 1590 1591
f 1589 1591 1592
f 1595 1596 4581
f 1595 4581 4653
f 1633 1634 3607
f 1633 3607 3596
f 3742 3846 3858
f 3858 3759 3742
f 3788 3759 3848
f 3758 3785 3816
f 3758 3816 3846
f 1725 1726 1727
f 1725 1727 1728
f 1726 1729 1730
f 1726 1730 1727
f 1729 1731 1732
f 1729 1732 1730
f 1731 1733 1734
f 1731 1734 1732
f 1733 1735 1736
f 1733 1736 1734
f 1735 1737 1738
f 1735 1738 1736
f 1739 1740 1741
f 1739 1741 1742
f 1740 1725 1728
f 1740 1728 1741
f 1760 1761 3834
f 1760 3834 3890
f 1772 1773 1774
f 1772 1774 1775
f 1776 1777 1778
f 1776 1778 1779
f 3900 1780 1781
f 3900 1781 3868
f 3887 3853 3870
f 3887 3870 3920
f 1782 1783 1784
f 1782 1784 1785
f 1786 1787 1788
f 1786 1788 1789
f 3885 3912 3879
f 3885 3879 3855
f 3897 3872 1790
f 3897 1790 1791
f 1792 1793 1794
f 1792 1794 1795
f 1796 1797 1798
f 1796 1798 1799
f 3695 1800 1801
f 3695 1801 3669
f 3685 3644 3671
f 3685 3671 3712
f 1802 1803 1804
f 1802 1804 1805
f 1806 1807 1808
f 1806 1808 1809
f 3682 3706 3679
f 3682 3679 3652
f 3692 3670 1810
f 3692 1810 1811
f 3810 3825 3995
f 3810 3995 4011
f 4011 3996 3827
f 4011 3827 3810
f 3867 3827 3996
f 3867 3996 3946
f 3825 3861 3939
f 3825 3939 3995
f 1832 1833 1834
f 1832 1834 1835
f 3979 1836 1837
f 3979 1837 3959
f 1838 1839 1840
f 1838 1840 1841
f 3998 3981 3972
f 1842 1843 1844
f 1842 1844 1845
f 3843 1846 1847
f 1848 1849 1850
f 1848 1850 1851
f 3903 3860 3869
f 3903 3869 3896
f 1852 1853 1854
f 1852 1854 1855
f 3963 1856 1857
f 1858 1859 1860
f 1858 1860 1861
f 3891 3940 3926
f 3891 3926 3899
f 1862 1863 1864
f 1862 1864 1865
f 3831 1866 1867
f 3831 1867 3847
f 1868 1870 1871
f 3821 3801 3830
f 3821 3830 3837
f 1872 1873 1874
f 1872 1874 1875
f 3722 1876 1877
f 3722 1877 3711
f 1878 1879 1880
f 1878 1880 1881
f 3680 3707 3697
f 3621 3632 3728
f 3621 3728 3734
f 3734 3729 3633
f 3734 3633 3621
f 3663 3633 3729
f 3663 3729 3710
f 3632 3658 3705
f 3632 3705 3728
f 1902 1903 1904
f 1902 1904 1905
f 3643 1906 1907
f 3643 1907 3656
f 1908 1910 1911
f 3688 3657 3664
f 3688 3664 3683
f 1912 1913 1914
f 1912 1914 1915
f 3725 1917 3715
f 1918 1919 1920
f 1918 1920 1921
f 3730 3735 3726
f 3730 3726 3723
f 1922 1923 1924
f 1922 1924 1925
f 3641 1926 1927
f 3641 1927 3649
f 1928 1929 1930
f 1928 1930 1931
f 3629 3620 3640
f 3629 3640 3642
f 1940 1941 1942
f 1940 1942 1943
f 1944 1945 3638
f 1944 3638 3704
f 1978 1979 1980
f 1978 1980 1981
f 1981 1982 1983
f 1984 1980 1979
f 1984 1979 1985
f 1982 1986 1987
f 1982 1987 1983
f 1988 1989 1990
f 1988 1990 1991
f 1992 1988 1991
f 1992 1991 1993
f 1994 1992 1993
f 1994 1993 1995
f 1989 1996 1997
f 1989 1997 1990
f 2060 2062 2063
f 4643 2068 2069
f 4643 2069 4650
f 2074 2075 2076
f 2074 2076 2077
f 2078 2079 2077
f 2078 2077 2076
f 2080 2081 2082
f 2080 2083 2084
f 2080 2084 2085
f 2108 2109 2110
f 2108 2110 2111
f 2111 2112 2113
f 2111 2113 2108
f 2114 2110 2109
f 2114 2109 2115
f 2112 2116 2117
f 2112 2117 2113
f 2118 2120 2121
f 2122 2118 2121
f 2122 2121 2123
f 2124 2122 2123
f 2119 2126 2127
f 2119 2127 2120
f 2190 2191 2192
f 2190 2192 2193
f 3691 2198 2199
f 3691 2199 3672
f 2204 2205 2206
f 2204 2206 2207
f 2208 2207 2206
f 2210 2213 2214
f 2244 2245 3665
f 2246 2247 3580
f 2246 3580 3583
f 2248 2246 3583
f 2248 3583 3624
f 2249 2248 3624
f 2249 3624 3666
f 2250 2249 3666
f 2250 3666 3677
f 2245 2250 3677
f 2245 3677 3665
f 2262 2263 2264
f 2262 2264 2265
f 2266 2264 2263
f 2266 2263 2267
f 225 2266 2267
f 225 2267 226
f 2300 4621 2301
f 2308 4625 4647
f 2308 4647 2306
f 2309 4622 4625
f 2309 4625 2308
f 2310 4618 4622
f 2310 4622 2309
f 2301 4621 4618
f 2301 4618 2310
f 4667 4669 2326
f 4667 2326 2327
f 2330 2331 2332
f 2330 2332 2333
f 2334 2335 2333
f 2334 2333 2332
f 229 228 2335
f 229 2335 2334
f 2372 2373 3667
f 2376 2377 3581
f 2376 3581 3584
f 2378 2376 3584
f 2379 2378 3626
f 2379 3626 3668
f 2380 2379 3668
f 2380 3668 3678
f 2373 2380 3678
f 2373 3678 3667
f 2390 2391 2392
f 2390 2392 2393
f 2394 2392 2391
f 231 2394 2395
f 231 2395 232
f 2400 233 235
f 2400 235 2401
f 2402 238 241
f 2402 241 2403
f 2401 235 236
f 2401 236 2408
f 2409 239 238
f 2409 238 2402
f 2426 243 245
f 2426 245 2427
f 2432 248 251
f 2432 251 2433
f 2427 245 246
f 2427 246 2438
f 2439 249 248
f 2439 248 2432
f 2470 2471 254
f 2470 254 253
f 2472 2473 261
f 2472 261 258
f 2471 2478 256
f 2479 2472 258
f 2479 258 260
f 2502 2503 2504
f 2502 2504 2505
f 2504 2503 264
f 2504 264 263
f 265 264 2506
f 265 2506 2507
f 2508 2509 2510
f 2508 2510 2511
f 2510 266 268
f 2510 268 2511
f 267 2512 2513
f 267 2513 268
f 2518 3749 3778
f 2518 3778 2519
f 3750 2522 2523
f 3750 2523 3779
f 3748 2524 2525
f 3748 2525 3777
f 2558 2559 2560
f 2558 2560 2561
f 3718 3877 2564
f 3718 2564 2565
f 2570 2571 2572
f 2570 2572 2573
f 2574 2575 3721
f 2574 3721 3719
f 2564 3877 4076
f 2564 4076 2576
f 2560 2559 2579
f 2560 2579 4078
f 2580 2581 2582
f 2580 2582 2583
f 2582 2581 270
f 2582 270 269
f 271 270 2584
f 271 2584 2585
f 2586 2587 2588
f 2586 2588 2589
f 2588 272 274
f 2588 274 2589
f 273 2590 2591
f 273 2591 274
f 2596 4023 4060
f 2596 4060 2597
f 4024 2600 2601
f 4024 2601 4061
f 4022 2602 2603
f 4022 2603 4059
f 2636 2637 2638
f 2636 2638 2639
f 2638 2637 276
f 2638 276 275
f 277 276 2640
f 2642 2643 2644
f 2642 2644 2645
f 2644 278 280
f 2644 280 2645
f 279 2647 280
f 2652 4518 4534
f 2652 4534 2653
f 4519 2656 2657
f 4519 2657 4535
f 4517 2658 2659
f 4517 2659 4533
f 2692 2693 2694
f 2692 2694 2695
f 4505 4563 2698
f 4505 2698 2699
f 2704 2705 2706
f 2704 2706 2707
f 2708 2709 4508
f 2708 4508 4506
f 2698 4563 4611
f 2698 4611 2710
f 2694 2693 2713
f 2694 2713 4613
f 2714 2715 2716
f 2714 2716 2717
f 2716 2715 282
f 2716 282 281
f 283 282 2718
f 2720 2721 2722
f 2720 2722 2723
f 2722 284 286
f 2722 286 2723
f 285 2725 286
f 4590 2734 2735
f 4590 2735 4606
f 4588 2736 2737
f 4588 2737 4604
f 2803 2804 2805
f 2803 2805 2806
f 2804 287 289
f 2804 289 2805
f 292 2803 2806
f 292 2806 290
f 2840 2841 2842
f 2840 2842 2843
f 2841 293 295
f 2841 295 2842
f 298 2840 2843
f 298 2843 296
f 2844 2845 2846
f 2844 2846 2847
f 2848 4510 2849
f 2848 2849 2850
f 2852 2853 2854
f 2852 2854 2855
f 2856 2857 2858
f 2860 2861 2862
f 2860 2862 4073
f 4079 4074 4072
f 4079 4072 2863
f 2864 2865 2866
f 2864 2866 2867
f 2868 2869 2870
f 2868 2870 2871
f 4088 2872 2873
f 4088 2873 4495
f 2944 2945 2946
f 2944 2946 2947
f 2947 2946 2965
f 2947 2965 2966
f 2971 2972 4447
f 2973 4501 4502
f 2978 2973 4502
f 2978 4502 4503
f 2975 2979 2980
f 2975 2980 2976
f 2982 2978 4503
f 2982 4503 4504
f 2988 2991 2992
f 2988 2992 4252
f 2994 4254 4368
f 2991 2995 2996
f 2998 2994 4368
f 2998 4368 4445
f 3003 3004 3005
f 3003 3005 3006
f 3006 3005 3024
f 3006 3024 3025
f 3030 3031 4096
f 3030 4096 4095
f 3032 4057 4058
f 3031 3034 3035
f 3031 3035 4096
f 3037 3032 4058
f 3037 4058 4056
f 3046 3047 3048
f 3046 3048 3049
f 3049 3048 3067
f 3049 3067 3068
f 3073 3074 4318
f 3073 4318 4452
f 3075 3076 4446
f 3075 4446 4316
f 3074 3077 3078
f 3074 3078 4318
f 3080 4316 4186
f 3077 3081 3082
f 3077 3082 3078
f 3084 3080 4186
f 3084 4186 4091
f 3089 3090 3091
f 3089 3091 3092
f 3092 3091 3110
f 3092 3110 3111
f 3160 3161 3162
f 3160 3162 3163
f 3164 3160 3163
f 3164 3163 3165
f 3166 3164 3165
f 3166 3165 3167
f 3166 3167 3168
f 3166 3168 3169
f 3161 3171 3162
f 3172 3173 3174
f 3172 3174 3175
f 3774 3177 3932
f 3178 3179 3180
f 3178 3180 3181
f 3812 3799 3961
f 3812 3961 3980
f 3190 3191 3192
f 3906 3194 3195
f 3906 3195 3765
f 3196 3197 3198
f 3196 3198 3199
f 3953 3775 3795
f 3222 3223 3224
f 3226 3227 3224
f 3226 3224 3223
f 3228 3229 3230
f 3228 3231 3232
f 3228 3232 3233
f 3234 3235 3236
f 3234 3236 3237
f 3238 3767 3754
f 3238 3754 3239
f 3240 3764 3741
f 3240 3741 3241
f 3242 3752 3736
f 3242 3736 3243
f 3244 3753 3737
f 3244 3737 3245
f 3768 3246 3247
f 3768 3247 3755
f 3248 3250 3251
f 3252 3253 3254
f 3252 3254 3255
f 3256 3803 3760
f 3256 3760 3257
f 3258 3791 3744
f 3258 3744 3259
f 3260 3793 3746
f 3260 3746 3261
f 3819 3805 3762
f 3819 3762 3772
f 3347 3348 3349
f 3347 3349 3350
f 3351 3347 3350
f 3351 3350 3352
f 3353 3351 3352
f 3353 3352 3354
f 3348 3355 3356
f 3401 3402 3403
f 3401 3403 3404
f 4157 3411 3412
f 4157 3412 4140
f 3415 3416 3417
f 3415 3417 3418
f 3419 3420 3418
f 3419 3418 3417
f 3421 3423 3424
f 3421 3424 3425
f 3421 3425 3426
f 3449 3450 3451
f 3449 3451 3452
f 3453 3454 3450
f 3453 3450 3449
f 3455 3454 3453
f 3452 3451 3457
f 3452 3457 3458
f 3503 3504 3505
f 3503 3505 3506
f 4403 4416 3513
f 4403 3513 3514
f 3517 3518 3519
f 3517 3519 3520
f 3521 3519 3518
f 3521 3518 3522
f 3523 3525 3526
f 3523 3527 3528
f 3523 3528 3524
f 3529 3531 3532
f 3530 3533 3534
f 3530 3534 3531
f 3535 3536 3537
f 3535 3537 3538
f 3538 3537 3539
f 3538 3539 3540
f 3540 3539 320
f 3541 3542 3543
f 3542 3545 3546
f 3542 3546 3543
f 3547 3549 3550
f 3550 3551 3552
f 3552 3551 326
f 3553 3554 3555
f 3553 3555 3556
f 3554 328 330
f 3554 330 3555
f 3557 3558 3559
f 3557 3559 3560
f 3560 3559 332
f 3560 332 331
f 3561 3562 3563
f 3561 3563 3564
f 3562 334 336
f 3562 336 3563
f 3565 3566 3567
f 3565 3567 3568
f 3568 3567 338
f 3568 338 337
f 3569 3570 3571
f 3569 3571 3572
f 6 7 8
f 9 10 11
f 12 13 14
f 15 16 17
f 18 19 20
f 21 22 23
f 24 25 26
f 27 28 29
f 30 31 32
f 33 31 30
f 34 35 36
f 37 38 39
f 40 37 39
f 41 42 43
f 47 48 49
f 62 63 64
f 65 66 67
f 68 69 70
f 71 72 73
f 74 75 76
f 77 78 79
f 80 81 82
f 83 84 85
f 86 87 88
f 89 90 91
f 92 93 94
f 95 96 97
f 104 105 106
f 107 108 109
f 108 110 109
f 110 111 109
f 111 112 109
f 112 113 109
f 113 114 109
f 114 115 109
f 115 116 109
f 116 117 109
f 117 118 109
f 118 119 109
f 119 120 109
f 120 107 109
f 121 122 123
f 122 124 123
f 124 125 123
f 125 126 123
f 126 127 123
f 128 129 123
f 129 130 123
f 130 131 123
f 131 132 123
f 132 133 123
f 133 134 123
f 134 121 123
f 135 136 137
f 137 136 138
f 139 140 141
f 141 140 142
f 143 137 138
f 139 141 144
f 145 146 147
f 147 146 148
f 148 146 149
f 150 151 152
f 150 153 151
f 151 153 154
f 155 156 157
f 157 156 158
f 159 160 161
f 161 160 162
f 163 157 158
f 159 161 164
f 165 166 167
f 168 165 167
f 169 168 167
f 170 169 167
f 171 170 167
f 166 171 167
f 172 173 174
f 173 175 174
f 175 176 174
f 176 177 174
f 177 178 174
f 178 172 174
f 179 180 181
f 182 179 181
f 183 182 181
f 184 183 181
f 185 184 181
f 180 185 181
f 186 187 188
f 187 189 188
f 189 190 188
f 190 191 188
f 191 192 188
f 192 186 188
f 193 194 195
f 196 197 198
f 199 200 201
f 202 203 204
f 203 205 204
f 205 206 204
f 206 207 204
f 207 208 204
f 208 209 204
f 209 210 204
f 210 211 204
f 211 212 204
f 212 202 204
f 213 214 215
f 214 216 215
f 216 217 215
f 217 218 215
f 218 219 215
f 219 220 215
f 220 221 215
f 221 222 215
f 222 223 215
f 223 213 215
f 299 300 301
f 300 302 301
f 302 303 301
f 303 304 301
f 304 305 301
f 305 306 301
f 306 307 301
f 307 308 301
f 308 309 301
f 309 299 301
f 310 311 312
f 316 317 318
f 319 320 321
f 322 323 324
f 325 326 327
f 331 332 333
f 340 341 342
f 340 342 343
f 354 356 357
f 358 4453 4118
f 358 4118 359
f 353 364 365
f 370 371 372
f 370 372 373
f 3588 374 375
f 3588 375 3586
f 376 3587 3585
f 376 3585 377
f 3586 375 378
f 3586 378 379
f 3585 380 381
f 3585 381 377
f 372 3590 3589
f 372 3589 373
f 382 383 384
f 382 384 385
f 386 387 388
f 386 388 389
f 3591 3594 3593
f 3591 3593 3592
f 379 378 383
f 379 383 382
f 380 386 389
f 380 389 381
f 3590 3591 3592
f 3590 3592 3589
f 390 391 392
f 390 392 393
f 394 395 396
f 394 396 397
f 391 400 401
f 391 401 392
f 397 396 402
f 397 402 403
f 400 405 406
f 400 406 401
f 403 402 407
f 403 407 408
f 405 410 411
f 405 411 406
f 408 407 412
f 408 412 413
f 3603 409 414
f 415 416 417
f 415 417 418
f 419 420 421
f 419 421 422
f 4194 4192 425
f 4194 425 426
f 4215 4202 427
f 4215 427 428
f 429 430 431
f 435 436 437
f 435 437 438
f 439 440 441
f 439 441 442
f 438 437 443
f 438 443 444
f 444 443 440
f 444 440 439
f 445 8 7
f 445 7 446
f 10 445 446
f 10 446 11
f 436 435 4242
f 436 4242 4233
f 442 441 4116
f 442 4116 4100
f 6 436 4233
f 437 436 6
f 437 6 8
f 443 437 8
f 443 8 445
f 440 443 445
f 440 445 10
f 441 440 10
f 441 10 9
f 4116 441 9
f 4116 9 448
f 4196 4177 449
f 4196 449 450
f 4117 4104 451
f 4117 451 452
f 4177 4134 453
f 4177 453 449
f 4134 4117 452
f 4134 452 453
f 454 455 14
f 454 14 13
f 17 16 455
f 17 455 454
f 450 456 4243
f 450 4243 4196
f 4104 4101 457
f 4104 457 451
f 12 456 450
f 449 13 12
f 449 12 450
f 453 454 13
f 453 13 449
f 452 17 454
f 452 454 453
f 451 15 17
f 451 17 452
f 457 459 15
f 457 15 451
f 460 461 4208
f 460 4208 4201
f 19 464 4216
f 19 4216 20
f 464 460 4201
f 464 4201 4216
f 4126 21 23
f 4126 23 4128
f 466 468 469
f 470 4473 471
f 486 487 488
f 486 488 489
f 4148 490 491
f 4148 491 4176
f 4142 492 493
f 4142 493 4173
f 494 495 496
f 494 496 497
f 4141 498 499
f 4141 499 4172
f 4147 4149 4182
f 4147 4182 4175
f 500 501 502
f 500 502 503
f 4198 504 505
f 4198 505 4237
f 4189 506 507
f 4189 507 4221
f 508 509 510
f 508 510 511
f 4188 512 513
f 4188 513 4223
f 4197 514 515
f 4197 515 4235
f 516 517 518
f 516 518 519
f 4333 520 521
f 4333 521 4352
f 4331 522 523
f 4331 523 4348
f 524 525 526
f 524 526 527
f 4330 528 529
f 4330 529 4347
f 4332 4334 4357
f 4332 4357 4351
f 530 531 532
f 530 532 533
f 4386 534 535
f 4386 535 4422
f 536 537 538
f 536 538 539
f 4385 540 541
f 4385 541 4420
f 4388 542 543
f 4388 543 4433
f 4390 4387 4431
f 4390 4431 4437
f 544 545 546
f 544 546 547
f 4226 548 549
f 4226 549 4258
f 550 551 552
f 550 552 553
f 4225 554 555
f 4225 555 4257
f 4230 556 557
f 4230 557 4261
f 4231 4262 4264
f 4231 4264 4241
f 4238 4222 564
f 568 569 570
f 4224 576 572
f 4180 4169 504
f 4180 504 4198
f 4170 4163 506
f 4170 506 4189
f 4164 4167 509
f 4164 509 508
f 4168 4178 512
f 4168 512 4188
f 4179 4183 514
f 4179 514 4197
f 4181 501 500
f 4181 500 4184
f 582 490 4148
f 582 4148 583
f 584 492 4142
f 584 4142 4120
f 585 495 494
f 585 494 586
f 587 498 4141
f 587 4141 4119
f 4132 588 4149
f 4132 4149 4147
f 4133 487 486
f 4133 486 4144
f 589 590 4460
f 4435 594 4469
f 595 4467 4470
f 596 597 598
f 596 598 599
f 4432 4423 600
f 4432 600 601
f 599 598 602
f 599 602 603
f 4423 4418 604
f 4423 604 600
f 605 606 607
f 605 607 608
f 4419 4421 609
f 4419 609 610
f 608 607 611
f 608 611 612
f 4421 4434 613
f 4421 613 609
f 612 611 614
f 612 614 615
f 4434 4438 616
f 4434 616 613
f 615 614 597
f 615 597 596
f 4438 4432 601
f 4438 601 616
f 617 618 520
f 617 520 4333
f 4297 619 522
f 4297 522 4331
f 620 621 525
f 620 525 524
f 4296 622 528
f 4296 528 4330
f 4301 623 4334
f 4301 4334 4332
f 4303 4302 517
f 4303 517 516
f 4360 4355 530
f 4360 530 533
f 4356 4349 534
f 4356 534 4386
f 4350 4353 537
f 4350 537 536
f 4354 4358 540
f 4354 540 4385
f 4359 4362 542
f 4359 542 4388
f 4363 4361 4387
f 4363 4387 4390
f 547 546 618
f 547 618 617
f 4258 549 619
f 4258 619 4297
f 553 552 621
f 553 621 620
f 4257 555 622
f 4257 622 4296
f 4261 557 623
f 4261 623 4301
f 4264 4262 4302
f 4264 4302 4303
f 624 625 626
f 624 626 627
f 630 28 27
f 630 27 631
f 4204 4295 4287
f 4204 4287 632
f 4203 24 26
f 4203 26 633
f 4287 4295 4337
f 4287 4337 4338
f 25 634 635
f 25 635 26
f 29 28 636
f 29 636 637
f 4338 4337 4383
f 4338 4383 4382
f 638 640 641
f 4154 4209 642
f 4154 642 643
f 648 649 4206
f 648 4206 4210
f 650 651 4155
f 650 4155 4162
f 652 650 4162
f 652 4162 4152
f 4206 649 653
f 4206 653 4219
f 643 642 4220
f 643 4220 4153
f 4373 4414 658
f 4373 658 659
f 660 661 662
f 664 665 4406
f 664 4406 4415
f 666 667 4374
f 666 4374 4381
f 659 658 4410
f 659 4410 4375
f 668 666 4381
f 668 4381 4376
f 4406 665 669
f 4406 669 4411
f 670 671 672
f 670 672 673
f 4275 674 675
f 4275 675 4263
f 676 4250 4255
f 676 4255 677
f 673 672 678
f 673 678 679
f 677 4255 4251
f 677 4251 680
f 4263 675 681
f 4263 681 4270
f 682 684 685
f 4279 690 691
f 4279 691 4292
f 704 4340 4342
f 706 707 708
f 706 708 709
f 4371 710 711
f 4371 711 4369
f 709 708 712
f 709 712 713
f 4369 711 714
f 4369 714 4372
f 4366 4346 715
f 4366 715 716
f 716 717 4345
f 716 4345 4366
f 718 719 720
f 718 720 721
f 728 729 730
f 728 730 731
f 732 733 734
f 732 734 735
f 721 720 4496
f 721 4496 4412
f 735 734 736
f 735 736 737
f 731 730 738
f 731 738 739
f 4124 744 745
f 4124 745 4121
f 746 4097 4099
f 746 4099 747
f 747 4099 4098
f 747 4098 750
f 4121 745 751
f 4121 751 4125
f 752 754 755
f 4424 4440 756
f 4424 756 757
f 758 759 4483
f 758 4483 4486
f 753 761 754
f 759 762 4491
f 759 4491 4483
f 4440 4439 763
f 4440 763 756
f 772 773 774
f 772 774 775
f 782 783 784
f 782 784 785
f 786 787 788
f 786 788 789
f 773 4143 4084
f 773 4084 774
f 787 790 791
f 787 791 788
f 783 792 793
f 783 793 784
f 794 31 33
f 794 33 795
f 796 797 31
f 796 31 794
f 798 799 797
f 798 797 796
f 800 34 36
f 800 36 801
f 35 802 803
f 35 803 36
f 797 799 804
f 797 804 805
f 31 797 805
f 31 805 806
f 32 31 806
f 32 806 807
f 801 36 799
f 801 799 798
f 804 799 36
f 804 36 803
f 808 809 4538
f 808 4538 39
f 810 808 39
f 810 39 811
f 812 810 811
f 812 811 813
f 814 815 42
f 814 42 41
f 43 42 816
f 43 816 817
f 811 818 819
f 811 819 813
f 39 820 818
f 39 818 811
f 38 821 820
f 38 820 39
f 815 812 813
f 815 813 42
f 819 816 42
f 819 42 813
f 828 829 3577
f 44 52 45
f 56 855 854
f 57 861 58
f 59 866 867
f 857 870 871
f 876 877 878
f 876 878 879
f 4497 882 883
f 4497 883 4498
f 882 884 885
f 882 885 883
f 4520 890 891
f 4520 891 4521
f 890 892 893
f 890 893 891
f 898 876 879
f 898 879 899
f 900 901 902
f 900 902 903
f 908 4085 4086
f 908 4086 909
f 4107 910 911
f 4107 911 4108
f 912 913 914
f 912 914 915
f 918 908 909
f 918 909 919
f 4111 912 915
f 4111 915 4112
f 901 4304 4305
f 901 4305 902
f 4307 4158 4159
f 4307 4159 4308
f 925 928 929
f 937 938 939
f 937 939 940
f 938 941 942
f 938 942 939
f 941 943 944
f 941 944 942
f 943 945 946
f 943 946 944
f 945 947 948
f 945 948 946
f 947 949 950
f 947 950 948
f 949 951 952
f 949 952 950
f 951 953 954
f 951 954 952
f 953 955 956
f 953 956 954
f 957 958 959
f 957 959 960
f 958 961 962
f 958 962 959
f 961 963 964
f 961 964 962
f 963 937 940
f 963 940 964
f 940 939 965
f 940 965 966
f 939 942 967
f 939 967 965
f 942 944 968
f 942 968 967
f 944 946 969
f 944 969 968
f 946 948 970
f 946 970 969
f 948 950 971
f 948 971 970
f 950 952 972
f 950 972 971
f 952 954 973
f 952 973 972
f 954 956 974
f 954 974 973
f 960 959 975
f 960 975 976
f 959 962 977
f 959 977 975
f 962 964 978
f 962 978 977
f 964 940 966
f 964 966 978
f 966 965 979
f 966 979 980
f 965 967 981
f 965 981 979
f 967 968 982
f 967 982 981
f 968 969 983
f 968 983 982
f 969 970 984
f 969 984 983
f 970 971 985
f 970 985 984
f 971 972 986
f 971 986 985
f 972 973 987
f 972 987 986
f 973 974 988
f 973 988 987
f 976 975 989
f 976 989 990
f 975 977 991
f 975 991 989
f 977 978 992
f 977 992 991
f 978 966 980
f 978 980 992
f 980 979 993
f 980 993 994
f 979 981 995
f 979 995 993
f 981 982 996
f 981 996 995
f 982 983 997
f 982 997 996
f 983 984 998
f 983 998 997
f 984 985 999
f 984 999 998
f 985 986 1000
f 985 1000 999
f 986 987 1001
f 986 1001 1000
f 987 988 1002
f 987 1002 1001
f 990 989 1003
f 990 1003 1004
f 989 991 1005
f 989 1005 1003
f 991 992 1006
f 991 1006 1005
f 992 980 994
f 992 994 1006
f 994 993 1007
f 994 1007 1008
f 993 995 1009
f 993 1009 1007
f 995 996 1010
f 995 1010 1009
f 996 997 1011
f 996 1011 1010
f 997 998 1012
f 997 1012 1011
f 998 999 1013
f 998 1013 1012
f 999 1000 1014
f 999 1014 1013
f 1000 1001 1015
f 1000 1015 1014
f 1001 1002 1016
f 1001 1016 1015
f 1004 1003 1017
f 1004 1017 1018
f 1003 1005 1019
f 1003 1019 1017
f 1005 1006 1020
f 1005 1020 1019
f 1006 994 1008
f 1006 1008 1020
f 4271 4268 4327
f 4271 4327 4325
f 4271 4325 4321
f 4271 4321 4276
f 4276 4321 4319
f 4276 4319 4281
f 4281 4319 4315
f 4281 4315 4285
f 4285 4315 4313
f 4285 4313 4288
f 4288 4313 1021
f 4288 1021 1022
f 1022 1021 4314
f 1022 4314 4289
f 4289 4314 4317
f 4289 4317 4286
f 4286 4317 4320
f 4286 4320 4282
f 4282 4320 4322
f 4282 4322 4277
f 4277 4322 4326
f 4277 4326 4272
f 4272 4326 4328
f 4272 4328 4269
f 65 68 70
f 65 70 66
f 71 62 64
f 71 64 72
f 68 74 76
f 68 76 69
f 77 71 73
f 77 73 78
f 74 1023 4312
f 74 4312 75
f 1024 77 79
f 1024 79 4290
f 1023 80 82
f 1023 82 4312
f 83 1024 4290
f 83 4290 84
f 80 86 88
f 80 88 81
f 89 83 85
f 89 85 90
f 86 92 94
f 86 94 87
f 95 89 91
f 95 91 96
f 1025 1026 1027
f 1025 1027 1028
f 1026 1029 1030
f 1026 1030 1027
f 1029 1031 1032
f 1029 1032 1030
f 1031 1033 1034
f 1031 1034 1032
f 1035 1036 1037
f 1035 1037 1038
f 1036 1039 1040
f 1036 1040 1037
f 1039 1041 1042
f 1039 1042 1040
f 1041 1043 1044
f 1041 1044 1042
f 1043 1045 1046
f 1043 1046 1044
f 1045 1047 1048
f 1045 1048 1046
f 1047 1049 1050
f 1047 1050 1048
f 1049 1025 1028
f 1049 1028 1050
f 1051 1052 1053
f 1057 1058 1059
f 1057 1059 1060
f 1061 1062 1058
f 1061 1058 1057
f 1063 1064 1062
f 1063 1062 1061
f 1065 1066 1064
f 1065 1064 1063
f 1067 1068 1066
f 1067 1066 1065
f 1069 1070 1068
f 1069 1068 1067
f 1071 1072 1070
f 1071 1070 1069
f 1073 1074 1072
f 1073 1072 1071
f 1060 1059 1074
f 1060 1074 1073
f 4575 1058 1075
f 4575 1075 1076
f 1058 1062 1077
f 1058 1077 1075
f 1062 1064 104
f 1062 104 1077
f 1064 1066 105
f 1064 105 104
f 1066 1068 106
f 1066 106 105
f 1068 1070 1078
f 1068 1078 106
f 1070 1072 1079
f 1070 1079 1078
f 1072 4572 1080
f 1072 1080 1079
f 4572 4575 1076
f 4572 1076 1080
f 1078 1079 1075
f 1078 1075 1077
f 1079 1080 1076
f 1079 1076 1075
f 1077 104 106
f 1077 106 1078
f 1081 1082 1083
f 1081 1083 1084
f 1082 1085 1086
f 1082 1086 1083
f 1085 1087 1088
f 1085 1088 1086
f 4571 1089 1090
f 4571 1090 4567
f 1089 1091 1092
f 1089 1092 1090
f 4541 1093 1094
f 4541 1094 4542
f 1093 1095 1096
f 1093 1096 1094
f 1095 1097 1098
f 1095 1098 1096
f 1097 1099 1100
f 1097 1100 1098
f 1099 1101 1102
f 1099 1102 1100
f 1101 1103 1104
f 1101 1104 1102
f 1103 1105 1106
f 1103 1106 1104
f 1105 1081 1084
f 1105 1084 1106
f 4607 4601 1107
f 4607 1107 1108
f 4601 4587 1109
f 4601 1109 1107
f 4587 4568 1110
f 4587 1110 1109
f 4568 4552 1111
f 4568 1111 1110
f 4552 4543 1112
f 4552 1112 1111
f 4543 4527 1113
f 4543 1113 1112
f 4527 4516 1114
f 4527 1114 1113
f 4516 4531 1115
f 4516 1115 1114
f 4531 4539 1116
f 4531 1116 1115
f 4539 4555 1117
f 4539 1117 1116
f 4555 4584 1118
f 4555 1118 1117
f 4584 4599 1119
f 4584 1119 1118
f 4599 4607 1108
f 4599 1108 1119
f 4600 4594 4593
f 4600 4593 4598
f 4594 4586 4585
f 4594 4585 4593
f 4586 4565 4569
f 4586 4569 4585
f 4566 4558 4556
f 4566 4556 4570
f 4558 4548 4546
f 4558 4546 4556
f 4549 4532 4530
f 4549 4530 4547
f 4532 4529 4528
f 4532 4528 4530
f 4529 4537 4536
f 4529 4536 4528
f 4537 4545 4544
f 4537 4544 4536
f 4545 4559 4557
f 4545 4557 4544
f 4559 4579 4578
f 4559 4578 4557
f 4579 4592 4591
f 4579 4591 4578
f 4592 4600 4598
f 4592 4598 4591
f 1120 1121 1122
f 1120 1122 1123
f 1121 1124 1125
f 1121 1125 1122
f 1124 1126 1127
f 1124 1127 1125
f 1126 1128 1129
f 1126 1129 1127
f 1130 1131 1132
f 1130 1132 1133
f 4619 4620 1138
f 4619 1138 1139
f 1140 4635 4634
f 1140 4634 1141
f 1139 1138 1142
f 1139 1142 1143
f 1144 4631 4635
f 1144 4635 1140
f 1143 1142 1145
f 1143 1145 1146
f 1147 4623 4631
f 1147 4631 1144
f 1146 1145 1148
f 1146 1148 1149
f 1150 4608 4623
f 1150 4623 1147
f 1151 4597 4562
f 1151 4562 1152
f 1153 4573 4609
f 1153 4609 1154
f 1155 1156 1157
f 1155 1157 4574
f 1158 4306 1159
f 1158 1159 1160
f 1161 1162 1163
f 1161 1163 1164
f 1165 1166 1167
f 1165 1167 1168
f 1168 1167 1169
f 1168 1169 1170
f 1170 1169 1171
f 1170 1171 1172
f 1172 1171 1173
f 1172 1173 1174
f 1175 1176 1177
f 1175 1177 1178
f 3673 1183 1184
f 3673 1184 3674
f 1185 1186 3612
f 1185 3612 3613
f 1183 1187 1188
f 1183 1188 1184
f 1189 1185 3613
f 1189 3613 3618
f 1187 1190 1191
f 1187 1191 1188
f 1192 1189 3618
f 1192 3618 3651
f 1190 1193 1194
f 1190 1194 1191
f 1195 1192 3651
f 1195 3651 3739
f 1196 1197 3888
f 1196 3888 3784
f 1198 1199 3740
f 1198 3740 3862
f 1200 3863 1157
f 1200 1157 1156
f 1201 1202 1203
f 1201 1203 4306
f 1204 1205 1163
f 1204 1163 1162
f 1206 1207 1208
f 1206 1208 1209
f 1210 1211 1212
f 1210 1212 1213
f 1214 1215 1216
f 1214 1216 1217
f 1218 1219 1220
f 1218 1220 1221
f 1222 1223 1224
f 1222 1224 1225
f 1226 1227 1228
f 1226 1228 1229
f 1221 1220 1236
f 1221 1236 1237
f 1217 1216 1238
f 1217 1238 1239
f 1213 1212 1240
f 1213 1240 1241
f 1209 1208 1242
f 1209 1242 1243
f 1229 1228 1244
f 1229 1244 1245
f 1225 1224 1246
f 1225 1246 1247
f 1248 1249 1250
f 1248 1250 1251
f 1252 1253 1254
f 1252 1254 4522
f 1255 1256 1257
f 1255 1257 1258
f 1259 1260 1261
f 1259 1261 1262
f 1263 1264 1265
f 1263 1265 1266
f 1267 1268 4540
f 1267 4540 1269
f 1262 1261 1276
f 1262 1276 1277
f 1258 1257 1278
f 1258 1278 1279
f 4522 1254 1280
f 4522 1280 1281
f 1251 1250 1282
f 1251 1282 1283
f 1269 4540 1284
f 1269 1284 1285
f 1266 1265 1286
f 1266 1286 1287
f 1288 1289 1290
f 1288 1290 1291
f 1292 1293 1288
f 1292 1288 1291
f 1294 1295 1296
f 1294 1296 1297
f 1298 1294 1297
f 1298 1297 1299
f 1300 1301 1302
f 1300 1302 1303
f 1304 1300 1303
f 1304 1303 1305
f 4044 4025 1306
f 4044 1306 1307
f 1308 4039 4044
f 1308 4044 1307
f 3915 3883 1309
f 3915 1309 1310
f 1311 3937 3915
f 1311 3915 1310
f 4000 3968 1312
f 4000 1312 1313
f 4028 4000 1313
f 4028 1313 1314
f 4050 4035 1315
f 4050 1315 1316
f 4046 4050 1316
f 4046 1316 1317
f 3908 3864 1318
f 3908 1318 1319
f 3928 3908 1319
f 3928 1319 1320
f 1313 3970 1321
f 1313 1321 1322
f 1314 1313 1322
f 1314 1322 1323
f 1324 4047 4048
f 1324 4048 1325
f 4048 4034 1326
f 4048 1326 1325
f 1319 1318 1327
f 1319 1327 1328
f 1329 3923 1319
f 1329 1319 1328
f 3999 3964 1330
f 3999 1330 1331
f 4037 3999 1331
f 4037 1331 1332
f 4036 4017 1333
f 4036 1333 1334
f 1335 4030 4036
f 1335 4036 1334
f 3907 3873 1336
f 3907 1336 1337
f 1338 3927 3907
f 1338 3907 1337
f 3993 3958 1339
f 3993 1339 1340
f 4012 3993 1340
f 4012 1340 1341
f 1344 4018 4027
f 1344 4027 4033
f 1345 3910 3892
f 1345 3892 1346
f 1347 3934 3910
f 1347 3910 1345
f 1348 3985 3960
f 1348 3960 1349
f 1350 4001 3985
f 1350 3985 1348
f 1301 1351 1352
f 1301 1352 1302
f 1349 3960 1353
f 1349 1353 1354
f 3958 1355 3935
f 3958 3935 1339
f 3964 1356 3924
f 3964 3924 1330
f 3970 1357 3921
f 3970 3921 1321
f 3968 3942 3930
f 3968 3930 1312
f 4007 1358 1359
f 4007 1359 4002
f 4006 4029 1360
f 4006 1360 1361
f 4029 4043 1362
f 4029 1362 1360
f 1363 1362 4043
f 1363 4043 4038
f 4038 4013 1364
f 4038 1364 1363
f 4013 4002 1359
f 4013 1359 1364
f 3944 1365 1366
f 3944 1366 3943
f 3945 3936 1367
f 3945 1367 1368
f 3936 3925 1369
f 3936 1369 1367
f 3925 3922 1370
f 3925 1370 1369
f 1371 1370 3922
f 1371 3922 3931
f 3931 3943 1366
f 3931 1366 1371
f 1372 1373 1374
f 1372 1374 1375
f 1376 1377 1378
f 1376 1378 1379
f 1377 1380 1381
f 1377 1381 1378
f 1380 1382 1383
f 1380 1383 1381
f 1382 1384 1385
f 1382 1385 1383
f 1384 1386 1387
f 1384 1387 1385
f 1386 1388 1389
f 1386 1389 1387
f 1388 1390 1391
f 1388 1391 1389
f 1390 1392 1393
f 1390 1393 1391
f 1392 1394 1395
f 1392 1395 1393
f 1394 1396 1397
f 1394 1397 1395
f 1396 1372 1375
f 1396 1375 1397
f 1398 1399 1400
f 1398 1400 1401
f 1402 1398 1401
f 1402 1401 1403
f 1404 1402 1403
f 1404 1403 1405
f 1406 1404 1405
f 1406 1405 1407
f 1408 1406 1407
f 1408 1407 1409
f 1410 1408 1409
f 1410 1409 1411
f 1412 1410 1411
f 1412 1411 1413
f 1414 1412 1413
f 1414 1413 1415
f 1416 1417 1418
f 1416 1418 1419
f 1420 1416 1419
f 1420 1419 1421
f 1422 1420 1421
f 1422 1421 1423
f 1399 1422 1423
f 1399 1423 1400
f 1424 1425 1426
f 1424 1426 1427
f 1428 1424 1427
f 1428 1427 1429
f 1430 1428 1429
f 1430 1429 1431
f 1432 1430 1431
f 1432 1431 1433
f 1434 1432 1433
f 1434 1433 1435
f 1436 1434 1435
f 1436 1435 1437
f 1438 1436 1437
f 1438 1437 1439
f 1440 1438 1439
f 1440 1439 1441
f 1442 1443 1444
f 1442 1444 1445
f 1446 1442 1445
f 1446 1445 1447
f 1448 1446 1447
f 1448 1447 1449
f 1425 1448 1449
f 1425 1449 1426
f 1450 1451 3886
f 1450 3886 3865
f 1452 1453 3866
f 1452 3866 3851
f 1454 1452 3851
f 1454 3851 3841
f 1455 1454 3841
f 1455 3841 3836
f 1456 1455 3836
f 1456 3836 3844
f 1457 1456 3844
f 1457 3844 3856
f 1458 1457 3856
f 1458 3856 3876
f 1459 1458 3876
f 1459 3876 3893
f 1460 1459 3893
f 1460 3893 3909
f 1461 1460 3909
f 1461 3909 3911
f 1462 1461 3911
f 1462 3911 3902
f 1451 1462 3902
f 1451 3902 3886
f 1463 1464 4019
f 1463 4019 4010
f 1465 1463 4010
f 1465 4010 3997
f 1466 1465 3997
f 1466 3997 3982
f 1467 1466 3982
f 1467 3982 3971
f 1468 1467 3971
f 1468 3971 3962
f 1469 1468 3962
f 1469 3962 3967
f 1470 1469 3967
f 1470 3967 3978
f 1471 1470 3978
f 1471 3978 3990
f 1472 1473 3991
f 1472 3991 4003
f 1474 1472 4003
f 1474 4003 4015
f 1475 1474 4015
f 1475 4015 4021
f 1464 1475 4021
f 1464 4021 4019
f 4045 4032 1476
f 4045 1476 1477
f 4031 4014 1478
f 4031 1478 1479
f 4014 4005 1480
f 4014 1480 1478
f 4005 4004 1481
f 4005 1481 1480
f 4004 4008 1482
f 4004 1482 1481
f 4008 4020 1483
f 4008 1483 1482
f 4020 4040 1484
f 4020 1484 1483
f 4040 4051 1485
f 4040 1485 1484
f 4051 4053 1486
f 4051 1486 1485
f 4053 4054 1487
f 4053 1487 1486
f 4054 4052 1488
f 4054 1488 1487
f 4052 4045 1477
f 4052 1477 1488
f 1492 1496 1489
f 1497 1498 1496
f 1501 1503 1504
f 4267 1509 1510
f 4267 1510 4229
f 4595 4629 1525
f 4560 1541 1542
f 4560 1542 4561
f 1555 1556 4641
f 1555 4641 4663
f 4658 1575 1576
f 1581 1583 1584
f 1593 1594 4627
f 1593 4627 4554
f 1597 1598 3614
f 1597 3614 3598
f 3987 3983 1599
f 3987 1599 1600
f 1601 1602 3650
f 1601 3650 3615
f 1603 1604 3604
f 1603 3604 3635
f 1605 1606 3938
f 1605 3938 3974
f 3950 1607 1608
f 3950 1608 3984
f 1609 1597 3598
f 1609 3598 3605
f 3975 3987 1600
f 3975 1600 1610
f 138 136 1611
f 138 1611 1612
f 1613 1603 3635
f 1613 3635 3766
f 3650 1602 1614
f 3650 1614 3776
f 139 1612 1611
f 139 1611 140
f 3776 1614 1607
f 3776 1607 3950
f 3938 1606 1613
f 3938 1613 3766
f 1615 1616 3606
f 1615 3606 3610
f 3965 3986 1617
f 3965 1617 1618
f 1619 1620 3639
f 1619 3639 3616
f 1621 1622 3611
f 1621 3611 3630
f 3986 3988 1623
f 3986 1623 1617
f 3606 1616 1624
f 3606 1624 3617
f 1625 1626 147
f 1625 147 148
f 1627 1621 3630
f 1627 3630 3743
f 3639 1620 1628
f 3639 1628 3756
f 1629 1630 3901
f 1629 3901 3966
f 3933 1631 1632
f 3933 1632 3989
f 1630 1627 3743
f 1630 3743 3901
f 3756 1628 1631
f 3756 1631 3933
f 153 150 1626
f 153 1626 1625
f 3948 3955 1635
f 3948 1635 1636
f 1637 1638 3619
f 1637 3619 3608
f 1639 1640 3609
f 1639 3609 3622
f 1641 1642 3884
f 1641 3884 3917
f 3919 1643 1644
f 3919 1644 3956
f 1645 3595 3597
f 1645 3597 3609
f 3918 3948 1636
f 3918 1636 1646
f 1647 1639 3622
f 1647 3622 1648
f 3619 1638 1649
f 3619 1649 1650
f 158 156 3751
f 158 3751 3757
f 159 3757 3751
f 159 3751 160
f 1650 1649 1643
f 1650 1643 3919
f 3884 1642 1647
f 3884 1647 1648
f 166 165 1651
f 166 1651 1652
f 165 168 1653
f 165 1653 1651
f 168 169 1654
f 168 1654 1653
f 169 170 1655
f 169 1655 1654
f 170 171 1656
f 170 1656 1655
f 171 166 1652
f 171 1652 3828
f 1652 1651 1657
f 1652 1657 1658
f 1651 1653 1659
f 1651 1659 3835
f 1653 1654 1660
f 1653 1660 3822
f 1654 1655 1661
f 1654 1661 3809
f 1655 1656 1662
f 1655 1662 3811
f 3828 1652 3838
f 3828 3838 3829
f 1658 1657 1663
f 1658 1663 1664
f 3835 1659 1665
f 3835 1665 1663
f 3822 1660 1666
f 3822 1666 3823
f 3809 1661 1667
f 3809 1667 1666
f 3811 1662 1668
f 3811 1668 1667
f 3829 3838 1664
f 3829 1664 1668
f 1664 1663 173
f 1664 173 172
f 1663 1665 175
f 1663 175 173
f 3823 1666 176
f 3823 176 175
f 1666 1667 177
f 1666 177 176
f 1667 1668 178
f 1667 178 177
f 1668 1664 172
f 1668 172 178
f 180 179 1669
f 180 1669 1670
f 179 182 1671
f 179 1671 1669
f 182 183 1672
f 182 1672 1671
f 183 184 1673
f 183 1673 1672
f 184 185 1674
f 184 1674 1673
f 185 180 1670
f 185 1670 3790
f 1670 1669 1675
f 1670 1675 1676
f 1669 1671 1677
f 1669 1677 3802
f 1671 1672 1678
f 1671 1678 3800
f 1672 1673 1679
f 1672 1679 3789
f 1673 1674 1680
f 1673 1680 3780
f 3790 1670 3797
f 3790 3797 3786
f 1676 1675 1681
f 1676 1681 1682
f 3802 1677 1683
f 3802 1683 1681
f 3800 1678 1684
f 3800 1684 3796
f 3789 1679 1685
f 3789 1685 1684
f 3780 1680 1686
f 3780 1686 1685
f 3786 3797 1682
f 3786 1682 1686
f 1682 1681 187
f 1682 187 186
f 1681 1683 189
f 1681 189 187
f 3796 1684 190
f 3796 190 189
f 1684 1685 191
f 1684 191 190
f 1685 1686 192
f 1685 192 191
f 1686 1682 186
f 1686 186 192
f 1687 1688 1689
f 1687 1689 1690
f 1688 1691 1692
f 1688 1692 1689
f 1691 1693 1694
f 1691 1694 1692
f 1693 1695 1696
f 1693 1696 1694
f 1695 1697 1698
f 1695 1698 1696
f 1697 1699 1700
f 1697 1700 1698
f 1699 1701 1702
f 1699 1702 1700
f 1701 1703 1704
f 1701 1704 1702
f 1703 1705 1706
f 1703 1706 1704
f 1705 1687 1690
f 1705 1690 1706
f 3742 3758 3846
f 3858 3848 3759
f 3788 3848 3824
f 1707 1708 1709
f 1707 1709 1710
f 1708 1711 1712
f 1708 1712 1709
f 1711 1713 1714
f 1711 1714 1712
f 1713 1715 1716
f 1713 1716 1714
f 1715 1717 1718
f 1715 1718 1716
f 1717 1719 1720
f 1717 1720 1718
f 1721 1722 1723
f 1721 1723 1724
f 1722 1707 1710
f 1722 1710 1723
f 1743 1744 1745
f 1744 193 195
f 1744 195 1745
f 194 196 198
f 194 198 195
f 197 1746 1747
f 197 1747 198
f 200 1743 1745
f 200 1745 201
f 1718 1720 3700
f 1718 3700 3687
f 1716 1718 3687
f 1716 3687 3689
f 1714 1716 3689
f 1714 3689 3709
f 1712 1714 3709
f 1712 3709 3727
f 1709 1712 3727
f 1709 3727 3732
f 1710 1709 3732
f 1710 3732 3731
f 1723 1710 3731
f 1723 3731 3724
f 1724 1723 3724
f 1724 3724 3701
f 1748 1749 1750
f 1748 1750 1751
f 3833 3840 1752
f 3833 1752 1753
f 3889 3882 1754
f 3889 1754 1755
f 1756 1757 1758
f 1756 1758 1759
f 1762 3951 1763
f 1762 1763 1764
f 1765 1766 1767
f 1765 1767 3874
f 3914 3857 3875
f 3914 3875 3952
f 3882 1768 1769
f 3882 1769 1754
f 1750 1749 1770
f 1750 1770 1771
f 1752 3840 3849
f 1752 3849 3895
f 1768 1762 1764
f 1768 1764 1769
f 1771 1770 1766
f 1771 1766 1765
f 3895 3849 3857
f 3895 3857 3914
f 1812 1813 1814
f 1812 1814 1815
f 1813 1816 1817
f 1813 1817 1814
f 1816 1818 1819
f 1816 1819 1817
f 1818 1820 1821
f 1818 1821 1819
f 1820 1822 1823
f 1820 1823 1821
f 1822 1824 1825
f 1822 1825 1823
f 1824 1826 1827
f 1824 1827 1825
f 1826 1828 1829
f 1826 1829 1827
f 1828 1830 1831
f 1828 1831 1829
f 1830 1812 1815
f 1830 1815 1831
f 3998 4016 3981
f 3843 1847 3859
f 3963 1857 3947
f 1868 1869 1870
f 3680 3697 3686
f 1882 1883 1884
f 1882 1884 1885
f 1883 1886 1887
f 1883 1887 1884
f 1886 1888 1889
f 1886 1889 1887
f 1888 1890 1891
f 1888 1891 1889
f 1890 1892 1893
f 1890 1893 1891
f 1892 1894 1895
f 1892 1895 1893
f 1894 1896 1897
f 1894 1897 1895
f 1896 1898 1899
f 1896 1899 1897
f 1898 1900 1901
f 1898 1901 1899
f 1900 1882 1885
f 1900 1885 1901
f 1908 1909 1910
f 3725 1916 1917
f 1932 1933 1934
f 1932 1934 1935
f 3637 3631 1936
f 3637 1936 1937
f 3703 3676 1938
f 3703 1938 1939
f 1946 3716 1947
f 1946 1947 1948
f 1949 1950 1951
f 1949 1951 3653
f 3690 3636 3654
f 3690 3654 3717
f 3676 1952 1953
f 3676 1953 1938
f 1934 1933 1954
f 1934 1954 1955
f 1936 3631 3628
f 1936 3628 3675
f 1952 1946 1948
f 1952 1948 1953
f 1955 1954 1950
f 1955 1950 1949
f 3675 3628 3636
f 3675 3636 3690
f 1956 1957 1958
f 1956 1958 1959
f 1957 1960 1961
f 1957 1961 1958
f 1960 1962 1963
f 1960 1963 1961
f 1962 1964 1965
f 1962 1965 1963
f 1964 1966 1967
f 1964 1967 1965
f 1966 1968 1969
f 1966 1969 1967
f 1968 1970 1971
f 1968 1971 1969
f 1970 1972 1973
f 1970 1973 1971
f 1972 1974 1975
f 1972 1975 1973
f 1976 1956 1959
f 1976 1959 1977
f 1981 1983 1978
f 1998 1999 2000
f 1998 2000 2001
f 1999 2002 2003
f 1999 2003 2000
f 2002 2004 2005
f 2002 2005 2003
f 2004 2006 2007
f 2004 2007 2005
f 2006 2008 2009
f 2006 2009 2007
f 2008 2010 2011
f 2008 2011 2009
f 2010 2012 2013
f 2010 2013 2011
f 2012 2014 2015
f 2012 2015 2013
f 2014 2016 2017
f 2014 2017 2015
f 2016 2018 2019
f 2016 2019 2017
f 2020 2021 2022
f 2020 2022 2023
f 2021 2024 2025
f 2021 2025 2022
f 2024 2026 2027
f 2024 2027 2025
f 2026 2028 2029
f 2026 2029 2027
f 2028 2030 2031
f 2028 2031 2029
f 2030 2032 2033
f 2030 2033 2031
f 2032 2034 2035
f 2032 2035 2033
f 2034 2036 2037
f 2034 2037 2035
f 2036 2038 2039
f 2036 2039 2037
f 2038 2020 2023
f 2038 2023 2039
f 2021 2020 2040
f 2021 2040 2041
f 2024 2021 2041
f 2024 2041 2042
f 2026 2024 2042
f 2026 2042 2043
f 2028 2026 2043
f 2028 2043 2044
f 2030 2028 2044
f 2030 2044 2045
f 2032 2030 2045
f 2032 2045 2046
f 2034 2032 2046
f 2034 2046 2047
f 2036 2034 2047
f 2036 2047 2048
f 2038 2036 2048
f 2038 2048 2049
f 2020 2038 2049
f 2020 2049 2040
f 2041 2040 2050
f 2041 2050 2051
f 2042 2041 2051
f 2042 2051 2052
f 2043 2042 2052
f 2043 2052 2053
f 2044 2043 2053
f 2044 2053 2054
f 2045 2044 2054
f 2045 2054 2055
f 2046 2045 2055
f 2046 2055 2056
f 2047 2046 2056
f 2047 2056 2057
f 2048 2047 2057
f 2048 2057 2058
f 2049 2048 2058
f 2049 2058 2059
f 2040 2049 2059
f 2040 2059 2050
f 2060 2061 2062
f 4642 2064 2065
f 4642 2065 4646
f 4644 2066 2067
f 4644 2067 4655
f 4640 2070 2071
f 4640 2071 4645
f 4639 2072 2073
f 4639 2073 4638
f 2080 2082 2083
f 2086 2087 2088
f 2086 2088 2089
f 2087 2090 2091
f 2087 2091 2088
f 2090 2092 2093
f 2090 2093 2091
f 2092 2094 2095
f 2092 2095 2093
f 2094 2096 2097
f 2094 2097 2095
f 2096 2098 2099
f 2096 2099 2097
f 2098 2100 2101
f 2098 2101 2099
f 2100 2102 2103
f 2100 2103 2101
f 2102 2104 2105
f 2102 2105 2103
f 2106 2086 2089
f 2106 2089 2107
f 2118 2119 2120
f 2124 2123 2125
f 2128 2129 2130
f 2128 2130 2131
f 2129 2132 2133
f 2129 2133 2130
f 2132 2134 2135
f 2132 2135 2133
f 2134 2136 2137
f 2134 2137 2135
f 2136 2138 2139
f 2136 2139 2137
f 2138 2140 2141
f 2138 2141 2139
f 2140 2142 2143
f 2140 2143 2141
f 2142 2144 2145
f 2142 2145 2143
f 2144 2146 2147
f 2144 2147 2145
f 2146 2148 2149
f 2146 2149 2147
f 2150 2151 2152
f 2150 2152 2153
f 2151 2154 2155
f 2151 2155 2152
f 2154 2156 2157
f 2154 2157 2155
f 2156 2158 2159
f 2156 2159 2157
f 2158 2160 2161
f 2158 2161 2159
f 2160 2162 2163
f 2160 2163 2161
f 2162 2164 2165
f 2162 2165 2163
f 2164 2166 2167
f 2164 2167 2165
f 2166 2168 2169
f 2166 2169 2167
f 2168 2150 2153
f 2168 2153 2169
f 2151 2150 2170
f 2151 2170 2171
f 2154 2151 2171
f 2154 2171 2172
f 2156 2154 2172
f 2156 2172 2173
f 2158 2156 2173
f 2158 2173 2174
f 2160 2158 2174
f 2160 2174 2175
f 2162 2160 2175
f 2162 2175 2176
f 2164 2162 2176
f 2164 2176 2177
f 2166 2164 2177
f 2166 2177 2178
f 2168 2166 2178
f 2168 2178 2179
f 2150 2168 2179
f 2150 2179 2170
f 2171 2170 2180
f 2171 2180 2181
f 2172 2171 2181
f 2172 2181 2182
f 2173 2172 2182
f 2173 2182 2183
f 2174 2173 2183
f 2174 2183 2184
f 2175 2174 2184
f 2175 2184 2185
f 2176 2175 2185
f 2176 2185 2186
f 2177 2176 2186
f 2177 2186 2187
f 2178 2177 2187
f 2178 2187 2188
f 2179 2178 2188
f 2179 2188 2189
f 2170 2179 2189
f 2170 2189 2180
f 3693 2194 2195
f 3693 2195 3694
f 3696 2196 2197
f 3696 2197 3708
f 3684 2200 2201
f 3684 2201 3634
f 3681 2202 2203
f 3681 2203 3627
f 2208 2209 2207
f 2210 2211 2212
f 2210 2212 2213
f 2210 2214 2215
f 2216 2217 2218
f 2216 2218 2219
f 2220 2221 2222
f 2220 2222 2223
f 2221 2224 2225
f 2221 2225 2222
f 2224 2226 2227
f 2224 2227 2225
f 2226 2228 2229
f 2226 2229 2227
f 2228 2216 2219
f 2228 2219 2229
f 2230 2231 2232
f 2230 2232 2233
f 2234 2230 2233
f 2234 2233 2235
f 2236 2234 2235
f 2236 2235 2237
f 2238 2236 2237
f 2238 2237 2239
f 2240 2241 2242
f 2240 2242 2243
f 2231 2240 2243
f 2231 2243 2232
f 2244 3665 3623
f 2233 2232 2251
f 2233 2251 2252
f 2235 2233 2252
f 2235 2252 2253
f 2237 2235 2253
f 2237 2253 2254
f 2239 2237 2254
f 2239 2254 2255
f 2256 2257 2258
f 2256 2258 2259
f 2242 2256 2259
f 2242 2259 2260
f 2243 2242 2260
f 2243 2260 2261
f 2232 2243 2261
f 2232 2261 2251
f 2268 2269 2270
f 2268 2270 2271
f 2272 2273 2274
f 2272 2274 2275
f 2275 2274 2276
f 2275 2276 2277
f 2277 2276 2278
f 2277 2278 2279
f 2279 2278 2280
f 2279 2280 2281
f 2281 2280 2269
f 2281 2269 2268
f 2282 2283 2284
f 2282 2284 2285
f 2286 2287 2283
f 2286 2283 2282
f 2288 2289 2287
f 2288 2287 2286
f 2290 2291 2289
f 2290 2289 2288
f 2292 2293 2294
f 2292 2294 2295
f 2296 2297 2293
f 2296 2293 2292
f 2298 2299 2297
f 2298 2297 2296
f 2285 2284 2299
f 2285 2299 2298
f 2300 4624 4621
f 2302 2303 4624
f 2302 4624 2300
f 2304 2305 2303
f 2304 2303 2302
f 2306 4647 4668
f 2306 4668 2307
f 2283 2311 2312
f 2283 2312 2284
f 2287 2313 2311
f 2287 2311 2283
f 2289 2314 2313
f 2289 2313 2287
f 2291 2315 2314
f 2291 2314 2289
f 2293 2316 2317
f 2293 2317 2294
f 2297 2318 2316
f 2297 2316 2293
f 2299 2319 2318
f 2299 2318 2297
f 2284 2312 2319
f 2284 2319 2299
f 2320 4666 4664
f 2320 4664 2321
f 2322 4664 4665
f 2322 4665 2323
f 2324 2328 2329
f 2324 2329 2325
f 2336 2337 2338
f 2336 2338 2339
f 2337 2340 2341
f 2337 2341 2338
f 2340 2342 2343
f 2340 2343 2341
f 2344 2345 2346
f 2344 2346 2347
f 2345 2348 2349
f 2345 2349 2346
f 2348 2350 2351
f 2348 2351 2349
f 2350 2352 2353
f 2350 2353 2351
f 2352 2336 2339
f 2352 2339 2353
f 2354 2355 2356
f 2354 2356 2357
f 2358 2354 2357
f 2358 2357 2359
f 2360 2358 2359
f 2360 2359 2361
f 2362 2360 2361
f 2362 2361 2363
f 2364 2365 2366
f 2364 2366 2367
f 2368 2364 2367
f 2368 2367 2369
f 2370 2368 2369
f 2370 2369 2371
f 2355 2370 2371
f 2355 2371 2356
f 2372 3667 3625
f 2374 2372 3625
f 2374 3625 3582
f 2375 2374 3582
f 2375 3582 3579
f 2378 3584 3626
f 2357 2356 2381
f 2357 2381 2382
f 2359 2357 2382
f 2359 2382 2383
f 2361 2359 2383
f 2361 2383 2384
f 2363 2361 2384
f 2363 2384 2385
f 2367 2366 2386
f 2367 2386 2387
f 2369 2367 2387
f 2369 2387 2388
f 2371 2369 2388
f 2371 2388 2389
f 2356 2371 2389
f 2356 2389 2381
f 2394 2391 2395
f 2396 2397 2398
f 2396 2398 2399
f 2404 2405 2406
f 2404 2406 2407
f 2406 2405 2410
f 2406 2410 2411
f 2398 2397 3713
f 2398 3713 3714
f 2399 2398 2412
f 2399 2412 2413
f 2398 3714 2414
f 2398 2414 2412
f 2407 2406 2415
f 2407 2415 3699
f 2406 2411 2416
f 2406 2416 2415
f 2397 2396 2417
f 2397 2417 2418
f 2410 2405 2419
f 2410 2419 2420
f 2405 2404 2421
f 2405 2421 2419
f 3713 2397 2418
f 3713 2418 3698
f 2422 2423 2424
f 2422 2424 2425
f 2428 2429 2430
f 2428 2430 2431
f 2434 2435 2436
f 2434 2436 2437
f 2436 2435 2440
f 2436 2440 2441
f 2430 2429 3660
f 2430 3660 3659
f 2424 2423 3661
f 2424 3661 3662
f 2425 2424 2442
f 2425 2442 2443
f 2429 2428 2444
f 2429 2444 2445
f 2424 3662 2446
f 2424 2446 2442
f 2437 2436 2447
f 2437 2447 3648
f 2436 2441 2448
f 2436 2448 2447
f 3660 2429 2445
f 3660 2445 3646
f 2423 2422 2449
f 2423 2449 2450
f 2431 2430 2451
f 2431 2451 2452
f 2430 3659 2453
f 2430 2453 2451
f 2440 2435 2454
f 2440 2454 3645
f 2435 2434 2455
f 2435 2455 2454
f 3661 2423 2450
f 3661 2450 3647
f 2456 2457 2458
f 2456 2458 2459
f 2460 2456 2459
f 2460 2459 2461
f 2462 2463 2458
f 2462 2458 2457
f 2460 2461 2464
f 2460 2464 2465
f 2466 2467 2468
f 2466 2468 2469
f 2474 2475 2476
f 2474 2476 2477
f 2471 256 254
f 2476 2480 2481
f 2476 2481 2477
f 2468 4615 4614
f 2468 4614 2469
f 2467 2482 2483
f 2467 2483 2468
f 2468 2483 2484
f 2468 2484 4615
f 2475 4617 2485
f 2475 2485 2476
f 2476 2485 2486
f 2476 2486 2480
f 2469 2487 2488
f 2469 2488 2466
f 2481 2489 2490
f 2481 2490 2477
f 2477 2490 2491
f 2477 2491 2474
f 4614 4616 2487
f 4614 2487 2469
f 2492 2493 2494
f 2492 2494 2495
f 2496 2497 2493
f 2496 2493 2492
f 2498 2495 2494
f 2498 2494 2499
f 2496 2500 2501
f 2496 2501 2497
f 2514 2515 2516
f 2514 2516 2517
f 2515 2520 2521
f 2515 2521 2516
f 2526 2527 2528
f 2526 2528 2529
f 2529 2528 2530
f 2529 2530 2531
f 2531 2530 2532
f 2531 2532 2533
f 2534 2535 2536
f 2534 2536 2537
f 2535 2538 2539
f 2535 2539 2536
f 2538 2540 2541
f 2538 2541 2539
f 2542 2543 2544
f 2542 2544 2545
f 2546 2547 2548
f 2546 2548 2549
f 2543 2550 2551
f 2543 2551 2544
f 2552 2546 2549
f 2552 2549 2553
f 2550 2554 2555
f 2550 2555 2551
f 2556 2552 2553
f 2556 2553 2557
f 3720 3878 2562
f 3720 2562 2563
f 2566 2567 2568
f 2566 2568 2569
f 3878 4077 4075
f 3878 4075 2562
f 2568 2567 2577
f 2568 2577 2578
f 2592 2593 2594
f 2592 2594 2595
f 2593 2598 2599
f 2593 2599 2594
f 2604 2605 2606
f 2604 2606 2607
f 2607 2606 2608
f 2607 2608 2609
f 2609 2608 2610
f 2609 2610 2611
f 2612 2613 2614
f 2612 2614 2615
f 2613 2616 2617
f 2613 2617 2614
f 2616 2618 2619
f 2616 2619 2617
f 2620 2621 2622
f 2620 2622 2623
f 2624 2625 2626
f 2624 2626 2627
f 2621 2628 2629
f 2621 2629 2622
f 2630 2624 2627
f 2630 2627 2631
f 2628 2632 2633
f 2628 2633 2629
f 2634 2630 2631
f 2634 2631 2635
f 277 2640 2641
f 279 2646 2647
f 2648 2649 2650
f 2648 2650 2651
f 2649 2654 2655
f 2649 2655 2650
f 2660 2661 2662
f 2660 2662 2663
f 2663 2662 2664
f 2663 2664 2665
f 2665 2664 2666
f 2665 2666 2667
f 2668 2669 2670
f 2668 2670 2671
f 2669 2672 2673
f 2669 2673 2670
f 2672 2674 2675
f 2672 2675 2673
f 2676 2677 2678
f 2676 2678 2679
f 2680 2681 2682
f 2680 2682 2683
f 2677 2684 2685
f 2677 2685 2678
f 2686 2680 2683
f 2686 2683 2687
f 2684 2688 2689
f 2684 2689 2685
f 2690 2686 2687
f 2690 2687 2691
f 4507 4564 2696
f 4507 2696 2697
f 2700 2701 2702
f 2700 2702 2703
f 4564 4612 4610
f 4564 4610 2696
f 2702 2701 2711
f 2702 2711 2712
f 283 2718 2719
f 285 2724 2725
f 2726 2727 2728
f 2726 2728 2729
f 2730 4589 4605
f 2730 4605 2731
f 2727 2732 2733
f 2727 2733 2728
f 2738 2739 2740
f 2738 2740 2741
f 2741 2740 2742
f 2741 2742 2743
f 2743 2742 2744
f 2743 2744 2745
f 2746 2747 2748
f 2746 2748 2749
f 2747 2750 2751
f 2747 2751 2748
f 2750 2752 2753
f 2750 2753 2751
f 2754 2755 2756
f 2754 2756 2757
f 2758 2759 2760
f 2758 2760 2761
f 2755 2762 2763
f 2755 2763 2756
f 2764 2758 2761
f 2764 2761 2765
f 2762 2766 2767
f 2762 2767 2763
f 2768 2764 2765
f 2768 2765 2769
f 2770 2771 2772
f 2770 2772 2773
f 2771 2774 2775
f 2771 2775 2772
f 2774 2776 2777
f 2774 2777 2775
f 2776 2778 2779
f 2776 2779 2777
f 2778 2780 2781
f 2778 2781 2779
f 2782 2783 2784
f 2782 2784 2785
f 2783 2786 2787
f 2783 2787 2784
f 2786 2788 2789
f 2786 2789 2787
f 2788 2790 2791
f 2788 2791 2789
f 2790 2770 2773
f 2790 2773 2791
f 2787 2789 2792
f 2787 2792 2793
f 2784 2787 2793
f 2784 2793 2794
f 2785 2784 2794
f 2785 2794 2795
f 2779 2781 2796
f 2779 2796 2797
f 2777 2779 2797
f 2777 2797 2798
f 2775 2777 2798
f 2775 2798 2799
f 2772 2775 2799
f 2772 2799 2800
f 2773 2772 2800
f 2773 2800 2801
f 2791 2773 2801
f 2791 2801 2802
f 2789 2791 2802
f 2789 2802 2792
f 2807 2808 2809
f 2807 2809 2810
f 2808 2811 2812
f 2808 2812 2809
f 2811 2813 2814
f 2811 2814 2812
f 2813 2815 2816
f 2813 2816 2814
f 2815 2817 2818
f 2815 2818 2816
f 2819 2820 2821
f 2819 2821 2822
f 2820 2823 2824
f 2820 2824 2821
f 2823 2825 2826
f 2823 2826 2824
f 2825 2827 2828
f 2825 2828 2826
f 2827 2807 2810
f 2827 2810 2828
f 2824 2826 2829
f 2824 2829 2830
f 2821 2824 2830
f 2821 2830 2831
f 2822 2821 2831
f 2822 2831 2832
f 2816 2818 2833
f 2816 2833 2834
f 2814 2816 2834
f 2814 2834 2835
f 2812 2814 2835
f 2812 2835 2836
f 2809 2812 2836
f 2809 2836 2837
f 2810 2809 2837
f 2810 2837 2838
f 2828 2810 2838
f 2828 2838 2839
f 2826 2828 2839
f 2826 2839 2829
f 4499 2851 4509
f 4499 4509 4511
f 2856 2858 2859
f 2874 2875 2876
f 2874 2876 2877
f 2875 2878 2879
f 2875 2879 2876
f 2878 2880 2881
f 2878 2881 2879
f 2880 2882 2883
f 2880 2883 2881
f 2882 2884 2885
f 2882 2885 2883
f 2884 2886 2887
f 2884 2887 2885
f 2886 2888 2889
f 2886 2889 2887
f 2888 2890 2891
f 2888 2891 2889
f 2890 2892 2893
f 2890 2893 2891
f 2892 2894 2895
f 2892 2895 2893
f 2896 2897 2898
f 2896 2898 2899
f 2897 2900 2901
f 2897 2901 2898
f 2900 2902 2903
f 2900 2903 2901
f 2902 2904 2905
f 2902 2905 2903
f 2904 2906 2907
f 2904 2907 2905
f 2906 2908 2909
f 2906 2909 2907
f 2908 2910 2911
f 2908 2911 2909
f 2910 2912 2913
f 2910 2913 2911
f 2912 2914 2915
f 2912 2915 2913
f 2914 2916 2917
f 2914 2917 2915
f 4343 4293 2918
f 4343 2918 2919
f 4293 4228 2920
f 4293 2920 2918
f 4228 4195 2921
f 4228 2921 2920
f 4195 4211 2922
f 4195 2922 2921
f 4212 4260 2923
f 4212 2923 4207
f 4260 4335 2924
f 4260 2924 2923
f 4335 4370 2925
f 4335 2925 2924
f 4370 4393 2926
f 4370 2926 2925
f 4393 4384 2927
f 4393 2927 2926
f 4384 4344 2928
f 4384 2928 2927
f 2929 2930 4413
f 2929 4413 4389
f 2931 2929 4389
f 2931 4389 4336
f 2932 2931 4336
f 2932 4336 4256
f 2933 2932 4256
f 2933 4256 4190
f 2934 2933 4190
f 2934 4190 4185
f 2935 2934 4185
f 2935 4185 4205
f 2936 2935 4205
f 2936 4205 4283
f 2937 2936 4283
f 2937 4283 4364
f 2938 2939 4365
f 2938 4365 4405
f 2930 2938 4405
f 2930 4405 4413
f 2889 2891 2930
f 2889 2930 2929
f 2887 2889 2929
f 2887 2929 2931
f 2885 2887 2931
f 2885 2931 2932
f 2883 2885 2932
f 2883 2932 2933
f 2881 2883 2933
f 2881 2933 2934
f 2879 2881 2934
f 2879 2934 2935
f 2876 2879 2935
f 2876 2935 2936
f 2877 2876 2936
f 2877 2936 2937
f 2893 2895 2939
f 2893 2939 2938
f 2891 2893 2938
f 2891 2938 2930
f 2940 2941 2942
f 2940 2942 2943
f 2948 2949 2950
f 2948 2950 2951
f 4391 2952 2953
f 4391 2953 4392
f 2954 2955 2956
f 2954 2956 2957
f 2943 2942 2958
f 2943 2958 2959
f 4392 2953 2960
f 4392 2960 4396
f 2949 2948 2961
f 2949 2961 2962
f 2957 2956 2963
f 2957 2963 2964
f 4514 2957 2964
f 4514 2964 4512
f 4513 2954 2957
f 4513 2957 4514
f 2953 2952 4442
f 2953 4442 4443
f 2960 2953 4443
f 2960 4443 4451
f 2967 2968 2969
f 2967 2969 2970
f 2971 4447 4441
f 2973 2974 4501
f 2972 2975 2976
f 2972 2976 4447
f 2970 2969 4454
f 2970 4454 2977
f 2977 4454 4455
f 2977 4455 2981
f 2983 2984 2985
f 2983 2985 2986
f 2987 2988 4252
f 2987 4252 4089
f 2989 2990 4090
f 2989 4090 4254
f 2986 2985 4367
f 2986 4367 2993
f 2994 2989 4254
f 2991 2996 2992
f 2993 4367 4444
f 2993 4444 2997
f 2999 3000 3001
f 2999 3001 3002
f 3007 3008 3009
f 3007 3009 3010
f 4113 3011 3012
f 4113 3012 4114
f 3013 3014 3015
f 3013 3015 3016
f 3002 3001 3017
f 3002 3017 3018
f 4114 3012 3019
f 4114 3019 4109
f 3008 3007 3020
f 3008 3020 3021
f 3016 3015 3022
f 3016 3022 3023
f 4066 3016 3023
f 4066 3023 4070
f 4065 3013 3016
f 4065 3016 4066
f 3012 3011 4129
f 3012 4129 4130
f 3019 3012 4130
f 3019 4130 4122
f 3026 3027 3028
f 3026 3028 3029
f 3032 3033 4057
f 3029 3028 4094
f 3029 4094 3036
f 3034 3038 3039
f 3034 3039 3035
f 3036 4094 4093
f 3036 4093 3040
f 3041 3037 4056
f 3041 4056 4055
f 3042 3043 3044
f 3042 3044 3045
f 3050 3051 3052
f 3050 3052 3053
f 4150 3054 3055
f 4150 3055 4151
f 3056 3057 3058
f 3056 3058 3059
f 3045 3044 3060
f 3045 3060 3061
f 4151 3055 3062
f 4151 3062 4145
f 3051 3050 3063
f 3051 3063 3064
f 3059 3058 3065
f 3059 3065 3066
f 4042 3059 3066
f 4042 3066 4049
f 4041 3056 3059
f 4041 3059 4042
f 3055 3054 4080
f 3055 4080 4081
f 3062 3055 4081
f 3062 4081 4082
f 3069 3070 3071
f 3069 3071 3072
f 3072 3071 4187
f 3072 4187 3079
f 3080 3075 4316
f 3079 4187 4092
f 3079 4092 3083
f 3085 3086 3087
f 3085 3087 3088
f 3093 3094 3095
f 3093 3095 3096
f 4484 3097 3098
f 4484 3098 4485
f 3099 3100 3101
f 3099 3101 3102
f 3088 3087 3103
f 3088 3103 3104
f 4485 3098 3105
f 4485 3105 4487
f 3094 3093 3106
f 3094 3106 3107
f 3102 3101 3108
f 3102 3108 3109
f 4490 3102 3109
f 4490 3109 4488
f 4489 3099 3102
f 4489 3102 4490
f 3098 3097 4394
f 3098 4394 4395
f 3105 3098 4395
f 3105 4395 4400
f 3112 3113 3114
f 3112 3114 3115
f 3113 3116 3117
f 3113 3117 3114
f 3115 3114 3118
f 3115 3118 3119
f 3114 3117 3120
f 3114 3120 3118
f 3121 3122 3123
f 3121 3123 3124
f 3122 3125 3126
f 3122 3126 3123
f 3127 3128 3129
f 3127 3129 3130
f 3128 3131 3132
f 3128 3132 3129
f 3131 3133 3134
f 3131 3134 3132
f 3133 3135 3136
f 3133 3136 3134
f 3135 3137 3138
f 3135 3138 3136
f 3137 3139 3140
f 3137 3140 3138
f 3139 3141 3142
f 3139 3142 3140
f 3141 3143 3144
f 3141 3144 3142
f 3143 3145 3146
f 3143 3146 3144
f 3145 3121 3124
f 3145 3124 3146
f 3140 3142 3147
f 3140 3147 3148
f 3138 3140 3738
f 3138 3738 3149
f 3136 3138 3702
f 3136 3702 3150
f 3134 3136 3150
f 3134 3150 3151
f 3132 3134 3655
f 3132 3655 3152
f 3129 3132 3152
f 3129 3152 3153
f 3130 3129 3733
f 3130 3733 3154
f 3123 3126 3155
f 3123 3155 3156
f 3124 3123 3156
f 3124 3156 3157
f 3146 3124 3157
f 3146 3157 3158
f 3144 3146 3871
f 3144 3871 3159
f 3142 3144 3159
f 3142 3159 3147
f 3161 3170 3171
f 3774 3176 3177
f 3182 3183 3184
f 3182 3184 3185
f 3186 3187 3188
f 3186 3188 3189
f 3190 3192 3193
f 3953 3929 3775
f 3200 3201 3202
f 3200 3202 3203
f 3204 3205 3206
f 3204 3206 3207
f 3208 3209 3210
f 3208 3210 3211
f 3976 3212 3213
f 3976 3213 3957
f 3994 3214 3215
f 3994 3215 3977
f 3992 3216 3217
f 3992 3217 3973
f 3969 3218 3219
f 3969 3219 3954
f 3220 3949 3941
f 3220 3941 3221
f 3222 3224 3225
f 3228 3230 3231
f 3248 3249 3250
f 3262 3263 3820
f 3262 3820 3817
f 3264 3265 3770
f 3264 3770 3773
f 3266 3267 3818
f 3266 3818 3804
f 3268 3269 3761
f 3268 3761 3771
f 3270 3266 3804
f 3270 3804 3792
f 3269 3271 3745
f 3269 3745 3761
f 3272 3270 3792
f 3272 3792 3794
f 3271 3273 3747
f 3271 3747 3745
f 3274 3272 3794
f 3274 3794 3806
f 3273 3275 3763
f 3273 3763 3747
f 3263 3274 3806
f 3263 3806 3820
f 3275 3264 3773
f 3275 3773 3763
f 3276 3277 3278
f 3276 3278 3279
f 3280 3913 3850
f 3280 3850 3281
f 3282 3916 3852
f 3282 3852 3283
f 3284 3898 3842
f 3284 3842 3285
f 3286 3881 3832
f 3286 3832 3287
f 3894 3288 3289
f 3894 3289 3839
f 3279 3278 3290
f 3279 3290 3291
f 3281 3850 3815
f 3281 3815 3292
f 3283 3852 3814
f 3283 3814 3293
f 3285 3842 3807
f 3285 3807 3294
f 3287 3832 3798
f 3287 3798 3295
f 3839 3289 3296
f 3839 3296 3808
f 3973 3217 3277
f 3973 3277 3276
f 3977 3215 3913
f 3977 3913 3280
f 3957 3213 3916
f 3957 3916 3282
f 3211 3210 3898
f 3211 3898 3284
f 3221 3941 3881
f 3221 3881 3286
f 3954 3219 3288
f 3954 3288 3894
f 3297 3298 3299
f 3297 3299 3300
f 3301 3302 3787
f 3301 3787 3781
f 3303 3304 3302
f 3303 3302 3301
f 3305 3306 3298
f 3305 3298 3297
f 3904 3880 3304
f 3904 3304 3303
f 3307 3308 3306
f 3307 3306 3305
f 3880 3307 3305
f 3880 3305 3304
f 3302 3304 3305
f 3302 3305 3297
f 3787 3302 3297
f 3787 3297 3300
f 3309 3310 3311
f 3309 3311 3312
f 3826 3782 3313
f 3826 3313 3314
f 3854 3826 3314
f 3854 3314 3315
f 3316 3309 3312
f 3316 3312 3317
f 3905 3854 3315
f 3905 3315 3318
f 3319 3316 3317
f 3319 3317 3320
f 3318 3315 3316
f 3318 3316 3319
f 3314 3309 3316
f 3314 3316 3315
f 3313 3310 3309
f 3313 3309 3314
f 3321 3322 3783
f 3321 3783 3769
f 3323 3324 3813
f 3323 3813 3845
f 314 3323 3845
f 314 3845 315
f 3322 310 312
f 3322 312 3783
f 3325 3326 3327
f 3325 3327 3328
f 3326 3329 3330
f 3326 3330 3327
f 3329 3331 3332
f 3329 3332 3330
f 3331 3333 3334
f 3331 3334 3332
f 3333 3335 3336
f 3333 3336 3334
f 3335 3337 3338
f 3335 3338 3336
f 3337 3339 3340
f 3337 3340 3338
f 3339 3341 3342
f 3339 3342 3340
f 3341 3343 3344
f 3341 3344 3342
f 3345 3325 3328
f 3345 3328 3346
f 3348 3356 3349
f 3357 3358 3359
f 3357 3359 3360
f 3358 3361 3362
f 3358 3362 3359
f 3361 3363 3364
f 3361 3364 3362
f 3363 3365 3366
f 3363 3366 3364
f 3365 3367 3368
f 3365 3368 3366
f 3367 3369 3370
f 3367 3370 3368
f 3369 3371 3372
f 3369 3372 3370
f 3371 3373 3374
f 3371 3374 3372
f 3373 3375 3376
f 3373 3376 3374
f 3377 3357 3360
f 3377 3360 3378
f 3358 3357 3379
f 3358 3379 3380
f 3361 3358 3380
f 3361 3380 3381
f 3363 3361 3381
f 3363 3381 3382
f 3365 3363 3382
f 3365 3382 3383
f 3367 3365 3383
f 3367 3383 3384
f 3369 3367 3384
f 3369 3384 3385
f 3371 3369 3385
f 3371 3385 3386
f 3373 3371 3386
f 3373 3386 3387
f 3375 3373 3387
f 3375 3387 3388
f 3357 3377 3389
f 3357 3389 3379
f 3380 3379 3390
f 3380 3390 3391
f 3381 3380 3391
f 3381 3391 3392
f 3382 3381 3392
f 3382 3392 3393
f 3383 3382 3393
f 3383 3393 3394
f 3384 3383 3394
f 3384 3394 3395
f 3385 3384 3395
f 3385 3395 3396
f 3386 3385 3396
f 3386 3396 3397
f 3387 3386 3397
f 3387 3397 3398
f 3388 3387 3398
f 3388 3398 3399
f 3379 3389 3400
f 3379 3400 3390
f 4171 3405 3406
f 4171 3406 4165
f 3407 3408 3409
f 3407 3409 3410
f 4156 3413 3414
f 4156 3414 4131
f 4161 4166 4160
f 4161 4160 4146
f 3421 3422 3423
f 3427 3428 3429
f 3427 3429 3430
f 3430 3429 3431
f 3430 3431 3432
f 3432 3431 3433
f 3432 3433 3434
f 3434 3433 3435
f 3434 3435 3436
f 3436 3435 3437
f 3436 3437 3438
f 3438 3437 3439
f 3438 3439 3440
f 3440 3439 3441
f 3440 3441 3442
f 3442 3441 3443
f 3442 3443 3444
f 3444 3443 3445
f 3444 3445 3446
f 3447 3448 3428
f 3447 3428 3427
f 3455 3456 3454
f 3459 3460 3461
f 3459 3461 3462
f 3462 3461 3463
f 3462 3463 3464
f 3464 3463 3465
f 3464 3465 3466
f 3466 3465 3467
f 3466 3467 3468
f 3468 3467 3469
f 3468 3469 3470
f 3470 3469 3471
f 3470 3471 3472
f 3472 3471 3473
f 3472 3473 3474
f 3474 3473 3475
f 3474 3475 3476
f 3476 3475 3477
f 3476 3477 3478
f 3479 3480 3460
f 3479 3460 3459
f 3462 3481 3482
f 3462 3482 3459
f 3464 3483 3481
f 3464 3481 3462
f 3466 3484 3483
f 3466 3483 3464
f 3468 3485 3484
f 3468 3484 3466
f 3470 3486 3485
f 3470 3485 3468
f 3472 3487 3486
f 3472 3486 3470
f 3474 3488 3487
f 3474 3487 3472
f 3476 3489 3488
f 3476 3488 3474
f 3478 3490 3489
f 3478 3489 3476
f 3459 3482 3491
f 3459 3491 3479
f 3481 3492 3493
f 3481 3493 3482
f 3483 3494 3492
f 3483 3492 3481
f 3484 3495 3494
f 3484 3494 3483
f 3485 3496 3495
f 3485 3495 3484
f 3486 3497 3496
f 3486 3496 3485
f 3487 3498 3497
f 3487 3497 3486
f 3488 3499 3498
f 3488 3498 3487
f 3489 3500 3499
f 3489 3499 3488
f 3490 3501 3500
f 3490 3500 3489
f 3482 3493 3502
f 3482 3502 3491
f 4397 4399 3507
f 4397 3507 3508
f 3509 3510 3511
f 3509 3511 3512
f 4404 4417 3515
f 4404 3515 3516
f 4401 4407 4402
f 4401 4402 4398
f 3523 3524 3525
f 3529 3530 3531
f 3533 316 318
f 3533 318 3534
f 3540 320 319
f 3541 3543 3544
f 3545 322 324
f 3545 324 3546
f 3547 3548 3549
f 3550 3549 3551
f 3552 326 325
